{
    "type": "FeatureCollection",
    "features": [
        {
            "type": "Feature",
            "geometry": {
                "type": "Polygon",
                "coordinates": [
                    [
                        [
                            -76.938638,
                            -12.043918
                        ],
                        [
                            -76.938678,
                            -12.043822
                        ],
                        [
                            -76.938943,
                            -12.043927
                        ],
                        [
                            -76.939043,
                            -12.043907
                        ],
                        [
                            -76.939308,
                            -12.043785
                        ],
                        [
                            -76.939167,
                            -12.044128
                        ],
                        [
                            -76.938638,
                            -12.043918
                        ]
                    ]
                ]
            },
            "properties": {
                "DEPARTAMEN": "LIMA",
                "DISTRITO": ""
            },
            "bbox": [
                -76.939308,
                -12.044128,
                -76.938638,
                -12.043785
            ]
        },
        {
            "type": "Feature",
            "geometry": {
                "type": "Polygon",
                "coordinates": [
                    [
                        [
                            -76.93902,
                            -12.04407
                        ],
                        [
                            -76.939008,
                            -12.044099
                        ],
                        [
                            -76.93897,
                            -12.044083
                        ],
                        [
                            -76.938981,
                            -12.044054
                        ],
                        [
                            -76.93902,
                            -12.04407
                        ]
                    ]
                ]
            },
            "properties": {
                "DEPARTAMEN": "LIMA",
                "DISTRITO": ""
            },
            "bbox": [
                -76.93902,
                -12.044099,
                -76.93897,
                -12.044054
            ]
        },
        {
            "type": "Feature",
            "geometry": {
                "type": "Polygon",
                "coordinates": [
                    [
                        [
                            -76.93957,
                            -12.043364
                        ],
                        [
                            -76.940069,
                            -12.042092
                        ],
                        [
                            -76.941454,
                            -12.042642
                        ],
                        [
                            -76.941029,
                            -12.043649
                        ],
                        [
                            -76.940121,
                            -12.043289
                        ],
                        [
                            -76.939912,
                            -12.043354
                        ],
                        [
                            -76.939863,
                            -12.04348
                        ],
                        [
                            -76.93957,
                            -12.043364
                        ]
                    ]
                ]
            },
            "properties": {
                "DEPARTAMEN": "LIMA",
                "DISTRITO": ""
            },
            "bbox": [
                -76.941454,
                -12.043649,
                -76.93957,
                -12.042092
            ]
        },
        {
            "type": "Feature",
            "geometry": {
                "type": "Polygon",
                "coordinates": [
                    [
                        [
                            -76.941454,
                            -12.042642
                        ],
                        [
                            -76.945136,
                            -12.044103
                        ],
                        [
                            -76.944196,
                            -12.046247
                        ],
                        [
                            -76.939221,
                            -12.044252
                        ],
                        [
                            -76.93957,
                            -12.043364
                        ],
                        [
                            -76.939863,
                            -12.04348
                        ],
                        [
                            -76.939912,
                            -12.043354
                        ],
                        [
                            -76.940121,
                            -12.043289
                        ],
                        [
                            -76.941029,
                            -12.043649
                        ],
                        [
                            -76.941454,
                            -12.042642
                        ]
                    ]
                ]
            },
            "properties": {
                "DEPARTAMEN": "LIMA",
                "DISTRITO": ""
            },
            "bbox": [
                -76.945136,
                -12.046247,
                -76.939221,
                -12.042642
            ]
        },
        {
            "type": "Feature",
            "geometry": {
                "type": "Polygon",
                "coordinates": [
                    [
                        [
                            -76.940154,
                            -12.042126
                        ],
                        [
                            -76.940792,
                            -12.040503
                        ],
                        [
                            -76.945213,
                            -12.04225
                        ],
                        [
                            -76.945123,
                            -12.042471
                        ],
                        [
                            -76.945367,
                            -12.043709
                        ],
                        [
                            -76.944431,
                            -12.045871
                        ],
                        [
                            -76.944422,
                            -12.045881
                        ],
                        [
                            -76.944412,
                            -12.045891
                        ],
                        [
                            -76.944402,
                            -12.0459
                        ],
                        [
                            -76.944392,
                            -12.04591
                        ],
                        [
                            -76.944381,
                            -12.045919
                        ],
                        [
                            -76.94437,
                            -12.045927
                        ],
                        [
                            -76.944359,
                            -12.045935
                        ],
                        [
                            -76.944347,
                            -12.045943
                        ],
                        [
                            -76.944335,
                            -12.04595
                        ],
                        [
                            -76.944323,
                            -12.045957
                        ],
                        [
                            -76.945136,
                            -12.044103
                        ],
                        [
                            -76.940154,
                            -12.042126
                        ]
                    ]
                ]
            },
            "properties": {
                "DEPARTAMEN": "LIMA",
                "DISTRITO": ""
            },
            "bbox": [
                -76.945367,
                -12.045957,
                -76.940154,
                -12.040503
            ]
        },
        {
            "type": "Feature",
            "geometry": {
                "type": "Polygon",
                "coordinates": [
                    [
                        [
                            -76.938638,
                            -12.043918
                        ],
                        [
                            -76.938876,
                            -12.044012
                        ],
                        [
                            -76.938858,
                            -12.044055
                        ],
                        [
                            -76.938858,
                            -12.044056
                        ],
                        [
                            -76.938858,
                            -12.044056
                        ],
                        [
                            -76.938857,
                            -12.044056
                        ],
                        [
                            -76.938857,
                            -12.044056
                        ],
                        [
                            -76.938857,
                            -12.044057
                        ],
                        [
                            -76.938857,
                            -12.044057
                        ],
                        [
                            -76.938857,
                            -12.044057
                        ],
                        [
                            -76.938857,
                            -12.044058
                        ],
                        [
                            -76.938856,
                            -12.044058
                        ],
                        [
                            -76.938856,
                            -12.044058
                        ],
                        [
                            -76.938856,
                            -12.044058
                        ],
                        [
                            -76.938856,
                            -12.044058
                        ],
                        [
                            -76.938855,
                            -12.044059
                        ],
                        [
                            -76.938855,
                            -12.044059
                        ],
                        [
                            -76.938855,
                            -12.044059
                        ],
                        [
                            -76.938855,
                            -12.044059
                        ],
                        [
                            -76.938854,
                            -12.044059
                        ],
                        [
                            -76.938854,
                            -12.04406
                        ],
                        [
                            -76.938854,
                            -12.04406
                        ],
                        [
                            -76.938854,
                            -12.04406
                        ],
                        [
                            -76.938853,
                            -12.04406
                        ],
                        [
                            -76.938853,
                            -12.04406
                        ],
                        [
                            -76.938853,
                            -12.04406
                        ],
                        [
                            -76.938852,
                            -12.04406
                        ],
                        [
                            -76.938852,
                            -12.044061
                        ],
                        [
                            -76.938852,
                            -12.044061
                        ],
                        [
                            -76.938852,
                            -12.044061
                        ],
                        [
                            -76.938851,
                            -12.044061
                        ],
                        [
                            -76.938851,
                            -12.044061
                        ],
                        [
                            -76.938851,
                            -12.044061
                        ],
                        [
                            -76.93885,
                            -12.044061
                        ],
                        [
                            -76.93885,
                            -12.044061
                        ],
                        [
                            -76.93885,
                            -12.044061
                        ],
                        [
                            -76.938849,
                            -12.044061
                        ],
                        [
                            -76.938849,
                            -12.044061
                        ],
                        [
                            -76.938849,
                            -12.044061
                        ],
                        [
                            -76.938848,
                            -12.044061
                        ],
                        [
                            -76.938848,
                            -12.044061
                        ],
                        [
                            -76.938848,
                            -12.044061
                        ],
                        [
                            -76.938847,
                            -12.044061
                        ],
                        [
                            -76.938847,
                            -12.044061
                        ],
                        [
                            -76.938847,
                            -12.044061
                        ],
                        [
                            -76.938846,
                            -12.044061
                        ],
                        [
                            -76.938846,
                            -12.04406
                        ],
                        [
                            -76.938846,
                            -12.04406
                        ],
                        [
                            -76.938626,
                            -12.043973
                        ],
                        [
                            -76.938626,
                            -12.043972
                        ],
                        [
                            -76.938625,
                            -12.043972
                        ],
                        [
                            -76.938625,
                            -12.043972
                        ],
                        [
                            -76.938625,
                            -12.043972
                        ],
                        [
                            -76.938624,
                            -12.043972
                        ],
                        [
                            -76.938624,
                            -12.043972
                        ],
                        [
                            -76.938624,
                            -12.043971
                        ],
                        [
                            -76.938624,
                            -12.043971
                        ],
                        [
                            -76.938623,
                            -12.043971
                        ],
                        [
                            -76.938623,
                            -12.043971
                        ],
                        [
                            -76.938623,
                            -12.043971
                        ],
                        [
                            -76.938623,
                            -12.04397
                        ],
                        [
                            -76.938622,
                            -12.04397
                        ],
                        [
                            -76.938622,
                            -12.04397
                        ],
                        [
                            -76.938622,
                            -12.04397
                        ],
                        [
                            -76.938622,
                            -12.043969
                        ],
                        [
                            -76.938622,
                            -12.043969
                        ],
                        [
                            -76.938622,
                            -12.043969
                        ],
                        [
                            -76.938621,
                            -12.043969
                        ],
                        [
                            -76.938621,
                            -12.043968
                        ],
                        [
                            -76.938621,
                            -12.043968
                        ],
                        [
                            -76.938621,
                            -12.043968
                        ],
                        [
                            -76.938621,
                            -12.043968
                        ],
                        [
                            -76.938621,
                            -12.043967
                        ],
                        [
                            -76.938621,
                            -12.043967
                        ],
                        [
                            -76.93862,
                            -12.043967
                        ],
                        [
                            -76.93862,
                            -12.043966
                        ],
                        [
                            -76.93862,
                            -12.043966
                        ],
                        [
                            -76.93862,
                            -12.043966
                        ],
                        [
                            -76.93862,
                            -12.043965
                        ],
                        [
                            -76.93862,
                            -12.043965
                        ],
                        [
                            -76.93862,
                            -12.043965
                        ],
                        [
                            -76.93862,
                            -12.043964
                        ],
                        [
                            -76.93862,
                            -12.043964
                        ],
                        [
                            -76.93862,
                            -12.043964
                        ],
                        [
                            -76.93862,
                            -12.043964
                        ],
                        [
                            -76.93862,
                            -12.043963
                        ],
                        [
                            -76.93862,
                            -12.043963
                        ],
                        [
                            -76.93862,
                            -12.043963
                        ],
                        [
                            -76.93862,
                            -12.043962
                        ],
                        [
                            -76.93862,
                            -12.043962
                        ],
                        [
                            -76.93862,
                            -12.043962
                        ],
                        [
                            -76.938621,
                            -12.043961
                        ],
                        [
                            -76.938621,
                            -12.043961
                        ],
                        [
                            -76.938621,
                            -12.043961
                        ],
                        [
                            -76.938638,
                            -12.043918
                        ]
                    ]
                ]
            },
            "properties": {
                "DEPARTAMEN": "LIMA",
                "DISTRITO": ""
            },
            "bbox": [
                -76.938876,
                -12.044061,
                -76.93862,
                -12.043918
            ]
        },
        {
            "type": "Feature",
            "geometry": {
                "type": "Polygon",
                "coordinates": [
                    [
                        [
                            -76.938441,
                            -12.04414
                        ],
                        [
                            -76.939003,
                            -12.044359
                        ],
                        [
                            -76.938994,
                            -12.044402
                        ],
                        [
                            -76.938958,
                            -12.044398
                        ],
                        [
                            -76.938921,
                            -12.044395
                        ],
                        [
                            -76.938885,
                            -12.044392
                        ],
                        [
                            -76.938848,
                            -12.044391
                        ],
                        [
                            -76.938812,
                            -12.044391
                        ],
                        [
                            -76.938775,
                            -12.044392
                        ],
                        [
                            -76.938409,
                            -12.044247
                        ],
                        [
                            -76.938403,
                            -12.044233
                        ],
                        [
                            -76.938431,
                            -12.044163
                        ],
                        [
                            -76.938441,
                            -12.04414
                        ]
                    ]
                ]
            },
            "properties": {
                "DEPARTAMEN": "LIMA",
                "DISTRITO": ""
            },
            "bbox": [
                -76.939003,
                -12.044402,
                -76.938403,
                -12.04414
            ]
        },
        {
            "type": "Feature",
            "geometry": {
                "type": "Polygon",
                "coordinates": [
                    [
                        [
                            -76.940524,
                            -12.044732
                        ],
                        [
                            -76.939785,
                            -12.04444
                        ],
                        [
                            -76.939785,
                            -12.04444
                        ],
                        [
                            -76.939784,
                            -12.04444
                        ],
                        [
                            -76.939784,
                            -12.044439
                        ],
                        [
                            -76.939784,
                            -12.044439
                        ],
                        [
                            -76.939784,
                            -12.044439
                        ],
                        [
                            -76.939783,
                            -12.044439
                        ],
                        [
                            -76.939783,
                            -12.044438
                        ],
                        [
                            -76.939783,
                            -12.044438
                        ],
                        [
                            -76.939782,
                            -12.044438
                        ],
                        [
                            -76.939782,
                            -12.044438
                        ],
                        [
                            -76.939782,
                            -12.044437
                        ],
                        [
                            -76.939782,
                            -12.044437
                        ],
                        [
                            -76.939782,
                            -12.044437
                        ],
                        [
                            -76.939781,
                            -12.044436
                        ],
                        [
                            -76.939781,
                            -12.044436
                        ],
                        [
                            -76.939781,
                            -12.044436
                        ],
                        [
                            -76.939781,
                            -12.044436
                        ],
                        [
                            -76.939781,
                            -12.044435
                        ],
                        [
                            -76.93978,
                            -12.044435
                        ],
                        [
                            -76.93978,
                            -12.044435
                        ],
                        [
                            -76.93978,
                            -12.044434
                        ],
                        [
                            -76.93978,
                            -12.044434
                        ],
                        [
                            -76.93978,
                            -12.044433
                        ],
                        [
                            -76.93978,
                            -12.044433
                        ],
                        [
                            -76.93978,
                            -12.044433
                        ],
                        [
                            -76.93978,
                            -12.044432
                        ],
                        [
                            -76.93978,
                            -12.044432
                        ],
                        [
                            -76.93978,
                            -12.044432
                        ],
                        [
                            -76.93978,
                            -12.044431
                        ],
                        [
                            -76.93978,
                            -12.044431
                        ],
                        [
                            -76.93978,
                            -12.044431
                        ],
                        [
                            -76.93978,
                            -12.04443
                        ],
                        [
                            -76.93978,
                            -12.04443
                        ],
                        [
                            -76.93978,
                            -12.04443
                        ],
                        [
                            -76.93978,
                            -12.044429
                        ],
                        [
                            -76.93978,
                            -12.044429
                        ],
                        [
                            -76.93978,
                            -12.044428
                        ],
                        [
                            -76.93978,
                            -12.044428
                        ],
                        [
                            -76.939807,
                            -12.044364
                        ],
                        [
                            -76.939823,
                            -12.044328
                        ],
                        [
                            -76.940578,
                            -12.044628
                        ],
                        [
                            -76.940536,
                            -12.044727
                        ],
                        [
                            -76.940535,
                            -12.044728
                        ],
                        [
                            -76.940535,
                            -12.044728
                        ],
                        [
                            -76.940535,
                            -12.044728
                        ],
                        [
                            -76.940535,
                            -12.044729
                        ],
                        [
                            -76.940534,
                            -12.044729
                        ],
                        [
                            -76.940534,
                            -12.044729
                        ],
                        [
                            -76.940534,
                            -12.04473
                        ],
                        [
                            -76.940534,
                            -12.04473
                        ],
                        [
                            -76.940533,
                            -12.04473
                        ],
                        [
                            -76.940533,
                            -12.04473
                        ],
                        [
                            -76.940533,
                            -12.04473
                        ],
                        [
                            -76.940532,
                            -12.044731
                        ],
                        [
                            -76.940532,
                            -12.044731
                        ],
                        [
                            -76.940532,
                            -12.044731
                        ],
                        [
                            -76.940531,
                            -12.044731
                        ],
                        [
                            -76.940531,
                            -12.044731
                        ],
                        [
                            -76.940531,
                            -12.044732
                        ],
                        [
                            -76.94053,
                            -12.044732
                        ],
                        [
                            -76.94053,
                            -12.044732
                        ],
                        [
                            -76.94053,
                            -12.044732
                        ],
                        [
                            -76.940529,
                            -12.044732
                        ],
                        [
                            -76.940529,
                            -12.044732
                        ],
                        [
                            -76.940529,
                            -12.044732
                        ],
                        [
                            -76.940528,
                            -12.044732
                        ],
                        [
                            -76.940528,
                            -12.044733
                        ],
                        [
                            -76.940527,
                            -12.044733
                        ],
                        [
                            -76.940527,
                            -12.044733
                        ],
                        [
                            -76.940527,
                            -12.044733
                        ],
                        [
                            -76.940526,
                            -12.044733
                        ],
                        [
                            -76.940526,
                            -12.044733
                        ],
                        [
                            -76.940526,
                            -12.044733
                        ],
                        [
                            -76.940525,
                            -12.044733
                        ],
                        [
                            -76.940525,
                            -12.044733
                        ],
                        [
                            -76.940524,
                            -12.044732
                        ],
                        [
                            -76.940524,
                            -12.044732
                        ],
                        [
                            -76.940524,
                            -12.044732
                        ]
                    ]
                ]
            },
            "properties": {
                "DEPARTAMEN": "LIMA",
                "DISTRITO": ""
            },
            "bbox": [
                -76.940578,
                -12.044733,
                -76.93978,
                -12.044328
            ]
        },
        {
            "type": "Feature",
            "geometry": {
                "type": "Polygon",
                "coordinates": [
                    [
                        [
                            -77.134231,
                            -12.059693
                        ],
                        [
                            -77.131824,
                            -12.059448
                        ],
                        [
                            -77.130239,
                            -12.059286
                        ],
                        [
                            -77.128117,
                            -12.05907
                        ],
                        [
                            -77.128014,
                            -12.059046
                        ],
                        [
                            -77.127695,
                            -12.058972
                        ],
                        [
                            -77.126728,
                            -12.058856
                        ],
                        [
                            -77.124037,
                            -12.058533
                        ],
                        [
                            -77.123908,
                            -12.058517
                        ],
                        [
                            -77.123742,
                            -12.058497
                        ],
                        [
                            -77.123588,
                            -12.058479
                        ],
                        [
                            -77.123485,
                            -12.058466
                        ],
                        [
                            -77.123385,
                            -12.058454
                        ],
                        [
                            -77.123033,
                            -12.058412
                        ],
                        [
                            -77.122461,
                            -12.058343
                        ],
                        [
                            -77.12174,
                            -12.058258
                        ],
                        [
                            -77.121683,
                            -12.05825
                        ],
                        [
                            -77.12156,
                            -12.058244
                        ],
                        [
                            -77.121477,
                            -12.05818
                        ],
                        [
                            -77.120719,
                            -12.058074
                        ],
                        [
                            -77.119997,
                            -12.057973
                        ],
                        [
                            -77.119741,
                            -12.057935
                        ],
                        [
                            -77.118872,
                            -12.057734
                        ],
                        [
                            -77.117716,
                            -12.057476
                        ],
                        [
                            -77.117651,
                            -12.057486
                        ],
                        [
                            -77.116387,
                            -12.057215
                        ],
                        [
                            -77.11495,
                            -12.056911
                        ],
                        [
                            -77.113652,
                            -12.056643
                        ],
                        [
                            -77.111871,
                            -12.056264
                        ],
                        [
                            -77.110089,
                            -12.055885
                        ],
                        [
                            -77.109205,
                            -12.055705
                        ],
                        [
                            -77.10832,
                            -12.055524
                        ],
                        [
                            -77.107115,
                            -12.055262
                        ],
                        [
                            -77.10591,
                            -12.054999
                        ],
                        [
                            -77.105733,
                            -12.054974
                        ],
                        [
                            -77.104615,
                            -12.054733
                        ],
                        [
                            -77.103497,
                            -12.054492
                        ],
                        [
                            -77.10216,
                            -12.054222
                        ],
                        [
                            -77.101227,
                            -12.054053
                        ],
                        [
                            -77.100309,
                            -12.053886
                        ],
                        [
                            -77.099924,
                            -12.053821
                        ],
                        [
                            -77.098855,
                            -12.053632
                        ],
                        [
                            -77.098047,
                            -12.053489
                        ],
                        [
                            -77.098,
                            -12.053477
                        ],
                        [
                            -77.097341,
                            -12.053408
                        ],
                        [
                            -77.092451,
                            -12.052526
                        ],
                        [
                            -77.08756,
                            -12.051643
                        ],
                        [
                            -77.078422,
                            -12.04999
                        ],
                        [
                            -77.077712,
                            -12.048852
                        ],
                        [
                            -77.077874,
                            -12.046673
                        ],
                        [
                            -77.079713,
                            -12.046835
                        ],
                        [
                            -77.098295,
                            -12.048494
                        ],
                        [
                            -77.098414,
                            -12.047442
                        ],
                        [
                            -77.098545,
                            -12.046248
                        ],
                        [
                            -77.09864,
                            -12.045204
                        ],
                        [
                            -77.098751,
                            -12.043924
                        ],
                        [
                            -77.098907,
                            -12.042113
                        ],
                        [
                            -77.099064,
                            -12.040302
                        ],
                        [
                            -77.09913,
                            -12.039535
                        ],
                        [
                            -77.098663,
                            -12.039423
                        ],
                        [
                            -77.098197,
                            -12.039311
                        ],
                        [
                            -77.097606,
                            -12.039112
                        ],
                        [
                            -77.097016,
                            -12.038912
                        ],
                        [
                            -77.096514,
                            -12.038853
                        ],
                        [
                            -77.096024,
                            -12.038781
                        ],
                        [
                            -77.095357,
                            -12.038779
                        ],
                        [
                            -77.095168,
                            -12.038818
                        ],
                        [
                            -77.094964,
                            -12.038841
                        ],
                        [
                            -77.09463,
                            -12.038811
                        ],
                        [
                            -77.094281,
                            -12.038767
                        ],
                        [
                            -77.094032,
                            -12.03872
                        ],
                        [
                            -77.093862,
                            -12.038674
                        ],
                        [
                            -77.093766,
                            -12.038661
                        ],
                        [
                            -77.093426,
                            -12.038621
                        ],
                        [
                            -77.093607,
                            -12.037537
                        ],
                        [
                            -77.093491,
                            -12.036276
                        ],
                        [
                            -77.095122,
                            -12.036656
                        ],
                        [
                            -77.094994,
                            -12.034258
                        ],
                        [
                            -77.096239,
                            -12.033667
                        ],
                        [
                            -77.094435,
                            -12.029991
                        ],
                        [
                            -77.094001,
                            -12.030034
                        ],
                        [
                            -77.093606,
                            -12.029098
                        ],
                        [
                            -77.092687,
                            -12.026968
                        ],
                        [
                            -77.090644,
                            -12.023037
                        ],
                        [
                            -77.091473,
                            -12.022616
                        ],
                        [
                            -77.091468,
                            -12.022606
                        ],
                        [
                            -77.091028,
                            -12.021731
                        ],
                        [
                            -77.090588,
                            -12.020855
                        ],
                        [
                            -77.090423,
                            -12.020557
                        ],
                        [
                            -77.090392,
                            -12.020202
                        ],
                        [
                            -77.090327,
                            -12.020018
                        ],
                        [
                            -77.090263,
                            -12.019833
                        ],
                        [
                            -77.090244,
                            -12.019783
                        ],
                        [
                            -77.09023,
                            -12.01976
                        ],
                        [
                            -77.090216,
                            -12.019737
                        ],
                        [
                            -77.090178,
                            -12.019698
                        ],
                        [
                            -77.090132,
                            -12.019666
                        ],
                        [
                            -77.090081,
                            -12.019646
                        ],
                        [
                            -77.089095,
                            -12.017962
                        ],
                        [
                            -77.088723,
                            -12.017321
                        ],
                        [
                            -77.088619,
                            -12.017137
                        ],
                        [
                            -77.088371,
                            -12.016816
                        ],
                        [
                            -77.088125,
                            -12.016496
                        ],
                        [
                            -77.087812,
                            -12.016172
                        ],
                        [
                            -77.087547,
                            -12.016035
                        ],
                        [
                            -77.08734,
                            -12.015925
                        ],
                        [
                            -77.087296,
                            -12.015893
                        ],
                        [
                            -77.087242,
                            -12.015831
                        ],
                        [
                            -77.087205,
                            -12.015759
                        ],
                        [
                            -77.087187,
                            -12.01568
                        ],
                        [
                            -77.08719,
                            -12.015598
                        ],
                        [
                            -77.087389,
                            -12.015061
                        ],
                        [
                            -77.087588,
                            -12.014524
                        ],
                        [
                            -77.089281,
                            -12.011906
                        ],
                        [
                            -77.090023,
                            -12.011909
                        ],
                        [
                            -77.09003,
                            -12.011651
                        ],
                        [
                            -77.090825,
                            -12.011724
                        ],
                        [
                            -77.091579,
                            -12.010247
                        ],
                        [
                            -77.091579,
                            -12.009483
                        ],
                        [
                            -77.092622,
                            -12.009541
                        ],
                        [
                            -77.093534,
                            -12.009981
                        ],
                        [
                            -77.094214,
                            -12.008677
                        ],
                        [
                            -77.094053,
                            -12.008594
                        ],
                        [
                            -77.094271,
                            -12.008082
                        ],
                        [
                            -77.093821,
                            -12.007866
                        ],
                        [
                            -77.094159,
                            -12.007197
                        ],
                        [
                            -77.094496,
                            -12.006529
                        ],
                        [
                            -77.093964,
                            -12.0063
                        ],
                        [
                            -77.09419,
                            -12.005796
                        ],
                        [
                            -77.094361,
                            -12.005872
                        ],
                        [
                            -77.095074,
                            -12.005348
                        ],
                        [
                            -77.095788,
                            -12.004825
                        ],
                        [
                            -77.096044,
                            -12.005332
                        ],
                        [
                            -77.096299,
                            -12.005839
                        ],
                        [
                            -77.097189,
                            -12.005909
                        ],
                        [
                            -77.09745,
                            -12.00603
                        ],
                        [
                            -77.097784,
                            -12.005731
                        ],
                        [
                            -77.098353,
                            -12.005127
                        ],
                        [
                            -77.09834,
                            -12.005094
                        ],
                        [
                            -77.098115,
                            -12.004515
                        ],
                        [
                            -77.099577,
                            -12.004281
                        ],
                        [
                            -77.100092,
                            -12.003895
                        ],
                        [
                            -77.100184,
                            -12.003935
                        ],
                        [
                            -77.101161,
                            -12.002019
                        ],
                        [
                            -77.102138,
                            -12.000103
                        ],
                        [
                            -77.102211,
                            -11.999963
                        ],
                        [
                            -77.102295,
                            -11.999836
                        ],
                        [
                            -77.102534,
                            -11.999518
                        ],
                        [
                            -77.102684,
                            -11.998367
                        ],
                        [
                            -77.103136,
                            -11.998198
                        ],
                        [
                            -77.103849,
                            -11.999211
                        ],
                        [
                            -77.104563,
                            -12.000224
                        ],
                        [
                            -77.104671,
                            -12.000169
                        ],
                        [
                            -77.104974,
                            -12.000058
                        ],
                        [
                            -77.104741,
                            -11.999556
                        ],
                        [
                            -77.10567,
                            -11.999237
                        ],
                        [
                            -77.105685,
                            -11.999281
                        ],
                        [
                            -77.106608,
                            -11.998938
                        ],
                        [
                            -77.10683,
                            -11.998529
                        ],
                        [
                            -77.107052,
                            -11.998119
                        ],
                        [
                            -77.107099,
                            -11.998023
                        ],
                        [
                            -77.107145,
                            -11.997927
                        ],
                        [
                            -77.107304,
                            -11.997639
                        ],
                        [
                            -77.107749,
                            -11.996818
                        ],
                        [
                            -77.108204,
                            -11.996968
                        ],
                        [
                            -77.108905,
                            -11.996892
                        ],
                        [
                            -77.109605,
                            -11.996816
                        ],
                        [
                            -77.109616,
                            -11.996841
                        ],
                        [
                            -77.109784,
                            -11.997243
                        ],
                        [
                            -77.109963,
                            -11.997669
                        ],
                        [
                            -77.110504,
                            -11.997241
                        ],
                        [
                            -77.110818,
                            -11.996993
                        ],
                        [
                            -77.111046,
                            -11.996813
                        ],
                        [
                            -77.111545,
                            -11.997097
                        ],
                        [
                            -77.112045,
                            -11.997381
                        ],
                        [
                            -77.112545,
                            -11.997188
                        ],
                        [
                            -77.113046,
                            -11.996995
                        ],
                        [
                            -77.113415,
                            -11.996853
                        ],
                        [
                            -77.113715,
                            -11.996738
                        ],
                        [
                            -77.11405,
                            -11.996614
                        ],
                        [
                            -77.114159,
                            -11.996613
                        ],
                        [
                            -77.115033,
                            -11.996207
                        ],
                        [
                            -77.115906,
                            -11.995801
                        ],
                        [
                            -77.11608,
                            -11.995696
                        ],
                        [
                            -77.117073,
                            -11.995086
                        ],
                        [
                            -77.118066,
                            -11.994475
                        ],
                        [
                            -77.118061,
                            -11.994458
                        ],
                        [
                            -77.118051,
                            -11.994423
                        ],
                        [
                            -77.118044,
                            -11.994388
                        ],
                        [
                            -77.118039,
                            -11.994361
                        ],
                        [
                            -77.118038,
                            -11.994343
                        ],
                        [
                            -77.118038,
                            -11.994258
                        ],
                        [
                            -77.11803,
                            -11.994215
                        ],
                        [
                            -77.118022,
                            -11.994172
                        ],
                        [
                            -77.118026,
                            -11.994141
                        ],
                        [
                            -77.118034,
                            -11.994096
                        ],
                        [
                            -77.118046,
                            -11.994052
                        ],
                        [
                            -77.118061,
                            -11.99401
                        ],
                        [
                            -77.11808,
                            -11.993969
                        ],
                        [
                            -77.118093,
                            -11.993945
                        ],
                        [
                            -77.118143,
                            -11.993869
                        ],
                        [
                            -77.118268,
                            -11.993683
                        ],
                        [
                            -77.118344,
                            -11.993574
                        ],
                        [
                            -77.118367,
                            -11.993549
                        ],
                        [
                            -77.118404,
                            -11.993486
                        ],
                        [
                            -77.118422,
                            -11.993417
                        ],
                        [
                            -77.118422,
                            -11.99327
                        ],
                        [
                            -77.117506,
                            -11.993551
                        ],
                        [
                            -77.116589,
                            -11.993832
                        ],
                        [
                            -77.116236,
                            -11.993232
                        ],
                        [
                            -77.115883,
                            -11.992633
                        ],
                        [
                            -77.116208,
                            -11.992533
                        ],
                        [
                            -77.116533,
                            -11.992433
                        ],
                        [
                            -77.116751,
                            -11.992192
                        ],
                        [
                            -77.116969,
                            -11.991952
                        ],
                        [
                            -77.116767,
                            -11.991612
                        ],
                        [
                            -77.116565,
                            -11.991271
                        ],
                        [
                            -77.116538,
                            -11.991208
                        ],
                        [
                            -77.116524,
                            -11.991116
                        ],
                        [
                            -77.116538,
                            -11.991025
                        ],
                        [
                            -77.116564,
                            -11.990962
                        ],
                        [
                            -77.116622,
                            -11.990888
                        ],
                        [
                            -77.116899,
                            -11.99071
                        ],
                        [
                            -77.117177,
                            -11.990531
                        ],
                        [
                            -77.11709,
                            -11.990281
                        ],
                        [
                            -77.117075,
                            -11.990189
                        ],
                        [
                            -77.117042,
                            -11.990103
                        ],
                        [
                            -77.116996,
                            -11.990023
                        ],
                        [
                            -77.116934,
                            -11.989954
                        ],
                        [
                            -77.116851,
                            -11.989812
                        ],
                        [
                            -77.116798,
                            -11.989741
                        ],
                        [
                            -77.116745,
                            -11.98967
                        ],
                        [
                            -77.116683,
                            -11.9896
                        ],
                        [
                            -77.116615,
                            -11.989506
                        ],
                        [
                            -77.116548,
                            -11.989384
                        ],
                        [
                            -77.116499,
                            -11.989254
                        ],
                        [
                            -77.116465,
                            -11.989097
                        ],
                        [
                            -77.116401,
                            -11.988871
                        ],
                        [
                            -77.116365,
                            -11.988736
                        ],
                        [
                            -77.116307,
                            -11.988585
                        ],
                        [
                            -77.116233,
                            -11.988441
                        ],
                        [
                            -77.116131,
                            -11.988285
                        ],
                        [
                            -77.116066,
                            -11.988162
                        ],
                        [
                            -77.116017,
                            -11.988032
                        ],
                        [
                            -77.115972,
                            -11.987805
                        ],
                        [
                            -77.116114,
                            -11.987808
                        ],
                        [
                            -77.116182,
                            -11.987794
                        ],
                        [
                            -77.116245,
                            -11.987763
                        ],
                        [
                            -77.11628,
                            -11.987733
                        ],
                        [
                            -77.116279,
                            -11.987621
                        ],
                        [
                            -77.116278,
                            -11.987509
                        ],
                        [
                            -77.116257,
                            -11.987428
                        ],
                        [
                            -77.116089,
                            -11.987154
                        ],
                        [
                            -77.115808,
                            -11.986705
                        ],
                        [
                            -77.115564,
                            -11.986319
                        ],
                        [
                            -77.115414,
                            -11.986084
                        ],
                        [
                            -77.11529,
                            -11.985888
                        ],
                        [
                            -77.115157,
                            -11.985676
                        ],
                        [
                            -77.115099,
                            -11.985564
                        ],
                        [
                            -77.114901,
                            -11.985185
                        ],
                        [
                            -77.114688,
                            -11.984793
                        ],
                        [
                            -77.114496,
                            -11.984482
                        ],
                        [
                            -77.114376,
                            -11.984296
                        ],
                        [
                            -77.114226,
                            -11.984076
                        ],
                        [
                            -77.114076,
                            -11.983855
                        ],
                        [
                            -77.113963,
                            -11.983685
                        ],
                        [
                            -77.113765,
                            -11.98339
                        ],
                        [
                            -77.113671,
                            -11.983256
                        ],
                        [
                            -77.113596,
                            -11.983177
                        ],
                        [
                            -77.113534,
                            -11.983126
                        ],
                        [
                            -77.11334,
                            -11.982965
                        ],
                        [
                            -77.113099,
                            -11.982768
                        ],
                        [
                            -77.113068,
                            -11.982732
                        ],
                        [
                            -77.113017,
                            -11.982654
                        ],
                        [
                            -77.112989,
                            -11.982589
                        ],
                        [
                            -77.11297,
                            -11.982523
                        ],
                        [
                            -77.112878,
                            -11.982286
                        ],
                        [
                            -77.112786,
                            -11.982048
                        ],
                        [
                            -77.112731,
                            -11.981918
                        ],
                        [
                            -77.112677,
                            -11.981788
                        ],
                        [
                            -77.112664,
                            -11.981743
                        ],
                        [
                            -77.112666,
                            -11.981696
                        ],
                        [
                            -77.112796,
                            -11.980902
                        ],
                        [
                            -77.112925,
                            -11.980109
                        ],
                        [
                            -77.112926,
                            -11.980028
                        ],
                        [
                            -77.112914,
                            -11.979948
                        ],
                        [
                            -77.112877,
                            -11.979846
                        ],
                        [
                            -77.112843,
                            -11.979787
                        ],
                        [
                            -77.112128,
                            -11.978943
                        ],
                        [
                            -77.111413,
                            -11.978098
                        ],
                        [
                            -77.111137,
                            -11.977783
                        ],
                        [
                            -77.110763,
                            -11.977351
                        ],
                        [
                            -77.110665,
                            -11.977233
                        ],
                        [
                            -77.110629,
                            -11.977192
                        ],
                        [
                            -77.11061,
                            -11.977142
                        ],
                        [
                            -77.110611,
                            -11.977088
                        ],
                        [
                            -77.110631,
                            -11.977036
                        ],
                        [
                            -77.110751,
                            -11.976827
                        ],
                        [
                            -77.110922,
                            -11.976536
                        ],
                        [
                            -77.111073,
                            -11.976505
                        ],
                        [
                            -77.11195,
                            -11.976338
                        ],
                        [
                            -77.112827,
                            -11.976171
                        ],
                        [
                            -77.11238,
                            -11.975641
                        ],
                        [
                            -77.111933,
                            -11.975111
                        ],
                        [
                            -77.11208,
                            -11.975002
                        ],
                        [
                            -77.112247,
                            -11.974882
                        ],
                        [
                            -77.112497,
                            -11.974685
                        ],
                        [
                            -77.112441,
                            -11.974547
                        ],
                        [
                            -77.112357,
                            -11.974377
                        ],
                        [
                            -77.112257,
                            -11.974215
                        ],
                        [
                            -77.112177,
                            -11.974104
                        ],
                        [
                            -77.112053,
                            -11.973959
                        ],
                        [
                            -77.111937,
                            -11.973844
                        ],
                        [
                            -77.111812,
                            -11.973737
                        ],
                        [
                            -77.111663,
                            -11.973631
                        ],
                        [
                            -77.111987,
                            -11.973309
                        ],
                        [
                            -77.11231,
                            -11.972987
                        ],
                        [
                            -77.112617,
                            -11.972759
                        ],
                        [
                            -77.112924,
                            -11.97253
                        ],
                        [
                            -77.113013,
                            -11.972466
                        ],
                        [
                            -77.113177,
                            -11.972367
                        ],
                        [
                            -77.113375,
                            -11.972272
                        ],
                        [
                            -77.113555,
                            -11.972206
                        ],
                        [
                            -77.113737,
                            -11.972157
                        ],
                        [
                            -77.113846,
                            -11.972146
                        ],
                        [
                            -77.113956,
                            -11.972128
                        ],
                        [
                            -77.114141,
                            -11.972079
                        ],
                        [
                            -77.114296,
                            -11.97202
                        ],
                        [
                            -77.114466,
                            -11.971933
                        ],
                        [
                            -77.114653,
                            -11.971807
                        ],
                        [
                            -77.114814,
                            -11.971674
                        ],
                        [
                            -77.114975,
                            -11.971541
                        ],
                        [
                            -77.115244,
                            -11.971293
                        ],
                        [
                            -77.11544,
                            -11.971084
                        ],
                        [
                            -77.115674,
                            -11.970838
                        ],
                        [
                            -77.115772,
                            -11.97079
                        ],
                        [
                            -77.115826,
                            -11.970781
                        ],
                        [
                            -77.115881,
                            -11.970784
                        ],
                        [
                            -77.116106,
                            -11.970852
                        ],
                        [
                            -77.116261,
                            -11.970952
                        ],
                        [
                            -77.116315,
                            -11.970966
                        ],
                        [
                            -77.11637,
                            -11.970963
                        ],
                        [
                            -77.116421,
                            -11.970945
                        ],
                        [
                            -77.116628,
                            -11.970786
                        ],
                        [
                            -77.116881,
                            -11.970598
                        ],
                        [
                            -77.116934,
                            -11.970603
                        ],
                        [
                            -77.116982,
                            -11.970653
                        ],
                        [
                            -77.117082,
                            -11.970811
                        ],
                        [
                            -77.117183,
                            -11.970968
                        ],
                        [
                            -77.117363,
                            -11.971183
                        ],
                        [
                            -77.117448,
                            -11.97126
                        ],
                        [
                            -77.117498,
                            -11.971282
                        ],
                        [
                            -77.117585,
                            -11.971349
                        ],
                        [
                            -77.117631,
                            -11.971416
                        ],
                        [
                            -77.117663,
                            -11.971486
                        ],
                        [
                            -77.117733,
                            -11.97159
                        ],
                        [
                            -77.117754,
                            -11.971364
                        ],
                        [
                            -77.117776,
                            -11.971115
                        ],
                        [
                            -77.117765,
                            -11.970887
                        ],
                        [
                            -77.117745,
                            -11.970765
                        ],
                        [
                            -77.117674,
                            -11.970416
                        ],
                        [
                            -77.117537,
                            -11.970031
                        ],
                        [
                            -77.11732,
                            -11.969406
                        ],
                        [
                            -77.117188,
                            -11.96907
                        ],
                        [
                            -77.117096,
                            -11.968873
                        ],
                        [
                            -77.11707,
                            -11.968776
                        ],
                        [
                            -77.116988,
                            -11.968426
                        ],
                        [
                            -77.116933,
                            -11.968089
                        ],
                        [
                            -77.116946,
                            -11.967877
                        ],
                        [
                            -77.11694,
                            -11.967574
                        ],
                        [
                            -77.11697,
                            -11.967323
                        ],
                        [
                            -77.11694,
                            -11.96696
                        ],
                        [
                            -77.116901,
                            -11.966797
                        ],
                        [
                            -77.116891,
                            -11.966636
                        ],
                        [
                            -77.116908,
                            -11.966467
                        ],
                        [
                            -77.116899,
                            -11.966296
                        ],
                        [
                            -77.116882,
                            -11.966048
                        ],
                        [
                            -77.11692,
                            -11.965891
                        ],
                        [
                            -77.116958,
                            -11.965733
                        ],
                        [
                            -77.117028,
                            -11.965512
                        ],
                        [
                            -77.117082,
                            -11.965398
                        ],
                        [
                            -77.117137,
                            -11.965283
                        ],
                        [
                            -77.117415,
                            -11.964945
                        ],
                        [
                            -77.1176,
                            -11.96478
                        ],
                        [
                            -77.117695,
                            -11.964731
                        ],
                        [
                            -77.117756,
                            -11.96468
                        ],
                        [
                            -77.117776,
                            -11.964483
                        ],
                        [
                            -77.117761,
                            -11.964363
                        ],
                        [
                            -77.117767,
                            -11.964259
                        ],
                        [
                            -77.117777,
                            -11.964002
                        ],
                        [
                            -77.11778,
                            -11.963849
                        ],
                        [
                            -77.117759,
                            -11.963657
                        ],
                        [
                            -77.117736,
                            -11.963519
                        ],
                        [
                            -77.117745,
                            -11.963404
                        ],
                        [
                            -77.117691,
                            -11.963252
                        ],
                        [
                            -77.117612,
                            -11.963058
                        ],
                        [
                            -77.117492,
                            -11.962768
                        ],
                        [
                            -77.117372,
                            -11.962478
                        ],
                        [
                            -77.11734,
                            -11.962368
                        ],
                        [
                            -77.117348,
                            -11.962315
                        ],
                        [
                            -77.117375,
                            -11.962269
                        ],
                        [
                            -77.117483,
                            -11.96217
                        ],
                        [
                            -77.117743,
                            -11.962095
                        ],
                        [
                            -77.11788,
                            -11.962015
                        ],
                        [
                            -77.117972,
                            -11.961832
                        ],
                        [
                            -77.118,
                            -11.961716
                        ],
                        [
                            -77.118004,
                            -11.961609
                        ],
                        [
                            -77.118113,
                            -11.96128
                        ],
                        [
                            -77.118195,
                            -11.961213
                        ],
                        [
                            -77.118401,
                            -11.961203
                        ],
                        [
                            -77.11848,
                            -11.961111
                        ],
                        [
                            -77.118514,
                            -11.960969
                        ],
                        [
                            -77.11854,
                            -11.960674
                        ],
                        [
                            -77.118552,
                            -11.960545
                        ],
                        [
                            -77.118574,
                            -11.960406
                        ],
                        [
                            -77.118607,
                            -11.959959
                        ],
                        [
                            -77.118604,
                            -11.959694
                        ],
                        [
                            -77.118546,
                            -11.959552
                        ],
                        [
                            -77.118412,
                            -11.959373
                        ],
                        [
                            -77.118282,
                            -11.959197
                        ],
                        [
                            -77.118219,
                            -11.959077
                        ],
                        [
                            -77.118181,
                            -11.958966
                        ],
                        [
                            -77.118193,
                            -11.958811
                        ],
                        [
                            -77.118205,
                            -11.958656
                        ],
                        [
                            -77.118249,
                            -11.958324
                        ],
                        [
                            -77.118286,
                            -11.958078
                        ],
                        [
                            -77.118301,
                            -11.957773
                        ],
                        [
                            -77.118197,
                            -11.957471
                        ],
                        [
                            -77.11814,
                            -11.957375
                        ],
                        [
                            -77.118055,
                            -11.957097
                        ],
                        [
                            -77.117974,
                            -11.956939
                        ],
                        [
                            -77.117997,
                            -11.956797
                        ],
                        [
                            -77.118081,
                            -11.95658
                        ],
                        [
                            -77.118231,
                            -11.956405
                        ],
                        [
                            -77.118357,
                            -11.956266
                        ],
                        [
                            -77.118447,
                            -11.956143
                        ],
                        [
                            -77.118617,
                            -11.955814
                        ],
                        [
                            -77.1189,
                            -11.955514
                        ],
                        [
                            -77.119008,
                            -11.95544
                        ],
                        [
                            -77.119144,
                            -11.955314
                        ],
                        [
                            -77.119382,
                            -11.954995
                        ],
                        [
                            -77.119539,
                            -11.954723
                        ],
                        [
                            -77.119722,
                            -11.95465
                        ],
                        [
                            -77.119866,
                            -11.954564
                        ],
                        [
                            -77.119983,
                            -11.954525
                        ],
                        [
                            -77.120185,
                            -11.954427
                        ],
                        [
                            -77.120303,
                            -11.954397
                        ],
                        [
                            -77.120364,
                            -11.954353
                        ],
                        [
                            -77.120411,
                            -11.954237
                        ],
                        [
                            -77.120443,
                            -11.954094
                        ],
                        [
                            -77.120429,
                            -11.953851
                        ],
                        [
                            -77.120522,
                            -11.95354
                        ],
                        [
                            -77.120577,
                            -11.953436
                        ],
                        [
                            -77.120584,
                            -11.953335
                        ],
                        [
                            -77.120633,
                            -11.953211
                        ],
                        [
                            -77.120723,
                            -11.95303
                        ],
                        [
                            -77.12077,
                            -11.952972
                        ],
                        [
                            -77.120754,
                            -11.95287
                        ],
                        [
                            -77.120664,
                            -11.952761
                        ],
                        [
                            -77.120616,
                            -11.952679
                        ],
                        [
                            -77.120587,
                            -11.95259
                        ],
                        [
                            -77.120646,
                            -11.952326
                        ],
                        [
                            -77.120696,
                            -11.952041
                        ],
                        [
                            -77.120697,
                            -11.951955
                        ],
                        [
                            -77.120604,
                            -11.951826
                        ],
                        [
                            -77.120536,
                            -11.951648
                        ],
                        [
                            -77.120483,
                            -11.951536
                        ],
                        [
                            -77.120416,
                            -11.951368
                        ],
                        [
                            -77.120361,
                            -11.951252
                        ],
                        [
                            -77.120308,
                            -11.951145
                        ],
                        [
                            -77.120253,
                            -11.951048
                        ],
                        [
                            -77.12025,
                            -11.95095
                        ],
                        [
                            -77.120269,
                            -11.950845
                        ],
                        [
                            -77.120339,
                            -11.95074
                        ],
                        [
                            -77.120443,
                            -11.95051
                        ],
                        [
                            -77.120533,
                            -11.950321
                        ],
                        [
                            -77.120651,
                            -11.950167
                        ],
                        [
                            -77.120707,
                            -11.950058
                        ],
                        [
                            -77.120885,
                            -11.949839
                        ],
                        [
                            -77.12109,
                            -11.949643
                        ],
                        [
                            -77.121191,
                            -11.949602
                        ],
                        [
                            -77.121345,
                            -11.949444
                        ],
                        [
                            -77.121486,
                            -11.949357
                        ],
                        [
                            -77.121589,
                            -11.949271
                        ],
                        [
                            -77.12174,
                            -11.949175
                        ],
                        [
                            -77.121862,
                            -11.949078
                        ],
                        [
                            -77.122011,
                            -11.948967
                        ],
                        [
                            -77.122173,
                            -11.948754
                        ],
                        [
                            -77.122282,
                            -11.948665
                        ],
                        [
                            -77.122337,
                            -11.948609
                        ],
                        [
                            -77.122408,
                            -11.948567
                        ],
                        [
                            -77.122541,
                            -11.948517
                        ],
                        [
                            -77.122625,
                            -11.948458
                        ],
                        [
                            -77.122681,
                            -11.948363
                        ],
                        [
                            -77.122716,
                            -11.948253
                        ],
                        [
                            -77.122729,
                            -11.948074
                        ],
                        [
                            -77.122775,
                            -11.947986
                        ],
                        [
                            -77.122844,
                            -11.947797
                        ],
                        [
                            -77.122954,
                            -11.947564
                        ],
                        [
                            -77.123004,
                            -11.947453
                        ],
                        [
                            -77.123115,
                            -11.947272
                        ],
                        [
                            -77.123147,
                            -11.947205
                        ],
                        [
                            -77.123193,
                            -11.947145
                        ],
                        [
                            -77.123287,
                            -11.947009
                        ],
                        [
                            -77.123328,
                            -11.946972
                        ],
                        [
                            -77.123436,
                            -11.946851
                        ],
                        [
                            -77.123488,
                            -11.946813
                        ],
                        [
                            -77.123632,
                            -11.946724
                        ],
                        [
                            -77.123692,
                            -11.946673
                        ],
                        [
                            -77.123761,
                            -11.946632
                        ],
                        [
                            -77.123881,
                            -11.946585
                        ],
                        [
                            -77.124034,
                            -11.946477
                        ],
                        [
                            -77.124108,
                            -11.946465
                        ],
                        [
                            -77.124242,
                            -11.946411
                        ],
                        [
                            -77.124416,
                            -11.946381
                        ],
                        [
                            -77.124584,
                            -11.946395
                        ],
                        [
                            -77.124659,
                            -11.946398
                        ],
                        [
                            -77.124794,
                            -11.946421
                        ],
                        [
                            -77.124918,
                            -11.946461
                        ],
                        [
                            -77.125067,
                            -11.946443
                        ],
                        [
                            -77.125155,
                            -11.946416
                        ],
                        [
                            -77.1253,
                            -11.946339
                        ],
                        [
                            -77.125431,
                            -11.946174
                        ],
                        [
                            -77.125469,
                            -11.946047
                        ],
                        [
                            -77.125489,
                            -11.945912
                        ],
                        [
                            -77.125557,
                            -11.945725
                        ],
                        [
                            -77.125611,
                            -11.945639
                        ],
                        [
                            -77.125647,
                            -11.945556
                        ],
                        [
                            -77.125686,
                            -11.945505
                        ],
                        [
                            -77.125748,
                            -11.945459
                        ],
                        [
                            -77.125848,
                            -11.945415
                        ],
                        [
                            -77.125918,
                            -11.9454
                        ],
                        [
                            -77.126045,
                            -11.945352
                        ],
                        [
                            -77.126133,
                            -11.945331
                        ],
                        [
                            -77.126199,
                            -11.945222
                        ],
                        [
                            -77.12622,
                            -11.945019
                        ],
                        [
                            -77.126246,
                            -11.944935
                        ],
                        [
                            -77.126281,
                            -11.94479
                        ],
                        [
                            -77.12629,
                            -11.944696
                        ],
                        [
                            -77.126354,
                            -11.944496
                        ],
                        [
                            -77.126426,
                            -11.944354
                        ],
                        [
                            -77.126484,
                            -11.94429
                        ],
                        [
                            -77.126547,
                            -11.94417
                        ],
                        [
                            -77.126692,
                            -11.944043
                        ],
                        [
                            -77.126719,
                            -11.943986
                        ],
                        [
                            -77.126728,
                            -11.943927
                        ],
                        [
                            -77.126768,
                            -11.943744
                        ],
                        [
                            -77.126807,
                            -11.943574
                        ],
                        [
                            -77.126829,
                            -11.943519
                        ],
                        [
                            -77.126927,
                            -11.943394
                        ],
                        [
                            -77.127047,
                            -11.943234
                        ],
                        [
                            -77.127197,
                            -11.943076
                        ],
                        [
                            -77.127231,
                            -11.943011
                        ],
                        [
                            -77.127299,
                            -11.942914
                        ],
                        [
                            -77.127439,
                            -11.942731
                        ],
                        [
                            -77.127493,
                            -11.942623
                        ],
                        [
                            -77.127594,
                            -11.942468
                        ],
                        [
                            -77.127621,
                            -11.942402
                        ],
                        [
                            -77.127653,
                            -11.942347
                        ],
                        [
                            -77.127651,
                            -11.942335
                        ],
                        [
                            -77.127603,
                            -11.942167
                        ],
                        [
                            -77.127567,
                            -11.941959
                        ],
                        [
                            -77.127566,
                            -11.941832
                        ],
                        [
                            -77.12756,
                            -11.941773
                        ],
                        [
                            -77.127554,
                            -11.941667
                        ],
                        [
                            -77.127557,
                            -11.941518
                        ],
                        [
                            -77.127554,
                            -11.941336
                        ],
                        [
                            -77.127594,
                            -11.94116
                        ],
                        [
                            -77.127559,
                            -11.941014
                        ],
                        [
                            -77.127558,
                            -11.940928
                        ],
                        [
                            -77.127575,
                            -11.940844
                        ],
                        [
                            -77.127609,
                            -11.940778
                        ],
                        [
                            -77.12766,
                            -11.940638
                        ],
                        [
                            -77.127686,
                            -11.940514
                        ],
                        [
                            -77.127735,
                            -11.940298
                        ],
                        [
                            -77.127763,
                            -11.940208
                        ],
                        [
                            -77.1278,
                            -11.940139
                        ],
                        [
                            -77.127869,
                            -11.940037
                        ],
                        [
                            -77.127918,
                            -11.939898
                        ],
                        [
                            -77.127932,
                            -11.939813
                        ],
                        [
                            -77.127963,
                            -11.939707
                        ],
                        [
                            -77.127995,
                            -11.939636
                        ],
                        [
                            -77.128011,
                            -11.939555
                        ],
                        [
                            -77.128014,
                            -11.939461
                        ],
                        [
                            -77.128012,
                            -11.939346
                        ],
                        [
                            -77.128037,
                            -11.939179
                        ],
                        [
                            -77.128061,
                            -11.939125
                        ],
                        [
                            -77.128114,
                            -11.93901
                        ],
                        [
                            -77.128194,
                            -11.938903
                        ],
                        [
                            -77.128314,
                            -11.938725
                        ],
                        [
                            -77.128361,
                            -11.938631
                        ],
                        [
                            -77.12838,
                            -11.938541
                        ],
                        [
                            -77.128452,
                            -11.938361
                        ],
                        [
                            -77.12847,
                            -11.938241
                        ],
                        [
                            -77.128424,
                            -11.938049
                        ],
                        [
                            -77.128421,
                            -11.937997
                        ],
                        [
                            -77.12839,
                            -11.937947
                        ],
                        [
                            -77.128378,
                            -11.937885
                        ],
                        [
                            -77.128358,
                            -11.937839
                        ],
                        [
                            -77.128323,
                            -11.937794
                        ],
                        [
                            -77.128292,
                            -11.937772
                        ],
                        [
                            -77.128238,
                            -11.937729
                        ],
                        [
                            -77.128386,
                            -11.937607
                        ],
                        [
                            -77.128745,
                            -11.937361
                        ],
                        [
                            -77.129172,
                            -11.937076
                        ],
                        [
                            -77.129343,
                            -11.93699
                        ],
                        [
                            -77.129514,
                            -11.936923
                        ],
                        [
                            -77.129903,
                            -11.936827
                        ],
                        [
                            -77.130094,
                            -11.936797
                        ],
                        [
                            -77.130246,
                            -11.936796
                        ],
                        [
                            -77.130436,
                            -11.936823
                        ],
                        [
                            -77.130551,
                            -11.93686
                        ],
                        [
                            -77.130804,
                            -11.937096
                        ],
                        [
                            -77.130926,
                            -11.93721
                        ],
                        [
                            -77.131041,
                            -11.937317
                        ],
                        [
                            -77.131299,
                            -11.937557
                        ],
                        [
                            -77.131482,
                            -11.937734
                        ],
                        [
                            -77.131558,
                            -11.937837
                        ],
                        [
                            -77.131808,
                            -11.93806
                        ],
                        [
                            -77.132019,
                            -11.938265
                        ],
                        [
                            -77.132229,
                            -11.938385
                        ],
                        [
                            -77.13242,
                            -11.93844
                        ],
                        [
                            -77.132592,
                            -11.938458
                        ],
                        [
                            -77.132916,
                            -11.93838
                        ],
                        [
                            -77.133083,
                            -11.938349
                        ],
                        [
                            -77.133286,
                            -11.938329
                        ],
                        [
                            -77.133416,
                            -11.93835
                        ],
                        [
                            -77.133642,
                            -11.938448
                        ],
                        [
                            -77.133794,
                            -11.938553
                        ],
                        [
                            -77.133862,
                            -11.938613
                        ],
                        [
                            -77.133919,
                            -11.938684
                        ],
                        [
                            -77.1341,
                            -11.938805
                        ],
                        [
                            -77.134241,
                            -11.938882
                        ],
                        [
                            -77.134427,
                            -11.93893
                        ],
                        [
                            -77.134612,
                            -11.938939
                        ],
                        [
                            -77.134835,
                            -11.938921
                        ],
                        [
                            -77.134989,
                            -11.938915
                        ],
                        [
                            -77.135062,
                            -11.938936
                        ],
                        [
                            -77.13521,
                            -11.93904
                        ],
                        [
                            -77.135311,
                            -11.939079
                        ],
                        [
                            -77.135452,
                            -11.939117
                        ],
                        [
                            -77.135784,
                            -11.939169
                        ],
                        [
                            -77.135885,
                            -11.939168
                        ],
                        [
                            -77.13611,
                            -11.939105
                        ],
                        [
                            -77.136675,
                            -11.939019
                        ],
                        [
                            -77.136954,
                            -11.938951
                        ],
                        [
                            -77.137062,
                            -11.938883
                        ],
                        [
                            -77.137152,
                            -11.938853
                        ],
                        [
                            -77.137315,
                            -11.938833
                        ],
                        [
                            -77.137387,
                            -11.938846
                        ],
                        [
                            -77.137546,
                            -11.938862
                        ],
                        [
                            -77.13766,
                            -11.938865
                        ],
                        [
                            -77.137719,
                            -11.938884
                        ],
                        [
                            -77.137814,
                            -11.9389
                        ],
                        [
                            -77.13798,
                            -11.938959
                        ],
                        [
                            -77.138074,
                            -11.938985
                        ],
                        [
                            -77.138183,
                            -11.93899
                        ],
                        [
                            -77.137876,
                            -11.940282
                        ],
                        [
                            -77.137662,
                            -11.941349
                        ],
                        [
                            -77.137378,
                            -11.942521
                        ],
                        [
                            -77.13701,
                            -11.9442
                        ],
                        [
                            -77.136769,
                            -11.945355
                        ],
                        [
                            -77.136599,
                            -11.945966
                        ],
                        [
                            -77.136559,
                            -11.946268
                        ],
                        [
                            -77.136416,
                            -11.94723
                        ],
                        [
                            -77.135832,
                            -11.949526
                        ],
                        [
                            -77.135458,
                            -11.950918
                        ],
                        [
                            -77.135237,
                            -11.952048
                        ],
                        [
                            -77.135109,
                            -11.953394
                        ],
                        [
                            -77.134887,
                            -11.954481
                        ],
                        [
                            -77.134614,
                            -11.95616
                        ],
                        [
                            -77.134418,
                            -11.958232
                        ],
                        [
                            -77.134147,
                            -11.959152
                        ],
                        [
                            -77.134019,
                            -11.960171
                        ],
                        [
                            -77.133899,
                            -11.961372
                        ],
                        [
                            -77.133784,
                            -11.961947
                        ],
                        [
                            -77.133671,
                            -11.96251
                        ],
                        [
                            -77.133564,
                            -11.963245
                        ],
                        [
                            -77.133519,
                            -11.964577
                        ],
                        [
                            -77.133455,
                            -11.965673
                        ],
                        [
                            -77.133373,
                            -11.967108
                        ],
                        [
                            -77.133345,
                            -11.968194
                        ],
                        [
                            -77.133249,
                            -11.96901
                        ],
                        [
                            -77.133168,
                            -11.970086
                        ],
                        [
                            -77.133062,
                            -11.971716
                        ],
                        [
                            -77.133012,
                            -11.972451
                        ],
                        [
                            -77.132966,
                            -11.972631
                        ],
                        [
                            -77.132842,
                            -11.972905
                        ],
                        [
                            -77.132752,
                            -11.973096
                        ],
                        [
                            -77.132698,
                            -11.973312
                        ],
                        [
                            -77.132683,
                            -11.973424
                        ],
                        [
                            -77.132684,
                            -11.973524
                        ],
                        [
                            -77.132685,
                            -11.973538
                        ],
                        [
                            -77.132693,
                            -11.973559
                        ],
                        [
                            -77.132716,
                            -11.973559
                        ],
                        [
                            -77.132737,
                            -11.973519
                        ],
                        [
                            -77.132743,
                            -11.973468
                        ],
                        [
                            -77.132768,
                            -11.973372
                        ],
                        [
                            -77.132781,
                            -11.973317
                        ],
                        [
                            -77.132785,
                            -11.973277
                        ],
                        [
                            -77.132792,
                            -11.97325
                        ],
                        [
                            -77.132795,
                            -11.973225
                        ],
                        [
                            -77.132801,
                            -11.9732
                        ],
                        [
                            -77.132806,
                            -11.973168
                        ],
                        [
                            -77.132817,
                            -11.973134
                        ],
                        [
                            -77.132842,
                            -11.97313
                        ],
                        [
                            -77.132861,
                            -11.973132
                        ],
                        [
                            -77.132878,
                            -11.973146
                        ],
                        [
                            -77.132889,
                            -11.973165
                        ],
                        [
                            -77.132894,
                            -11.973187
                        ],
                        [
                            -77.132895,
                            -11.973238
                        ],
                        [
                            -77.132902,
                            -11.973285
                        ],
                        [
                            -77.132907,
                            -11.973341
                        ],
                        [
                            -77.132908,
                            -11.973459
                        ],
                        [
                            -77.132908,
                            -11.973543
                        ],
                        [
                            -77.132907,
                            -11.973567
                        ],
                        [
                            -77.132905,
                            -11.97362
                        ],
                        [
                            -77.132903,
                            -11.973664
                        ],
                        [
                            -77.132903,
                            -11.973723
                        ],
                        [
                            -77.132897,
                            -11.973766
                        ],
                        [
                            -77.13289,
                            -11.973812
                        ],
                        [
                            -77.132886,
                            -11.973863
                        ],
                        [
                            -77.132883,
                            -11.973901
                        ],
                        [
                            -77.132878,
                            -11.97396
                        ],
                        [
                            -77.132877,
                            -11.974002
                        ],
                        [
                            -77.132874,
                            -11.974044
                        ],
                        [
                            -77.132868,
                            -11.974077
                        ],
                        [
                            -77.132865,
                            -11.974115
                        ],
                        [
                            -77.132852,
                            -11.974166
                        ],
                        [
                            -77.132847,
                            -11.974201
                        ],
                        [
                            -77.132825,
                            -11.974305
                        ],
                        [
                            -77.132812,
                            -11.974332
                        ],
                        [
                            -77.132798,
                            -11.974388
                        ],
                        [
                            -77.132794,
                            -11.974408
                        ],
                        [
                            -77.132791,
                            -11.974431
                        ],
                        [
                            -77.132785,
                            -11.974461
                        ],
                        [
                            -77.132786,
                            -11.974537
                        ],
                        [
                            -77.132791,
                            -11.974563
                        ],
                        [
                            -77.13281,
                            -11.97467
                        ],
                        [
                            -77.132839,
                            -11.974814
                        ],
                        [
                            -77.132847,
                            -11.97489
                        ],
                        [
                            -77.132848,
                            -11.97493
                        ],
                        [
                            -77.132842,
                            -11.974985
                        ],
                        [
                            -77.132836,
                            -11.975014
                        ],
                        [
                            -77.132835,
                            -11.975049
                        ],
                        [
                            -77.132832,
                            -11.975089
                        ],
                        [
                            -77.132831,
                            -11.97516
                        ],
                        [
                            -77.132832,
                            -11.975316
                        ],
                        [
                            -77.132837,
                            -11.975343
                        ],
                        [
                            -77.132847,
                            -11.975403
                        ],
                        [
                            -77.132852,
                            -11.975431
                        ],
                        [
                            -77.132858,
                            -11.975474
                        ],
                        [
                            -77.132858,
                            -11.975599
                        ],
                        [
                            -77.132854,
                            -11.97566
                        ],
                        [
                            -77.132852,
                            -11.975683
                        ],
                        [
                            -77.132843,
                            -11.975714
                        ],
                        [
                            -77.132828,
                            -11.975791
                        ],
                        [
                            -77.132828,
                            -11.975814
                        ],
                        [
                            -77.132825,
                            -11.975861
                        ],
                        [
                            -77.132822,
                            -11.975903
                        ],
                        [
                            -77.132816,
                            -11.975976
                        ],
                        [
                            -77.132811,
                            -11.976006
                        ],
                        [
                            -77.132811,
                            -11.976031
                        ],
                        [
                            -77.132804,
                            -11.976079
                        ],
                        [
                            -77.132803,
                            -11.976116
                        ],
                        [
                            -77.1328,
                            -11.976137
                        ],
                        [
                            -77.132794,
                            -11.976159
                        ],
                        [
                            -77.13279,
                            -11.976234
                        ],
                        [
                            -77.132776,
                            -11.976291
                        ],
                        [
                            -77.132772,
                            -11.976334
                        ],
                        [
                            -77.132773,
                            -11.976385
                        ],
                        [
                            -77.132774,
                            -11.976446
                        ],
                        [
                            -77.132736,
                            -11.976461
                        ],
                        [
                            -77.132745,
                            -11.976493
                        ],
                        [
                            -77.132785,
                            -11.97658
                        ],
                        [
                            -77.1328,
                            -11.976623
                        ],
                        [
                            -77.13281,
                            -11.976651
                        ],
                        [
                            -77.132818,
                            -11.976697
                        ],
                        [
                            -77.132829,
                            -11.97674
                        ],
                        [
                            -77.132829,
                            -11.976764
                        ],
                        [
                            -77.132834,
                            -11.976794
                        ],
                        [
                            -77.132836,
                            -11.976858
                        ],
                        [
                            -77.13284,
                            -11.976876
                        ],
                        [
                            -77.132842,
                            -11.976885
                        ],
                        [
                            -77.132842,
                            -11.976904
                        ],
                        [
                            -77.132833,
                            -11.976932
                        ],
                        [
                            -77.13282,
                            -11.976959
                        ],
                        [
                            -77.13279,
                            -11.976994
                        ],
                        [
                            -77.132725,
                            -11.977038
                        ],
                        [
                            -77.132702,
                            -11.977045
                        ],
                        [
                            -77.132658,
                            -11.977071
                        ],
                        [
                            -77.132638,
                            -11.977093
                        ],
                        [
                            -77.132625,
                            -11.97712
                        ],
                        [
                            -77.132629,
                            -11.977153
                        ],
                        [
                            -77.132639,
                            -11.977177
                        ],
                        [
                            -77.132657,
                            -11.977196
                        ],
                        [
                            -77.132699,
                            -11.977222
                        ],
                        [
                            -77.132734,
                            -11.977247
                        ],
                        [
                            -77.132764,
                            -11.977272
                        ],
                        [
                            -77.132778,
                            -11.977292
                        ],
                        [
                            -77.132781,
                            -11.977334
                        ],
                        [
                            -77.132786,
                            -11.977361
                        ],
                        [
                            -77.132789,
                            -11.977403
                        ],
                        [
                            -77.132794,
                            -11.977433
                        ],
                        [
                            -77.132796,
                            -11.977476
                        ],
                        [
                            -77.132797,
                            -11.977513
                        ],
                        [
                            -77.132809,
                            -11.977549
                        ],
                        [
                            -77.132807,
                            -11.977582
                        ],
                        [
                            -77.132812,
                            -11.977603
                        ],
                        [
                            -77.132812,
                            -11.977676
                        ],
                        [
                            -77.13282,
                            -11.977731
                        ],
                        [
                            -77.132835,
                            -11.977813
                        ],
                        [
                            -77.132844,
                            -11.97785
                        ],
                        [
                            -77.132856,
                            -11.977929
                        ],
                        [
                            -77.13286,
                            -11.977973
                        ],
                        [
                            -77.13286,
                            -11.978021
                        ],
                        [
                            -77.132861,
                            -11.978183
                        ],
                        [
                            -77.132863,
                            -11.978351
                        ],
                        [
                            -77.132865,
                            -11.978526
                        ],
                        [
                            -77.132867,
                            -11.978581
                        ],
                        [
                            -77.13287,
                            -11.97862
                        ],
                        [
                            -77.132873,
                            -11.978673
                        ],
                        [
                            -77.132877,
                            -11.978703
                        ],
                        [
                            -77.132881,
                            -11.978792
                        ],
                        [
                            -77.132894,
                            -11.978923
                        ],
                        [
                            -77.132903,
                            -11.978996
                        ],
                        [
                            -77.132904,
                            -11.979008
                        ],
                        [
                            -77.132904,
                            -11.979029
                        ],
                        [
                            -77.13291,
                            -11.979065
                        ],
                        [
                            -77.132916,
                            -11.979117
                        ],
                        [
                            -77.132922,
                            -11.979185
                        ],
                        [
                            -77.132922,
                            -11.979245
                        ],
                        [
                            -77.132925,
                            -11.979297
                        ],
                        [
                            -77.132926,
                            -11.979353
                        ],
                        [
                            -77.132926,
                            -11.979371
                        ],
                        [
                            -77.132931,
                            -11.979406
                        ],
                        [
                            -77.132937,
                            -11.97947
                        ],
                        [
                            -77.132942,
                            -11.979509
                        ],
                        [
                            -77.132944,
                            -11.979584
                        ],
                        [
                            -77.132947,
                            -11.979686
                        ],
                        [
                            -77.13295,
                            -11.979818
                        ],
                        [
                            -77.132952,
                            -11.979864
                        ],
                        [
                            -77.132952,
                            -11.979943
                        ],
                        [
                            -77.132953,
                            -11.980031
                        ],
                        [
                            -77.132958,
                            -11.980088
                        ],
                        [
                            -77.132961,
                            -11.980153
                        ],
                        [
                            -77.132973,
                            -11.98025
                        ],
                        [
                            -77.132979,
                            -11.980329
                        ],
                        [
                            -77.132985,
                            -11.980399
                        ],
                        [
                            -77.132988,
                            -11.980462
                        ],
                        [
                            -77.132989,
                            -11.980476
                        ],
                        [
                            -77.132997,
                            -11.980503
                        ],
                        [
                            -77.132999,
                            -11.980531
                        ],
                        [
                            -77.133005,
                            -11.980559
                        ],
                        [
                            -77.133007,
                            -11.980634
                        ],
                        [
                            -77.133008,
                            -11.980717
                        ],
                        [
                            -77.132999,
                            -11.9808
                        ],
                        [
                            -77.133,
                            -11.98088
                        ],
                        [
                            -77.133002,
                            -11.980942
                        ],
                        [
                            -77.133006,
                            -11.981
                        ],
                        [
                            -77.133013,
                            -11.981054
                        ],
                        [
                            -77.133014,
                            -11.981106
                        ],
                        [
                            -77.133025,
                            -11.981222
                        ],
                        [
                            -77.133026,
                            -11.981329
                        ],
                        [
                            -77.133025,
                            -11.981438
                        ],
                        [
                            -77.133015,
                            -11.981475
                        ],
                        [
                            -77.133006,
                            -11.981568
                        ],
                        [
                            -77.13301,
                            -11.981636
                        ],
                        [
                            -77.133012,
                            -11.981724
                        ],
                        [
                            -77.133015,
                            -11.981793
                        ],
                        [
                            -77.133026,
                            -11.98185
                        ],
                        [
                            -77.133039,
                            -11.981935
                        ],
                        [
                            -77.133046,
                            -11.981994
                        ],
                        [
                            -77.133056,
                            -11.982085
                        ],
                        [
                            -77.133064,
                            -11.982198
                        ],
                        [
                            -77.133065,
                            -11.982239
                        ],
                        [
                            -77.133067,
                            -11.98226
                        ],
                        [
                            -77.133072,
                            -11.98236
                        ],
                        [
                            -77.133077,
                            -11.982391
                        ],
                        [
                            -77.133088,
                            -11.982473
                        ],
                        [
                            -77.13309,
                            -11.982555
                        ],
                        [
                            -77.13309,
                            -11.982771
                        ],
                        [
                            -77.13311,
                            -11.982884
                        ],
                        [
                            -77.133113,
                            -11.982946
                        ],
                        [
                            -77.133116,
                            -11.983003
                        ],
                        [
                            -77.133123,
                            -11.98306
                        ],
                        [
                            -77.133133,
                            -11.983118
                        ],
                        [
                            -77.133144,
                            -11.983196
                        ],
                        [
                            -77.133156,
                            -11.983278
                        ],
                        [
                            -77.133164,
                            -11.983349
                        ],
                        [
                            -77.133168,
                            -11.983377
                        ],
                        [
                            -77.133171,
                            -11.983441
                        ],
                        [
                            -77.133176,
                            -11.983485
                        ],
                        [
                            -77.133185,
                            -11.983542
                        ],
                        [
                            -77.133199,
                            -11.983632
                        ],
                        [
                            -77.133218,
                            -11.983728
                        ],
                        [
                            -77.133235,
                            -11.983836
                        ],
                        [
                            -77.133245,
                            -11.983917
                        ],
                        [
                            -77.133245,
                            -11.983944
                        ],
                        [
                            -77.133253,
                            -11.984008
                        ],
                        [
                            -77.13326,
                            -11.984045
                        ],
                        [
                            -77.13326,
                            -11.984073
                        ],
                        [
                            -77.133266,
                            -11.984104
                        ],
                        [
                            -77.133271,
                            -11.984176
                        ],
                        [
                            -77.133272,
                            -11.984221
                        ],
                        [
                            -77.133274,
                            -11.984277
                        ],
                        [
                            -77.13328,
                            -11.984323
                        ],
                        [
                            -77.133287,
                            -11.984405
                        ],
                        [
                            -77.13329,
                            -11.984456
                        ],
                        [
                            -77.133299,
                            -11.984506
                        ],
                        [
                            -77.133304,
                            -11.984548
                        ],
                        [
                            -77.133312,
                            -11.984582
                        ],
                        [
                            -77.133334,
                            -11.984694
                        ],
                        [
                            -77.133336,
                            -11.984729
                        ],
                        [
                            -77.133347,
                            -11.984793
                        ],
                        [
                            -77.133349,
                            -11.984877
                        ],
                        [
                            -77.13336,
                            -11.98495
                        ],
                        [
                            -77.133369,
                            -11.985027
                        ],
                        [
                            -77.133372,
                            -11.985073
                        ],
                        [
                            -77.133377,
                            -11.985091
                        ],
                        [
                            -77.133379,
                            -11.985126
                        ],
                        [
                            -77.13339,
                            -11.985213
                        ],
                        [
                            -77.133392,
                            -11.985249
                        ],
                        [
                            -77.133399,
                            -11.985279
                        ],
                        [
                            -77.133402,
                            -11.985332
                        ],
                        [
                            -77.133402,
                            -11.985342
                        ],
                        [
                            -77.133407,
                            -11.985362
                        ],
                        [
                            -77.133408,
                            -11.985386
                        ],
                        [
                            -77.133402,
                            -11.985417
                        ],
                        [
                            -77.133401,
                            -11.985427
                        ],
                        [
                            -77.133394,
                            -11.98545
                        ],
                        [
                            -77.133388,
                            -11.985483
                        ],
                        [
                            -77.133374,
                            -11.985526
                        ],
                        [
                            -77.133365,
                            -11.985572
                        ],
                        [
                            -77.133348,
                            -11.985628
                        ],
                        [
                            -77.133324,
                            -11.985681
                        ],
                        [
                            -77.133276,
                            -11.985746
                        ],
                        [
                            -77.133234,
                            -11.985817
                        ],
                        [
                            -77.133219,
                            -11.985869
                        ],
                        [
                            -77.133212,
                            -11.98591
                        ],
                        [
                            -77.133197,
                            -11.985944
                        ],
                        [
                            -77.13318,
                            -11.986028
                        ],
                        [
                            -77.133176,
                            -11.986107
                        ],
                        [
                            -77.133174,
                            -11.98616
                        ],
                        [
                            -77.133166,
                            -11.986199
                        ],
                        [
                            -77.133164,
                            -11.986259
                        ],
                        [
                            -77.133162,
                            -11.986291
                        ],
                        [
                            -77.133165,
                            -11.986353
                        ],
                        [
                            -77.133173,
                            -11.986408
                        ],
                        [
                            -77.133187,
                            -11.986461
                        ],
                        [
                            -77.133197,
                            -11.986509
                        ],
                        [
                            -77.133207,
                            -11.986557
                        ],
                        [
                            -77.133215,
                            -11.986616
                        ],
                        [
                            -77.133219,
                            -11.986656
                        ],
                        [
                            -77.133243,
                            -11.986748
                        ],
                        [
                            -77.133254,
                            -11.986799
                        ],
                        [
                            -77.133258,
                            -11.98683
                        ],
                        [
                            -77.133259,
                            -11.986918
                        ],
                        [
                            -77.133248,
                            -11.986961
                        ],
                        [
                            -77.133227,
                            -11.987
                        ],
                        [
                            -77.133195,
                            -11.987063
                        ],
                        [
                            -77.133186,
                            -11.987112
                        ],
                        [
                            -77.133181,
                            -11.987134
                        ],
                        [
                            -77.133181,
                            -11.987266
                        ],
                        [
                            -77.13319,
                            -11.987325
                        ],
                        [
                            -77.13321,
                            -11.987376
                        ],
                        [
                            -77.133231,
                            -11.987406
                        ],
                        [
                            -77.133256,
                            -11.987439
                        ],
                        [
                            -77.133301,
                            -11.987485
                        ],
                        [
                            -77.133325,
                            -11.98751
                        ],
                        [
                            -77.133349,
                            -11.987556
                        ],
                        [
                            -77.133354,
                            -11.987586
                        ],
                        [
                            -77.133349,
                            -11.987622
                        ],
                        [
                            -77.13334,
                            -11.98764
                        ],
                        [
                            -77.133321,
                            -11.98765
                        ],
                        [
                            -77.133298,
                            -11.987653
                        ],
                        [
                            -77.133235,
                            -11.987654
                        ],
                        [
                            -77.133191,
                            -11.987672
                        ],
                        [
                            -77.13318,
                            -11.987698
                        ],
                        [
                            -77.133168,
                            -11.987714
                        ],
                        [
                            -77.133158,
                            -11.987753
                        ],
                        [
                            -77.133153,
                            -11.987789
                        ],
                        [
                            -77.133144,
                            -11.987822
                        ],
                        [
                            -77.133133,
                            -11.987889
                        ],
                        [
                            -77.133124,
                            -11.987957
                        ],
                        [
                            -77.133125,
                            -11.98804
                        ],
                        [
                            -77.133142,
                            -11.988112
                        ],
                        [
                            -77.133166,
                            -11.988165
                        ],
                        [
                            -77.133192,
                            -11.988217
                        ],
                        [
                            -77.133209,
                            -11.98826
                        ],
                        [
                            -77.133223,
                            -11.988314
                        ],
                        [
                            -77.133252,
                            -11.988384
                        ],
                        [
                            -77.133299,
                            -11.988478
                        ],
                        [
                            -77.133353,
                            -11.988586
                        ],
                        [
                            -77.133401,
                            -11.988649
                        ],
                        [
                            -77.133428,
                            -11.988676
                        ],
                        [
                            -77.133441,
                            -11.988692
                        ],
                        [
                            -77.133457,
                            -11.988709
                        ],
                        [
                            -77.133491,
                            -11.988755
                        ],
                        [
                            -77.133526,
                            -11.9888
                        ],
                        [
                            -77.133557,
                            -11.988859
                        ],
                        [
                            -77.133566,
                            -11.988901
                        ],
                        [
                            -77.133571,
                            -11.988942
                        ],
                        [
                            -77.133574,
                            -11.98898
                        ],
                        [
                            -77.133581,
                            -11.989016
                        ],
                        [
                            -77.133588,
                            -11.989065
                        ],
                        [
                            -77.133593,
                            -11.989119
                        ],
                        [
                            -77.133591,
                            -11.989192
                        ],
                        [
                            -77.133585,
                            -11.98922
                        ],
                        [
                            -77.133581,
                            -11.989275
                        ],
                        [
                            -77.133556,
                            -11.989344
                        ],
                        [
                            -77.133536,
                            -11.9894
                        ],
                        [
                            -77.133502,
                            -11.989446
                        ],
                        [
                            -77.133396,
                            -11.989484
                        ],
                        [
                            -77.133378,
                            -11.989497
                        ],
                        [
                            -77.133355,
                            -11.989502
                        ],
                        [
                            -77.133319,
                            -11.989521
                        ],
                        [
                            -77.133246,
                            -11.989552
                        ],
                        [
                            -77.133154,
                            -11.989571
                        ],
                        [
                            -77.1331,
                            -11.989576
                        ],
                        [
                            -77.133051,
                            -11.989577
                        ],
                        [
                            -77.132935,
                            -11.989603
                        ],
                        [
                            -77.132886,
                            -11.989608
                        ],
                        [
                            -77.132844,
                            -11.989622
                        ],
                        [
                            -77.132809,
                            -11.989645
                        ],
                        [
                            -77.132793,
                            -11.989666
                        ],
                        [
                            -77.132786,
                            -11.989684
                        ],
                        [
                            -77.132787,
                            -11.989705
                        ],
                        [
                            -77.132811,
                            -11.989729
                        ],
                        [
                            -77.132843,
                            -11.989749
                        ],
                        [
                            -77.132861,
                            -11.989751
                        ],
                        [
                            -77.13291,
                            -11.989736
                        ],
                        [
                            -77.132966,
                            -11.989734
                        ],
                        [
                            -77.13304,
                            -11.989715
                        ],
                        [
                            -77.133054,
                            -11.989712
                        ],
                        [
                            -77.133078,
                            -11.9897
                        ],
                        [
                            -77.133143,
                            -11.989683
                        ],
                        [
                            -77.133195,
                            -11.989664
                        ],
                        [
                            -77.133226,
                            -11.989648
                        ],
                        [
                            -77.133279,
                            -11.989634
                        ],
                        [
                            -77.133347,
                            -11.989619
                        ],
                        [
                            -77.133389,
                            -11.989618
                        ],
                        [
                            -77.133449,
                            -11.989606
                        ],
                        [
                            -77.133521,
                            -11.989584
                        ],
                        [
                            -77.133542,
                            -11.989581
                        ],
                        [
                            -77.133558,
                            -11.989572
                        ],
                        [
                            -77.133607,
                            -11.989553
                        ],
                        [
                            -77.133621,
                            -11.989532
                        ],
                        [
                            -77.133638,
                            -11.98947
                        ],
                        [
                            -77.133657,
                            -11.989312
                        ],
                        [
                            -77.133655,
                            -11.989256
                        ],
                        [
                            -77.133658,
                            -11.989233
                        ],
                        [
                            -77.133658,
                            -11.989203
                        ],
                        [
                            -77.133663,
                            -11.989129
                        ],
                        [
                            -77.133668,
                            -11.989077
                        ],
                        [
                            -77.133672,
                            -11.989042
                        ],
                        [
                            -77.133672,
                            -11.988951
                        ],
                        [
                            -77.133674,
                            -11.988922
                        ],
                        [
                            -77.133663,
                            -11.98882
                        ],
                        [
                            -77.133651,
                            -11.988769
                        ],
                        [
                            -77.133641,
                            -11.988718
                        ],
                        [
                            -77.133639,
                            -11.988693
                        ],
                        [
                            -77.133617,
                            -11.988596
                        ],
                        [
                            -77.133599,
                            -11.988542
                        ],
                        [
                            -77.133574,
                            -11.988454
                        ],
                        [
                            -77.133538,
                            -11.988336
                        ],
                        [
                            -77.133509,
                            -11.988263
                        ],
                        [
                            -77.133492,
                            -11.988217
                        ],
                        [
                            -77.133478,
                            -11.988147
                        ],
                        [
                            -77.13347,
                            -11.988098
                        ],
                        [
                            -77.133467,
                            -11.988022
                        ],
                        [
                            -77.133464,
                            -11.987955
                        ],
                        [
                            -77.133464,
                            -11.987833
                        ],
                        [
                            -77.133476,
                            -11.987773
                        ],
                        [
                            -77.133515,
                            -11.987704
                        ],
                        [
                            -77.133536,
                            -11.987642
                        ],
                        [
                            -77.133537,
                            -11.987561
                        ],
                        [
                            -77.13352,
                            -11.987499
                        ],
                        [
                            -77.133511,
                            -11.987444
                        ],
                        [
                            -77.133477,
                            -11.987358
                        ],
                        [
                            -77.133441,
                            -11.987261
                        ],
                        [
                            -77.133427,
                            -11.987228
                        ],
                        [
                            -77.133415,
                            -11.987176
                        ],
                        [
                            -77.133411,
                            -11.987061
                        ],
                        [
                            -77.133422,
                            -11.987003
                        ],
                        [
                            -77.133439,
                            -11.986921
                        ],
                        [
                            -77.133453,
                            -11.986826
                        ],
                        [
                            -77.13346,
                            -11.986748
                        ],
                        [
                            -77.133461,
                            -11.986686
                        ],
                        [
                            -77.133466,
                            -11.986642
                        ],
                        [
                            -77.133456,
                            -11.986364
                        ],
                        [
                            -77.133445,
                            -11.986301
                        ],
                        [
                            -77.133442,
                            -11.986266
                        ],
                        [
                            -77.133429,
                            -11.986218
                        ],
                        [
                            -77.133403,
                            -11.986058
                        ],
                        [
                            -77.133397,
                            -11.98597
                        ],
                        [
                            -77.133401,
                            -11.985922
                        ],
                        [
                            -77.133407,
                            -11.985861
                        ],
                        [
                            -77.133424,
                            -11.98585
                        ],
                        [
                            -77.133442,
                            -11.985861
                        ],
                        [
                            -77.133478,
                            -11.985923
                        ],
                        [
                            -77.133519,
                            -11.986067
                        ],
                        [
                            -77.133541,
                            -11.986201
                        ],
                        [
                            -77.133551,
                            -11.986257
                        ],
                        [
                            -77.13356,
                            -11.986317
                        ],
                        [
                            -77.133576,
                            -11.986476
                        ],
                        [
                            -77.133583,
                            -11.986712
                        ],
                        [
                            -77.133604,
                            -11.986923
                        ],
                        [
                            -77.133597,
                            -11.986951
                        ],
                        [
                            -77.133596,
                            -11.987092
                        ],
                        [
                            -77.133618,
                            -11.987197
                        ],
                        [
                            -77.13362,
                            -11.987414
                        ],
                        [
                            -77.133618,
                            -11.987459
                        ],
                        [
                            -77.133621,
                            -11.987544
                        ],
                        [
                            -77.133633,
                            -11.987634
                        ],
                        [
                            -77.133641,
                            -11.987671
                        ],
                        [
                            -77.133648,
                            -11.987754
                        ],
                        [
                            -77.133656,
                            -11.987796
                        ],
                        [
                            -77.133673,
                            -11.987891
                        ],
                        [
                            -77.133681,
                            -11.987978
                        ],
                        [
                            -77.133695,
                            -11.988077
                        ],
                        [
                            -77.133706,
                            -11.988157
                        ],
                        [
                            -77.133712,
                            -11.988249
                        ],
                        [
                            -77.133728,
                            -11.98834
                        ],
                        [
                            -77.133738,
                            -11.988399
                        ],
                        [
                            -77.133762,
                            -11.988548
                        ],
                        [
                            -77.133785,
                            -11.988671
                        ],
                        [
                            -77.133804,
                            -11.988741
                        ],
                        [
                            -77.133843,
                            -11.988861
                        ],
                        [
                            -77.133867,
                            -11.988946
                        ],
                        [
                            -77.133888,
                            -11.989014
                        ],
                        [
                            -77.133908,
                            -11.989157
                        ],
                        [
                            -77.133945,
                            -11.989304
                        ],
                        [
                            -77.133964,
                            -11.989448
                        ],
                        [
                            -77.133968,
                            -11.98955
                        ],
                        [
                            -77.133973,
                            -11.989593
                        ],
                        [
                            -77.133977,
                            -11.989666
                        ],
                        [
                            -77.133993,
                            -11.989758
                        ],
                        [
                            -77.134012,
                            -11.989995
                        ],
                        [
                            -77.134027,
                            -11.990176
                        ],
                        [
                            -77.134032,
                            -11.990211
                        ],
                        [
                            -77.134067,
                            -11.9905
                        ],
                        [
                            -77.13407,
                            -11.990569
                        ],
                        [
                            -77.134083,
                            -11.990642
                        ],
                        [
                            -77.134093,
                            -11.990706
                        ],
                        [
                            -77.13411,
                            -11.990822
                        ],
                        [
                            -77.13413,
                            -11.990919
                        ],
                        [
                            -77.134154,
                            -11.99106
                        ],
                        [
                            -77.13416,
                            -11.991095
                        ],
                        [
                            -77.134165,
                            -11.991221
                        ],
                        [
                            -77.134175,
                            -11.9913
                        ],
                        [
                            -77.134179,
                            -11.991323
                        ],
                        [
                            -77.134183,
                            -11.991439
                        ],
                        [
                            -77.1342,
                            -11.991645
                        ],
                        [
                            -77.134221,
                            -11.991781
                        ],
                        [
                            -77.134227,
                            -11.991871
                        ],
                        [
                            -77.134244,
                            -11.992011
                        ],
                        [
                            -77.134255,
                            -11.992105
                        ],
                        [
                            -77.134274,
                            -11.992222
                        ],
                        [
                            -77.134309,
                            -11.992373
                        ],
                        [
                            -77.134326,
                            -11.99245
                        ],
                        [
                            -77.134345,
                            -11.992545
                        ],
                        [
                            -77.134379,
                            -11.992713
                        ],
                        [
                            -77.134399,
                            -11.992846
                        ],
                        [
                            -77.134516,
                            -11.993402
                        ],
                        [
                            -77.134603,
                            -11.99415
                        ],
                        [
                            -77.13468,
                            -11.994483
                        ],
                        [
                            -77.134698,
                            -11.994758
                        ],
                        [
                            -77.134777,
                            -11.995225
                        ],
                        [
                            -77.134837,
                            -11.995515
                        ],
                        [
                            -77.134883,
                            -11.996055
                        ],
                        [
                            -77.135022,
                            -11.997246
                        ],
                        [
                            -77.135148,
                            -11.997773
                        ],
                        [
                            -77.135217,
                            -11.998339
                        ],
                        [
                            -77.135223,
                            -11.998748
                        ],
                        [
                            -77.135273,
                            -11.998991
                        ],
                        [
                            -77.135275,
                            -11.999329
                        ],
                        [
                            -77.135468,
                            -11.999689
                        ],
                        [
                            -77.135454,
                            -11.999795
                        ],
                        [
                            -77.135496,
                            -11.999959
                        ],
                        [
                            -77.135523,
                            -12.000027
                        ],
                        [
                            -77.135552,
                            -12.0001
                        ],
                        [
                            -77.135586,
                            -12.000176
                        ],
                        [
                            -77.136503,
                            -12.000141
                        ],
                        [
                            -77.137419,
                            -12.000107
                        ],
                        [
                            -77.137421,
                            -12.000107
                        ],
                        [
                            -77.137422,
                            -12.000107
                        ],
                        [
                            -77.137424,
                            -12.000107
                        ],
                        [
                            -77.137425,
                            -12.000107
                        ],
                        [
                            -77.137427,
                            -12.000108
                        ],
                        [
                            -77.137429,
                            -12.000108
                        ],
                        [
                            -77.13743,
                            -12.000108
                        ],
                        [
                            -77.137432,
                            -12.000109
                        ],
                        [
                            -77.137433,
                            -12.000109
                        ],
                        [
                            -77.137435,
                            -12.000109
                        ],
                        [
                            -77.137436,
                            -12.00011
                        ],
                        [
                            -77.137438,
                            -12.00011
                        ],
                        [
                            -77.137439,
                            -12.000111
                        ],
                        [
                            -77.137441,
                            -12.000112
                        ],
                        [
                            -77.137442,
                            -12.000112
                        ],
                        [
                            -77.137444,
                            -12.000113
                        ],
                        [
                            -77.137445,
                            -12.000114
                        ],
                        [
                            -77.137446,
                            -12.000115
                        ],
                        [
                            -77.137448,
                            -12.000116
                        ],
                        [
                            -77.137449,
                            -12.000117
                        ],
                        [
                            -77.13745,
                            -12.000118
                        ],
                        [
                            -77.137451,
                            -12.000119
                        ],
                        [
                            -77.137453,
                            -12.00012
                        ],
                        [
                            -77.137454,
                            -12.000121
                        ],
                        [
                            -77.137455,
                            -12.000122
                        ],
                        [
                            -77.137456,
                            -12.000123
                        ],
                        [
                            -77.137457,
                            -12.000124
                        ],
                        [
                            -77.137458,
                            -12.000126
                        ],
                        [
                            -77.137459,
                            -12.000127
                        ],
                        [
                            -77.13746,
                            -12.000128
                        ],
                        [
                            -77.13746,
                            -12.00013
                        ],
                        [
                            -77.137461,
                            -12.000131
                        ],
                        [
                            -77.137462,
                            -12.000132
                        ],
                        [
                            -77.137463,
                            -12.000134
                        ],
                        [
                            -77.137463,
                            -12.000135
                        ],
                        [
                            -77.137464,
                            -12.000137
                        ],
                        [
                            -77.137464,
                            -12.000138
                        ],
                        [
                            -77.137465,
                            -12.00014
                        ],
                        [
                            -77.137465,
                            -12.000141
                        ],
                        [
                            -77.137466,
                            -12.000143
                        ],
                        [
                            -77.137466,
                            -12.000144
                        ],
                        [
                            -77.137466,
                            -12.000146
                        ],
                        [
                            -77.137466,
                            -12.000147
                        ],
                        [
                            -77.137467,
                            -12.000149
                        ],
                        [
                            -77.137467,
                            -12.000151
                        ],
                        [
                            -77.137467,
                            -12.000152
                        ],
                        [
                            -77.137467,
                            -12.000154
                        ],
                        [
                            -77.137467,
                            -12.000155
                        ],
                        [
                            -77.137467,
                            -12.000157
                        ],
                        [
                            -77.137466,
                            -12.000158
                        ],
                        [
                            -77.137466,
                            -12.00016
                        ],
                        [
                            -77.137466,
                            -12.000162
                        ],
                        [
                            -77.137465,
                            -12.000163
                        ],
                        [
                            -77.137465,
                            -12.000165
                        ],
                        [
                            -77.137465,
                            -12.000166
                        ],
                        [
                            -77.137464,
                            -12.000168
                        ],
                        [
                            -77.137464,
                            -12.000169
                        ],
                        [
                            -77.137463,
                            -12.00017
                        ],
                        [
                            -77.137462,
                            -12.000172
                        ],
                        [
                            -77.137462,
                            -12.000173
                        ],
                        [
                            -77.137461,
                            -12.000175
                        ],
                        [
                            -77.13746,
                            -12.000176
                        ],
                        [
                            -77.137459,
                            -12.000177
                        ],
                        [
                            -77.137458,
                            -12.000179
                        ],
                        [
                            -77.137457,
                            -12.00018
                        ],
                        [
                            -77.137456,
                            -12.000181
                        ],
                        [
                            -77.137455,
                            -12.000182
                        ],
                        [
                            -77.137454,
                            -12.000184
                        ],
                        [
                            -77.137453,
                            -12.000185
                        ],
                        [
                            -77.137452,
                            -12.000186
                        ],
                        [
                            -77.137451,
                            -12.000187
                        ],
                        [
                            -77.137449,
                            -12.000188
                        ],
                        [
                            -77.137448,
                            -12.000189
                        ],
                        [
                            -77.137447,
                            -12.00019
                        ],
                        [
                            -77.137446,
                            -12.000191
                        ],
                        [
                            -77.137444,
                            -12.000191
                        ],
                        [
                            -77.137443,
                            -12.000192
                        ],
                        [
                            -77.137441,
                            -12.000193
                        ],
                        [
                            -77.13744,
                            -12.000194
                        ],
                        [
                            -77.137438,
                            -12.000194
                        ],
                        [
                            -77.137437,
                            -12.000195
                        ],
                        [
                            -77.137435,
                            -12.000195
                        ],
                        [
                            -77.137434,
                            -12.000196
                        ],
                        [
                            -77.137432,
                            -12.000196
                        ],
                        [
                            -77.137431,
                            -12.000197
                        ],
                        [
                            -77.137429,
                            -12.000197
                        ],
                        [
                            -77.137428,
                            -12.000197
                        ],
                        [
                            -77.137426,
                            -12.000197
                        ],
                        [
                            -77.137425,
                            -12.000198
                        ],
                        [
                            -77.137423,
                            -12.000198
                        ],
                        [
                            -77.137421,
                            -12.000198
                        ],
                        [
                            -77.13742,
                            -12.000198
                        ],
                        [
                            -77.13562,
                            -12.000264
                        ],
                        [
                            -77.135643,
                            -12.000298
                        ],
                        [
                            -77.135656,
                            -12.000328
                        ],
                        [
                            -77.135666,
                            -12.000404
                        ],
                        [
                            -77.135647,
                            -12.000466
                        ],
                        [
                            -77.135627,
                            -12.00049
                        ],
                        [
                            -77.135613,
                            -12.000503
                        ],
                        [
                            -77.135584,
                            -12.000571
                        ],
                        [
                            -77.13556,
                            -12.000624
                        ],
                        [
                            -77.135547,
                            -12.000743
                        ],
                        [
                            -77.135549,
                            -12.000831
                        ],
                        [
                            -77.135554,
                            -12.000911
                        ],
                        [
                            -77.135564,
                            -12.000968
                        ],
                        [
                            -77.135573,
                            -12.001007
                        ],
                        [
                            -77.135591,
                            -12.001051
                        ],
                        [
                            -77.135642,
                            -12.001125
                        ],
                        [
                            -77.135694,
                            -12.001204
                        ],
                        [
                            -77.135731,
                            -12.001269
                        ],
                        [
                            -77.135752,
                            -12.001341
                        ],
                        [
                            -77.135766,
                            -12.001403
                        ],
                        [
                            -77.135803,
                            -12.001635
                        ],
                        [
                            -77.13583,
                            -12.001803
                        ],
                        [
                            -77.135833,
                            -12.001833
                        ],
                        [
                            -77.13585,
                            -12.001892
                        ],
                        [
                            -77.135862,
                            -12.001939
                        ],
                        [
                            -77.135916,
                            -12.002151
                        ],
                        [
                            -77.135962,
                            -12.002464
                        ],
                        [
                            -77.135972,
                            -12.002562
                        ],
                        [
                            -77.135984,
                            -12.002751
                        ],
                        [
                            -77.136015,
                            -12.002864
                        ],
                        [
                            -77.13605,
                            -12.002925
                        ],
                        [
                            -77.136085,
                            -12.003
                        ],
                        [
                            -77.136092,
                            -12.003025
                        ],
                        [
                            -77.13609,
                            -12.003113
                        ],
                        [
                            -77.136085,
                            -12.003159
                        ],
                        [
                            -77.13608,
                            -12.003189
                        ],
                        [
                            -77.136069,
                            -12.003246
                        ],
                        [
                            -77.136068,
                            -12.003269
                        ],
                        [
                            -77.136061,
                            -12.003302
                        ],
                        [
                            -77.136054,
                            -12.003394
                        ],
                        [
                            -77.136054,
                            -12.003491
                        ],
                        [
                            -77.136094,
                            -12.003544
                        ],
                        [
                            -77.136113,
                            -12.00361
                        ],
                        [
                            -77.136115,
                            -12.003688
                        ],
                        [
                            -77.13611,
                            -12.003755
                        ],
                        [
                            -77.136103,
                            -12.00383
                        ],
                        [
                            -77.136107,
                            -12.003868
                        ],
                        [
                            -77.136113,
                            -12.003984
                        ],
                        [
                            -77.136115,
                            -12.00406
                        ],
                        [
                            -77.136119,
                            -12.004097
                        ],
                        [
                            -77.136123,
                            -12.004134
                        ],
                        [
                            -77.13615,
                            -12.004246
                        ],
                        [
                            -77.136169,
                            -12.004315
                        ],
                        [
                            -77.136207,
                            -12.004423
                        ],
                        [
                            -77.136233,
                            -12.004491
                        ],
                        [
                            -77.13625,
                            -12.004556
                        ],
                        [
                            -77.136264,
                            -12.004618
                        ],
                        [
                            -77.136275,
                            -12.004689
                        ],
                        [
                            -77.136315,
                            -12.004867
                        ],
                        [
                            -77.136332,
                            -12.004972
                        ],
                        [
                            -77.13637,
                            -12.005164
                        ],
                        [
                            -77.1364,
                            -12.005307
                        ],
                        [
                            -77.136429,
                            -12.005476
                        ],
                        [
                            -77.136439,
                            -12.005541
                        ],
                        [
                            -77.136445,
                            -12.005639
                        ],
                        [
                            -77.136439,
                            -12.005708
                        ],
                        [
                            -77.136415,
                            -12.005775
                        ],
                        [
                            -77.136391,
                            -12.005803
                        ],
                        [
                            -77.136343,
                            -12.005852
                        ],
                        [
                            -77.136291,
                            -12.005896
                        ],
                        [
                            -77.136201,
                            -12.005957
                        ],
                        [
                            -77.136141,
                            -12.005994
                        ],
                        [
                            -77.136102,
                            -12.006044
                        ],
                        [
                            -77.136092,
                            -12.006116
                        ],
                        [
                            -77.136131,
                            -12.006062
                        ],
                        [
                            -77.136188,
                            -12.006021
                        ],
                        [
                            -77.136315,
                            -12.005966
                        ],
                        [
                            -77.136383,
                            -12.005952
                        ],
                        [
                            -77.136455,
                            -12.005961
                        ],
                        [
                            -77.136518,
                            -12.005986
                        ],
                        [
                            -77.13657,
                            -12.006032
                        ],
                        [
                            -77.136588,
                            -12.006103
                        ],
                        [
                            -77.136686,
                            -12.006767
                        ],
                        [
                            -77.137424,
                            -12.010397
                        ],
                        [
                            -77.13747,
                            -12.010626
                        ],
                        [
                            -77.137543,
                            -12.010987
                        ],
                        [
                            -77.13768,
                            -12.011363
                        ],
                        [
                            -77.137764,
                            -12.011628
                        ],
                        [
                            -77.137899,
                            -12.012131
                        ],
                        [
                            -77.137996,
                            -12.012444
                        ],
                        [
                            -77.138056,
                            -12.012604
                        ],
                        [
                            -77.138087,
                            -12.012744
                        ],
                        [
                            -77.1382,
                            -12.013059
                        ],
                        [
                            -77.138301,
                            -12.013346
                        ],
                        [
                            -77.138403,
                            -12.013578
                        ],
                        [
                            -77.138579,
                            -12.013994
                        ],
                        [
                            -77.138654,
                            -12.014211
                        ],
                        [
                            -77.138895,
                            -12.01474
                        ],
                        [
                            -77.139026,
                            -12.014987
                        ],
                        [
                            -77.139091,
                            -12.015194
                        ],
                        [
                            -77.139174,
                            -12.015359
                        ],
                        [
                            -77.139285,
                            -12.015638
                        ],
                        [
                            -77.139433,
                            -12.015926
                        ],
                        [
                            -77.139543,
                            -12.016194
                        ],
                        [
                            -77.139774,
                            -12.0167
                        ],
                        [
                            -77.139903,
                            -12.016935
                        ],
                        [
                            -77.14001,
                            -12.017167
                        ],
                        [
                            -77.140141,
                            -12.017452
                        ],
                        [
                            -77.140221,
                            -12.017649
                        ],
                        [
                            -77.140442,
                            -12.018149
                        ],
                        [
                            -77.140577,
                            -12.018426
                        ],
                        [
                            -77.14067,
                            -12.018623
                        ],
                        [
                            -77.140855,
                            -12.019063
                        ],
                        [
                            -77.141043,
                            -12.019479
                        ],
                        [
                            -77.141309,
                            -12.020087
                        ],
                        [
                            -77.141423,
                            -12.020353
                        ],
                        [
                            -77.141624,
                            -12.020765
                        ],
                        [
                            -77.141786,
                            -12.021159
                        ],
                        [
                            -77.14192,
                            -12.021506
                        ],
                        [
                            -77.14218,
                            -12.022007
                        ],
                        [
                            -77.142168,
                            -12.022071
                        ],
                        [
                            -77.142107,
                            -12.022106
                        ],
                        [
                            -77.142035,
                            -12.022106
                        ],
                        [
                            -77.141967,
                            -12.022093
                        ],
                        [
                            -77.141888,
                            -12.022083
                        ],
                        [
                            -77.14175,
                            -12.022058
                        ],
                        [
                            -77.141674,
                            -12.022037
                        ],
                        [
                            -77.141595,
                            -12.022003
                        ],
                        [
                            -77.141532,
                            -12.021962
                        ],
                        [
                            -77.141384,
                            -12.02188
                        ],
                        [
                            -77.141299,
                            -12.021831
                        ],
                        [
                            -77.141196,
                            -12.021753
                        ],
                        [
                            -77.141126,
                            -12.021708
                        ],
                        [
                            -77.14107,
                            -12.021662
                        ],
                        [
                            -77.141037,
                            -12.021607
                        ],
                        [
                            -77.141009,
                            -12.021524
                        ],
                        [
                            -77.140991,
                            -12.021444
                        ],
                        [
                            -77.140967,
                            -12.021384
                        ],
                        [
                            -77.140936,
                            -12.021302
                        ],
                        [
                            -77.140911,
                            -12.021242
                        ],
                        [
                            -77.140876,
                            -12.021185
                        ],
                        [
                            -77.140834,
                            -12.021132
                        ],
                        [
                            -77.14078,
                            -12.021084
                        ],
                        [
                            -77.140729,
                            -12.021034
                        ],
                        [
                            -77.140722,
                            -12.02096
                        ],
                        [
                            -77.14073,
                            -12.020928
                        ],
                        [
                            -77.140754,
                            -12.020815
                        ],
                        [
                            -77.140755,
                            -12.020711
                        ],
                        [
                            -77.140758,
                            -12.020602
                        ],
                        [
                            -77.140748,
                            -12.020521
                        ],
                        [
                            -77.140749,
                            -12.020448
                        ],
                        [
                            -77.140741,
                            -12.020374
                        ],
                        [
                            -77.140741,
                            -12.02031
                        ],
                        [
                            -77.140732,
                            -12.020232
                        ],
                        [
                            -77.140699,
                            -12.020173
                        ],
                        [
                            -77.140622,
                            -12.020098
                        ],
                        [
                            -77.140545,
                            -12.02003
                        ],
                        [
                            -77.140505,
                            -12.019966
                        ],
                        [
                            -77.14048,
                            -12.019894
                        ],
                        [
                            -77.140466,
                            -12.01983
                        ],
                        [
                            -77.14044,
                            -12.019771
                        ],
                        [
                            -77.140335,
                            -12.019665
                        ],
                        [
                            -77.140307,
                            -12.019594
                        ],
                        [
                            -77.140311,
                            -12.019514
                        ],
                        [
                            -77.14035,
                            -12.0193
                        ],
                        [
                            -77.140353,
                            -12.019236
                        ],
                        [
                            -77.140334,
                            -12.019158
                        ],
                        [
                            -77.140327,
                            -12.019091
                        ],
                        [
                            -77.140299,
                            -12.019026
                        ],
                        [
                            -77.140251,
                            -12.018974
                        ],
                        [
                            -77.140185,
                            -12.01889
                        ],
                        [
                            -77.140121,
                            -12.018809
                        ],
                        [
                            -77.14007,
                            -12.01877
                        ],
                        [
                            -77.140041,
                            -12.018755
                        ],
                        [
                            -77.139944,
                            -12.018708
                        ],
                        [
                            -77.139865,
                            -12.018692
                        ],
                        [
                            -77.139802,
                            -12.018676
                        ],
                        [
                            -77.139737,
                            -12.018679
                        ],
                        [
                            -77.139672,
                            -12.018686
                        ],
                        [
                            -77.139633,
                            -12.018692
                        ],
                        [
                            -77.139527,
                            -12.018709
                        ],
                        [
                            -77.139465,
                            -12.018736
                        ],
                        [
                            -77.139414,
                            -12.01878
                        ],
                        [
                            -77.139344,
                            -12.01886
                        ],
                        [
                            -77.139284,
                            -12.018944
                        ],
                        [
                            -77.13923,
                            -12.018987
                        ],
                        [
                            -77.139165,
                            -12.019024
                        ],
                        [
                            -77.139097,
                            -12.019029
                        ],
                        [
                            -77.139011,
                            -12.019038
                        ],
                        [
                            -77.138941,
                            -12.019055
                        ],
                        [
                            -77.138881,
                            -12.019091
                        ],
                        [
                            -77.138856,
                            -12.01912
                        ],
                        [
                            -77.138814,
                            -12.019175
                        ],
                        [
                            -77.138762,
                            -12.019264
                        ],
                        [
                            -77.138737,
                            -12.019323
                        ],
                        [
                            -77.138781,
                            -12.019376
                        ],
                        [
                            -77.138984,
                            -12.019431
                        ],
                        [
                            -77.139049,
                            -12.019459
                        ],
                        [
                            -77.139114,
                            -12.019476
                        ],
                        [
                            -77.139175,
                            -12.019453
                        ],
                        [
                            -77.139217,
                            -12.019403
                        ],
                        [
                            -77.139282,
                            -12.019415
                        ],
                        [
                            -77.139338,
                            -12.019448
                        ],
                        [
                            -77.139405,
                            -12.019455
                        ],
                        [
                            -77.139466,
                            -12.019428
                        ],
                        [
                            -77.139496,
                            -12.019366
                        ],
                        [
                            -77.139496,
                            -12.019297
                        ],
                        [
                            -77.139489,
                            -12.019229
                        ],
                        [
                            -77.139473,
                            -12.019118
                        ],
                        [
                            -77.139467,
                            -12.019012
                        ],
                        [
                            -77.139488,
                            -12.018946
                        ],
                        [
                            -77.139526,
                            -12.01889
                        ],
                        [
                            -77.139583,
                            -12.018863
                        ],
                        [
                            -77.139646,
                            -12.01885
                        ],
                        [
                            -77.139704,
                            -12.018881
                        ],
                        [
                            -77.139742,
                            -12.018934
                        ],
                        [
                            -77.13977,
                            -12.018996
                        ],
                        [
                            -77.139804,
                            -12.019105
                        ],
                        [
                            -77.139829,
                            -12.019174
                        ],
                        [
                            -77.139866,
                            -12.019274
                        ],
                        [
                            -77.139894,
                            -12.019422
                        ],
                        [
                            -77.139918,
                            -12.019496
                        ],
                        [
                            -77.139983,
                            -12.019584
                        ],
                        [
                            -77.140053,
                            -12.019656
                        ],
                        [
                            -77.140078,
                            -12.019687
                        ],
                        [
                            -77.140153,
                            -12.019776
                        ],
                        [
                            -77.140242,
                            -12.019888
                        ],
                        [
                            -77.140291,
                            -12.019945
                        ],
                        [
                            -77.140333,
                            -12.020007
                        ],
                        [
                            -77.140378,
                            -12.020062
                        ],
                        [
                            -77.140436,
                            -12.020182
                        ],
                        [
                            -77.140457,
                            -12.020246
                        ],
                        [
                            -77.140469,
                            -12.020319
                        ],
                        [
                            -77.140464,
                            -12.020351
                        ],
                        [
                            -77.140455,
                            -12.020448
                        ],
                        [
                            -77.140456,
                            -12.020519
                        ],
                        [
                            -77.140464,
                            -12.020593
                        ],
                        [
                            -77.14046,
                            -12.020659
                        ],
                        [
                            -77.140423,
                            -12.020722
                        ],
                        [
                            -77.140379,
                            -12.020767
                        ],
                        [
                            -77.140346,
                            -12.02083
                        ],
                        [
                            -77.140333,
                            -12.020891
                        ],
                        [
                            -77.14034,
                            -12.020958
                        ],
                        [
                            -77.140396,
                            -12.021063
                        ],
                        [
                            -77.140438,
                            -12.021155
                        ],
                        [
                            -77.140461,
                            -12.021224
                        ],
                        [
                            -77.140489,
                            -12.021286
                        ],
                        [
                            -77.140504,
                            -12.021355
                        ],
                        [
                            -77.140497,
                            -12.021424
                        ],
                        [
                            -77.140448,
                            -12.021474
                        ],
                        [
                            -77.140395,
                            -12.021518
                        ],
                        [
                            -77.140344,
                            -12.021578
                        ],
                        [
                            -77.140346,
                            -12.021642
                        ],
                        [
                            -77.140408,
                            -12.021628
                        ],
                        [
                            -77.14047,
                            -12.021608
                        ],
                        [
                            -77.140525,
                            -12.021569
                        ],
                        [
                            -77.140592,
                            -12.021553
                        ],
                        [
                            -77.14067,
                            -12.021587
                        ],
                        [
                            -77.140728,
                            -12.02163
                        ],
                        [
                            -77.140797,
                            -12.021717
                        ],
                        [
                            -77.140859,
                            -12.021809
                        ],
                        [
                            -77.140896,
                            -12.021871
                        ],
                        [
                            -77.140933,
                            -12.021942
                        ],
                        [
                            -77.140973,
                            -12.022004
                        ],
                        [
                            -77.140999,
                            -12.022031
                        ],
                        [
                            -77.141053,
                            -12.022081
                        ],
                        [
                            -77.141139,
                            -12.022149
                        ],
                        [
                            -77.141201,
                            -12.022181
                        ],
                        [
                            -77.141283,
                            -12.022217
                        ],
                        [
                            -77.141435,
                            -12.02223
                        ],
                        [
                            -77.141499,
                            -12.022231
                        ],
                        [
                            -77.141649,
                            -12.02221
                        ],
                        [
                            -77.141717,
                            -12.022207
                        ],
                        [
                            -77.141852,
                            -12.022218
                        ],
                        [
                            -77.141917,
                            -12.022214
                        ],
                        [
                            -77.141977,
                            -12.022177
                        ],
                        [
                            -77.142045,
                            -12.02217
                        ],
                        [
                            -77.142119,
                            -12.022186
                        ],
                        [
                            -77.142182,
                            -12.02222
                        ],
                        [
                            -77.142249,
                            -12.022202
                        ],
                        [
                            -77.142321,
                            -12.022156
                        ],
                        [
                            -77.142378,
                            -12.022106
                        ],
                        [
                            -77.142431,
                            -12.02204
                        ],
                        [
                            -77.142494,
                            -12.022025
                        ],
                        [
                            -77.142564,
                            -12.022025
                        ],
                        [
                            -77.142627,
                            -12.022011
                        ],
                        [
                            -77.142708,
                            -12.022022
                        ],
                        [
                            -77.142755,
                            -12.022098
                        ],
                        [
                            -77.142757,
                            -12.022167
                        ],
                        [
                            -77.142795,
                            -12.022234
                        ],
                        [
                            -77.142848,
                            -12.022284
                        ],
                        [
                            -77.142887,
                            -12.022343
                        ],
                        [
                            -77.142899,
                            -12.022373
                        ],
                        [
                            -77.142924,
                            -12.022433
                        ],
                        [
                            -77.142962,
                            -12.022529
                        ],
                        [
                            -77.142979,
                            -12.022607
                        ],
                        [
                            -77.142989,
                            -12.022677
                        ],
                        [
                            -77.142991,
                            -12.02274
                        ],
                        [
                            -77.142991,
                            -12.022837
                        ],
                        [
                            -77.142994,
                            -12.022913
                        ],
                        [
                            -77.143001,
                            -12.023002
                        ],
                        [
                            -77.143017,
                            -12.02307
                        ],
                        [
                            -77.143045,
                            -12.023161
                        ],
                        [
                            -77.143083,
                            -12.023239
                        ],
                        [
                            -77.143125,
                            -12.023309
                        ],
                        [
                            -77.143155,
                            -12.023383
                        ],
                        [
                            -77.143176,
                            -12.023445
                        ],
                        [
                            -77.143189,
                            -12.023475
                        ],
                        [
                            -77.143232,
                            -12.023588
                        ],
                        [
                            -77.143241,
                            -12.02362
                        ],
                        [
                            -77.143268,
                            -12.023741
                        ],
                        [
                            -77.143303,
                            -12.023895
                        ],
                        [
                            -77.143348,
                            -12.024055
                        ],
                        [
                            -77.143408,
                            -12.024262
                        ],
                        [
                            -77.143455,
                            -12.024391
                        ],
                        [
                            -77.143486,
                            -12.024455
                        ],
                        [
                            -77.143512,
                            -12.024526
                        ],
                        [
                            -77.143538,
                            -12.024602
                        ],
                        [
                            -77.143557,
                            -12.024666
                        ],
                        [
                            -77.143568,
                            -12.024696
                        ],
                        [
                            -77.14359,
                            -12.024759
                        ],
                        [
                            -77.14362,
                            -12.024859
                        ],
                        [
                            -77.143662,
                            -12.024999
                        ],
                        [
                            -77.143712,
                            -12.025177
                        ],
                        [
                            -77.143744,
                            -12.025295
                        ],
                        [
                            -77.14378,
                            -12.025442
                        ],
                        [
                            -77.14381,
                            -12.02558
                        ],
                        [
                            -77.143844,
                            -12.025714
                        ],
                        [
                            -77.143871,
                            -12.025825
                        ],
                        [
                            -77.14389,
                            -12.025911
                        ],
                        [
                            -77.143917,
                            -12.026033
                        ],
                        [
                            -77.143944,
                            -12.02614
                        ],
                        [
                            -77.143965,
                            -12.026211
                        ],
                        [
                            -77.143976,
                            -12.026243
                        ],
                        [
                            -77.143988,
                            -12.026275
                        ],
                        [
                            -77.144007,
                            -12.02634
                        ],
                        [
                            -77.144049,
                            -12.026522
                        ],
                        [
                            -77.144077,
                            -12.026643
                        ],
                        [
                            -77.144096,
                            -12.026704
                        ],
                        [
                            -77.144127,
                            -12.026762
                        ],
                        [
                            -77.144152,
                            -12.026824
                        ],
                        [
                            -77.144176,
                            -12.026909
                        ],
                        [
                            -77.144182,
                            -12.026945
                        ],
                        [
                            -77.144207,
                            -12.027109
                        ],
                        [
                            -77.144223,
                            -12.027182
                        ],
                        [
                            -77.144237,
                            -12.027226
                        ],
                        [
                            -77.144282,
                            -12.027381
                        ],
                        [
                            -77.14431,
                            -12.02749
                        ],
                        [
                            -77.14434,
                            -12.02768
                        ],
                        [
                            -77.144368,
                            -12.027799
                        ],
                        [
                            -77.144398,
                            -12.0279
                        ],
                        [
                            -77.144423,
                            -12.027975
                        ],
                        [
                            -77.144489,
                            -12.028144
                        ],
                        [
                            -77.144519,
                            -12.028245
                        ],
                        [
                            -77.144549,
                            -12.028366
                        ],
                        [
                            -77.144559,
                            -12.028442
                        ],
                        [
                            -77.144571,
                            -12.028516
                        ],
                        [
                            -77.144575,
                            -12.02858
                        ],
                        [
                            -77.144584,
                            -12.028649
                        ],
                        [
                            -77.144634,
                            -12.028959
                        ],
                        [
                            -77.144648,
                            -12.029037
                        ],
                        [
                            -77.14466,
                            -12.029128
                        ],
                        [
                            -77.144689,
                            -12.029271
                        ],
                        [
                            -77.144708,
                            -12.029354
                        ],
                        [
                            -77.144723,
                            -12.029402
                        ],
                        [
                            -77.144758,
                            -12.029517
                        ],
                        [
                            -77.14478,
                            -12.02959
                        ],
                        [
                            -77.144812,
                            -12.029713
                        ],
                        [
                            -77.144832,
                            -12.029786
                        ],
                        [
                            -77.144852,
                            -12.029856
                        ],
                        [
                            -77.144877,
                            -12.029925
                        ],
                        [
                            -77.144902,
                            -12.029993
                        ],
                        [
                            -77.144951,
                            -12.030136
                        ],
                        [
                            -77.144976,
                            -12.030209
                        ],
                        [
                            -77.14501,
                            -12.030316
                        ],
                        [
                            -77.145038,
                            -12.030375
                        ],
                        [
                            -77.145066,
                            -12.030451
                        ],
                        [
                            -77.145076,
                            -12.030518
                        ],
                        [
                            -77.145136,
                            -12.030531
                        ],
                        [
                            -77.145196,
                            -12.030545
                        ],
                        [
                            -77.145201,
                            -12.03054
                        ],
                        [
                            -77.14521,
                            -12.030522
                        ],
                        [
                            -77.145241,
                            -12.030522
                        ],
                        [
                            -77.145317,
                            -12.030547
                        ],
                        [
                            -77.145336,
                            -12.030558
                        ],
                        [
                            -77.145357,
                            -12.030567
                        ],
                        [
                            -77.145394,
                            -12.0306
                        ],
                        [
                            -77.145441,
                            -12.030669
                        ],
                        [
                            -77.145448,
                            -12.030666
                        ],
                        [
                            -77.145454,
                            -12.030687
                        ],
                        [
                            -77.145463,
                            -12.030702
                        ],
                        [
                            -77.145474,
                            -12.030715
                        ],
                        [
                            -77.145506,
                            -12.030747
                        ],
                        [
                            -77.145568,
                            -12.030795
                        ],
                        [
                            -77.145621,
                            -12.030829
                        ],
                        [
                            -77.145627,
                            -12.030835
                        ],
                        [
                            -77.145653,
                            -12.030866
                        ],
                        [
                            -77.145652,
                            -12.03089
                        ],
                        [
                            -77.145642,
                            -12.030912
                        ],
                        [
                            -77.145637,
                            -12.030926
                        ],
                        [
                            -77.145629,
                            -12.030935
                        ],
                        [
                            -77.145659,
                            -12.03101
                        ],
                        [
                            -77.145668,
                            -12.031008
                        ],
                        [
                            -77.145708,
                            -12.031007
                        ],
                        [
                            -77.145717,
                            -12.031008
                        ],
                        [
                            -77.145738,
                            -12.031011
                        ],
                        [
                            -77.145747,
                            -12.031014
                        ],
                        [
                            -77.145806,
                            -12.03104
                        ],
                        [
                            -77.14591,
                            -12.0311
                        ],
                        [
                            -77.145949,
                            -12.031119
                        ],
                        [
                            -77.146113,
                            -12.031218
                        ],
                        [
                            -77.147147,
                            -12.030935
                        ],
                        [
                            -77.14818,
                            -12.030651
                        ],
                        [
                            -77.148187,
                            -12.030649
                        ],
                        [
                            -77.1482,
                            -12.030647
                        ],
                        [
                            -77.148221,
                            -12.030644
                        ],
                        [
                            -77.148242,
                            -12.030642
                        ],
                        [
                            -77.148273,
                            -12.030642
                        ],
                        [
                            -77.148298,
                            -12.030644
                        ],
                        [
                            -77.148321,
                            -12.030648
                        ],
                        [
                            -77.148352,
                            -12.030656
                        ],
                        [
                            -77.148365,
                            -12.030661
                        ],
                        [
                            -77.148378,
                            -12.030666
                        ],
                        [
                            -77.148397,
                            -12.030674
                        ],
                        [
                            -77.148409,
                            -12.03068
                        ],
                        [
                            -77.148433,
                            -12.030695
                        ],
                        [
                            -77.14845,
                            -12.030706
                        ],
                        [
                            -77.148476,
                            -12.030729
                        ],
                        [
                            -77.148483,
                            -12.030737
                        ],
                        [
                            -77.148504,
                            -12.030759
                        ],
                        [
                            -77.14851,
                            -12.030768
                        ],
                        [
                            -77.148523,
                            -12.030784
                        ],
                        [
                            -77.148531,
                            -12.0308
                        ],
                        [
                            -77.148536,
                            -12.030808
                        ],
                        [
                            -77.148544,
                            -12.030823
                        ],
                        [
                            -77.148554,
                            -12.030849
                        ],
                        [
                            -77.148557,
                            -12.030854
                        ],
                        [
                            -77.148562,
                            -12.030871
                        ],
                        [
                            -77.148569,
                            -12.030905
                        ],
                        [
                            -77.148573,
                            -12.030928
                        ],
                        [
                            -77.148573,
                            -12.030939
                        ],
                        [
                            -77.148573,
                            -12.030959
                        ],
                        [
                            -77.148573,
                            -12.030975
                        ],
                        [
                            -77.148365,
                            -12.032306
                        ],
                        [
                            -77.147849,
                            -12.032853
                        ],
                        [
                            -77.14796,
                            -12.033969
                        ],
                        [
                            -77.147958,
                            -12.03463
                        ],
                        [
                            -77.147956,
                            -12.035292
                        ],
                        [
                            -77.14795,
                            -12.035835
                        ],
                        [
                            -77.147945,
                            -12.036378
                        ],
                        [
                            -77.147906,
                            -12.036833
                        ],
                        [
                            -77.14773,
                            -12.037832
                        ],
                        [
                            -77.148068,
                            -12.038036
                        ],
                        [
                            -77.148407,
                            -12.038239
                        ],
                        [
                            -77.148628,
                            -12.038407
                        ],
                        [
                            -77.148734,
                            -12.038498
                        ],
                        [
                            -77.148852,
                            -12.038615
                        ],
                        [
                            -77.150059,
                            -12.04
                        ],
                        [
                            -77.150904,
                            -12.04097
                        ],
                        [
                            -77.15175,
                            -12.041941
                        ],
                        [
                            -77.15351,
                            -12.043975
                        ],
                        [
                            -77.155271,
                            -12.04601
                        ],
                        [
                            -77.155513,
                            -12.046305
                        ],
                        [
                            -77.155754,
                            -12.046599
                        ],
                        [
                            -77.155759,
                            -12.046606
                        ],
                        [
                            -77.155765,
                            -12.046613
                        ],
                        [
                            -77.15577,
                            -12.04662
                        ],
                        [
                            -77.155776,
                            -12.046627
                        ],
                        [
                            -77.155782,
                            -12.046633
                        ],
                        [
                            -77.155788,
                            -12.046639
                        ],
                        [
                            -77.155795,
                            -12.046645
                        ],
                        [
                            -77.155801,
                            -12.046651
                        ],
                        [
                            -77.155808,
                            -12.046656
                        ],
                        [
                            -77.155815,
                            -12.046661
                        ],
                        [
                            -77.155823,
                            -12.046666
                        ],
                        [
                            -77.15583,
                            -12.046671
                        ],
                        [
                            -77.155838,
                            -12.046676
                        ],
                        [
                            -77.155845,
                            -12.04668
                        ],
                        [
                            -77.155853,
                            -12.046684
                        ],
                        [
                            -77.155861,
                            -12.046687
                        ],
                        [
                            -77.155869,
                            -12.046691
                        ],
                        [
                            -77.155878,
                            -12.046694
                        ],
                        [
                            -77.155886,
                            -12.046697
                        ],
                        [
                            -77.155895,
                            -12.046699
                        ],
                        [
                            -77.156291,
                            -12.04681
                        ],
                        [
                            -77.156293,
                            -12.04681
                        ],
                        [
                            -77.156294,
                            -12.046811
                        ],
                        [
                            -77.156295,
                            -12.046811
                        ],
                        [
                            -77.156297,
                            -12.046811
                        ],
                        [
                            -77.156298,
                            -12.046812
                        ],
                        [
                            -77.1563,
                            -12.046812
                        ],
                        [
                            -77.156301,
                            -12.046813
                        ],
                        [
                            -77.156302,
                            -12.046814
                        ],
                        [
                            -77.156303,
                            -12.046814
                        ],
                        [
                            -77.156305,
                            -12.046815
                        ],
                        [
                            -77.156306,
                            -12.046816
                        ],
                        [
                            -77.156307,
                            -12.046816
                        ],
                        [
                            -77.156308,
                            -12.046817
                        ],
                        [
                            -77.15631,
                            -12.046818
                        ],
                        [
                            -77.156311,
                            -12.046819
                        ],
                        [
                            -77.156312,
                            -12.04682
                        ],
                        [
                            -77.156313,
                            -12.046821
                        ],
                        [
                            -77.156314,
                            -12.046822
                        ],
                        [
                            -77.156315,
                            -12.046823
                        ],
                        [
                            -77.156316,
                            -12.046824
                        ],
                        [
                            -77.156317,
                            -12.046825
                        ],
                        [
                            -77.156318,
                            -12.046826
                        ],
                        [
                            -77.156318,
                            -12.046828
                        ],
                        [
                            -77.156319,
                            -12.046829
                        ],
                        [
                            -77.15632,
                            -12.04683
                        ],
                        [
                            -77.156321,
                            -12.046831
                        ],
                        [
                            -77.156321,
                            -12.046832
                        ],
                        [
                            -77.156322,
                            -12.046834
                        ],
                        [
                            -77.156322,
                            -12.046835
                        ],
                        [
                            -77.156323,
                            -12.046836
                        ],
                        [
                            -77.156323,
                            -12.046838
                        ],
                        [
                            -77.156324,
                            -12.046839
                        ],
                        [
                            -77.156324,
                            -12.046841
                        ],
                        [
                            -77.156325,
                            -12.046842
                        ],
                        [
                            -77.156325,
                            -12.046843
                        ],
                        [
                            -77.156325,
                            -12.046845
                        ],
                        [
                            -77.156325,
                            -12.046846
                        ],
                        [
                            -77.156325,
                            -12.046848
                        ],
                        [
                            -77.156325,
                            -12.046849
                        ],
                        [
                            -77.156325,
                            -12.04685
                        ],
                        [
                            -77.156325,
                            -12.046852
                        ],
                        [
                            -77.156325,
                            -12.046853
                        ],
                        [
                            -77.156325,
                            -12.046855
                        ],
                        [
                            -77.156325,
                            -12.046856
                        ],
                        [
                            -77.156325,
                            -12.046857
                        ],
                        [
                            -77.156325,
                            -12.046859
                        ],
                        [
                            -77.156324,
                            -12.04686
                        ],
                        [
                            -77.156324,
                            -12.046862
                        ],
                        [
                            -77.156323,
                            -12.046863
                        ],
                        [
                            -77.156323,
                            -12.046864
                        ],
                        [
                            -77.156322,
                            -12.046866
                        ],
                        [
                            -77.156322,
                            -12.046867
                        ],
                        [
                            -77.156321,
                            -12.046868
                        ],
                        [
                            -77.156321,
                            -12.04687
                        ],
                        [
                            -77.15632,
                            -12.046871
                        ],
                        [
                            -77.156319,
                            -12.046872
                        ],
                        [
                            -77.156318,
                            -12.046873
                        ],
                        [
                            -77.156318,
                            -12.046874
                        ],
                        [
                            -77.156317,
                            -12.046876
                        ],
                        [
                            -77.156316,
                            -12.046877
                        ],
                        [
                            -77.156315,
                            -12.046878
                        ],
                        [
                            -77.156314,
                            -12.046879
                        ],
                        [
                            -77.156313,
                            -12.04688
                        ],
                        [
                            -77.156312,
                            -12.046881
                        ],
                        [
                            -77.156311,
                            -12.046882
                        ],
                        [
                            -77.15631,
                            -12.046883
                        ],
                        [
                            -77.156308,
                            -12.046883
                        ],
                        [
                            -77.156307,
                            -12.046884
                        ],
                        [
                            -77.156306,
                            -12.046885
                        ],
                        [
                            -77.156305,
                            -12.046886
                        ],
                        [
                            -77.156303,
                            -12.046886
                        ],
                        [
                            -77.156302,
                            -12.046887
                        ],
                        [
                            -77.156301,
                            -12.046888
                        ],
                        [
                            -77.1563,
                            -12.046888
                        ],
                        [
                            -77.156298,
                            -12.046889
                        ],
                        [
                            -77.156297,
                            -12.046889
                        ],
                        [
                            -77.156295,
                            -12.04689
                        ],
                        [
                            -77.156294,
                            -12.04689
                        ],
                        [
                            -77.156293,
                            -12.04689
                        ],
                        [
                            -77.156291,
                            -12.046891
                        ],
                        [
                            -77.15629,
                            -12.046891
                        ],
                        [
                            -77.156288,
                            -12.046891
                        ],
                        [
                            -77.156287,
                            -12.046891
                        ],
                        [
                            -77.156285,
                            -12.046891
                        ],
                        [
                            -77.156284,
                            -12.046891
                        ],
                        [
                            -77.156283,
                            -12.046891
                        ],
                        [
                            -77.156281,
                            -12.046891
                        ],
                        [
                            -77.15628,
                            -12.046891
                        ],
                        [
                            -77.156278,
                            -12.046891
                        ],
                        [
                            -77.156277,
                            -12.046891
                        ],
                        [
                            -77.156275,
                            -12.04689
                        ],
                        [
                            -77.156274,
                            -12.04689
                        ],
                        [
                            -77.156273,
                            -12.04689
                        ],
                        [
                            -77.156067,
                            -12.046833
                        ],
                        [
                            -77.155862,
                            -12.046775
                        ],
                        [
                            -77.155849,
                            -12.04677
                        ],
                        [
                            -77.155836,
                            -12.046765
                        ],
                        [
                            -77.155824,
                            -12.046759
                        ],
                        [
                            -77.155811,
                            -12.046752
                        ],
                        [
                            -77.155799,
                            -12.046745
                        ],
                        [
                            -77.155787,
                            -12.046738
                        ],
                        [
                            -77.155775,
                            -12.04673
                        ],
                        [
                            -77.155764,
                            -12.046722
                        ],
                        [
                            -77.155753,
                            -12.046713
                        ],
                        [
                            -77.155742,
                            -12.046705
                        ],
                        [
                            -77.155732,
                            -12.046695
                        ],
                        [
                            -77.155721,
                            -12.046686
                        ],
                        [
                            -77.155712,
                            -12.046676
                        ],
                        [
                            -77.155702,
                            -12.046665
                        ],
                        [
                            -77.155693,
                            -12.046655
                        ],
                        [
                            -77.155207,
                            -12.046063
                        ],
                        [
                            -77.153447,
                            -12.044028
                        ],
                        [
                            -77.151687,
                            -12.041993
                        ],
                        [
                            -77.150842,
                            -12.041024
                        ],
                        [
                            -77.150842,
                            -12.041024
                        ],
                        [
                            -77.150239,
                            -12.040332
                        ],
                        [
                            -77.150103,
                            -12.040176
                        ],
                        [
                            -77.149998,
                            -12.040056
                        ],
                        [
                            -77.149967,
                            -12.040082
                        ],
                        [
                            -77.149935,
                            -12.040086
                        ],
                        [
                            -77.149759,
                            -12.039913
                        ],
                        [
                            -77.149806,
                            -12.039834
                        ],
                        [
                            -77.149703,
                            -12.039717
                        ],
                        [
                            -77.149601,
                            -12.039599
                        ],
                        [
                            -77.149607,
                            -12.03968
                        ],
                        [
                            -77.149627,
                            -12.039735
                        ],
                        [
                            -77.149562,
                            -12.039741
                        ],
                        [
                            -77.149516,
                            -12.03971
                        ],
                        [
                            -77.14943,
                            -12.039643
                        ],
                        [
                            -77.149339,
                            -12.039553
                        ],
                        [
                            -77.149239,
                            -12.039424
                        ],
                        [
                            -77.149166,
                            -12.039295
                        ],
                        [
                            -77.149267,
                            -12.039217
                        ],
                        [
                            -77.149124,
                            -12.039052
                        ],
                        [
                            -77.14898,
                            -12.038886
                        ],
                        [
                            -77.149089,
                            -12.039123
                        ],
                        [
                            -77.149066,
                            -12.039142
                        ],
                        [
                            -77.149002,
                            -12.039053
                        ],
                        [
                            -77.148911,
                            -12.03894
                        ],
                        [
                            -77.148813,
                            -12.038832
                        ],
                        [
                            -77.148654,
                            -12.038681
                        ],
                        [
                            -77.148454,
                            -12.038524
                        ],
                        [
                            -77.148332,
                            -12.038442
                        ],
                        [
                            -77.148215,
                            -12.038374
                        ],
                        [
                            -77.14816,
                            -12.038363
                        ],
                        [
                            -77.14809,
                            -12.038345
                        ],
                        [
                            -77.14802,
                            -12.03832
                        ],
                        [
                            -77.147938,
                            -12.038282
                        ],
                        [
                            -77.147875,
                            -12.038244
                        ],
                        [
                            -77.147815,
                            -12.038201
                        ],
                        [
                            -77.147761,
                            -12.038153
                        ],
                        [
                            -77.147719,
                            -12.038119
                        ],
                        [
                            -77.147638,
                            -12.038077
                        ],
                        [
                            -77.14755,
                            -12.038054
                        ],
                        [
                            -77.147441,
                            -12.038049
                        ],
                        [
                            -77.146719,
                            -12.039309
                        ],
                        [
                            -77.142971,
                            -12.037413
                        ],
                        [
                            -77.141186,
                            -12.037996
                        ],
                        [
                            -77.141116,
                            -12.038165
                        ],
                        [
                            -77.142655,
                            -12.038937
                        ],
                        [
                            -77.142574,
                            -12.039047
                        ],
                        [
                            -77.141053,
                            -12.038273
                        ],
                        [
                            -77.140724,
                            -12.038867
                        ],
                        [
                            -77.143715,
                            -12.040368
                        ],
                        [
                            -77.143653,
                            -12.040457
                        ],
                        [
                            -77.140684,
                            -12.038979
                        ],
                        [
                            -77.140399,
                            -12.039492
                        ],
                        [
                            -77.140611,
                            -12.039615
                        ],
                        [
                            -77.140598,
                            -12.039657
                        ],
                        [
                            -77.142375,
                            -12.040578
                        ],
                        [
                            -77.142314,
                            -12.040692
                        ],
                        [
                            -77.139215,
                            -12.039121
                        ],
                        [
                            -77.138783,
                            -12.03908
                        ],
                        [
                            -77.139057,
                            -12.039327
                        ],
                        [
                            -77.140379,
                            -12.039998
                        ],
                        [
                            -77.140389,
                            -12.040005
                        ],
                        [
                            -77.140398,
                            -12.040012
                        ],
                        [
                            -77.140408,
                            -12.040019
                        ],
                        [
                            -77.140417,
                            -12.040026
                        ],
                        [
                            -77.140425,
                            -12.040034
                        ],
                        [
                            -77.140434,
                            -12.040042
                        ],
                        [
                            -77.140442,
                            -12.040051
                        ],
                        [
                            -77.14045,
                            -12.040059
                        ],
                        [
                            -77.140457,
                            -12.040068
                        ],
                        [
                            -77.140465,
                            -12.040077
                        ],
                        [
                            -77.140471,
                            -12.040087
                        ],
                        [
                            -77.140478,
                            -12.040096
                        ],
                        [
                            -77.140484,
                            -12.040106
                        ],
                        [
                            -77.14049,
                            -12.040116
                        ],
                        [
                            -77.140496,
                            -12.040126
                        ],
                        [
                            -77.140501,
                            -12.040137
                        ],
                        [
                            -77.140506,
                            -12.040147
                        ],
                        [
                            -77.14051,
                            -12.040158
                        ],
                        [
                            -77.140514,
                            -12.040169
                        ],
                        [
                            -77.140518,
                            -12.04018
                        ],
                        [
                            -77.140521,
                            -12.040191
                        ],
                        [
                            -77.140524,
                            -12.040202
                        ],
                        [
                            -77.140527,
                            -12.040214
                        ],
                        [
                            -77.140529,
                            -12.040225
                        ],
                        [
                            -77.140531,
                            -12.040237
                        ],
                        [
                            -77.140532,
                            -12.040248
                        ],
                        [
                            -77.140533,
                            -12.04026
                        ],
                        [
                            -77.140533,
                            -12.040271
                        ],
                        [
                            -77.140534,
                            -12.040283
                        ],
                        [
                            -77.140533,
                            -12.040294
                        ],
                        [
                            -77.140533,
                            -12.040306
                        ],
                        [
                            -77.140532,
                            -12.040317
                        ],
                        [
                            -77.14053,
                            -12.040329
                        ],
                        [
                            -77.140528,
                            -12.04034
                        ],
                        [
                            -77.140526,
                            -12.040352
                        ],
                        [
                            -77.140523,
                            -12.040363
                        ],
                        [
                            -77.14052,
                            -12.040374
                        ],
                        [
                            -77.140517,
                            -12.040385
                        ],
                        [
                            -77.140513,
                            -12.040396
                        ],
                        [
                            -77.140509,
                            -12.040407
                        ],
                        [
                            -77.140504,
                            -12.040418
                        ],
                        [
                            -77.140499,
                            -12.040428
                        ],
                        [
                            -77.140172,
                            -12.041095
                        ],
                        [
                            -77.142656,
                            -12.042373
                        ],
                        [
                            -77.142581,
                            -12.042515
                        ],
                        [
                            -77.141848,
                            -12.042144
                        ],
                        [
                            -77.141116,
                            -12.041773
                        ],
                        [
                            -77.141082,
                            -12.041808
                        ],
                        [
                            -77.141038,
                            -12.041859
                        ],
                        [
                            -77.141003,
                            -12.041913
                        ],
                        [
                            -77.140983,
                            -12.041956
                        ],
                        [
                            -77.140961,
                            -12.04201
                        ],
                        [
                            -77.140926,
                            -12.042086
                        ],
                        [
                            -77.140885,
                            -12.04216
                        ],
                        [
                            -77.140857,
                            -12.042224
                        ],
                        [
                            -77.140841,
                            -12.042265
                        ],
                        [
                            -77.140797,
                            -12.042343
                        ],
                        [
                            -77.140784,
                            -12.042378
                        ],
                        [
                            -77.140766,
                            -12.04245
                        ],
                        [
                            -77.140765,
                            -12.0425
                        ],
                        [
                            -77.140769,
                            -12.042528
                        ],
                        [
                            -77.140807,
                            -12.04263
                        ],
                        [
                            -77.140824,
                            -12.042693
                        ],
                        [
                            -77.140845,
                            -12.042803
                        ],
                        [
                            -77.14085,
                            -12.04284
                        ],
                        [
                            -77.140851,
                            -12.04286
                        ],
                        [
                            -77.14085,
                            -12.042917
                        ],
                        [
                            -77.140844,
                            -12.043002
                        ],
                        [
                            -77.140842,
                            -12.043057
                        ],
                        [
                            -77.140843,
                            -12.043104
                        ],
                        [
                            -77.140848,
                            -12.043132
                        ],
                        [
                            -77.140849,
                            -12.043177
                        ],
                        [
                            -77.140866,
                            -12.04329
                        ],
                        [
                            -77.140878,
                            -12.04334
                        ],
                        [
                            -77.140883,
                            -12.043398
                        ],
                        [
                            -77.140896,
                            -12.043466
                        ],
                        [
                            -77.140913,
                            -12.043516
                        ],
                        [
                            -77.140915,
                            -12.043544
                        ],
                        [
                            -77.140923,
                            -12.043581
                        ],
                        [
                            -77.140925,
                            -12.04362
                        ],
                        [
                            -77.140932,
                            -12.043657
                        ],
                        [
                            -77.140932,
                            -12.043691
                        ],
                        [
                            -77.140934,
                            -12.043714
                        ],
                        [
                            -77.140944,
                            -12.043831
                        ],
                        [
                            -77.141148,
                            -12.043703
                        ],
                        [
                            -77.141172,
                            -12.043739
                        ],
                        [
                            -77.141005,
                            -12.04385
                        ],
                        [
                            -77.141049,
                            -12.0439
                        ],
                        [
                            -77.141165,
                            -12.043838
                        ],
                        [
                            -77.141189,
                            -12.043873
                        ],
                        [
                            -77.14103,
                            -12.043957
                        ],
                        [
                            -77.140963,
                            -12.04393
                        ],
                        [
                            -77.140944,
                            -12.043945
                        ],
                        [
                            -77.140948,
                            -12.043996
                        ],
                        [
                            -77.140951,
                            -12.044047
                        ],
                        [
                            -77.140949,
                            -12.044087
                        ],
                        [
                            -77.140947,
                            -12.044128
                        ],
                        [
                            -77.140931,
                            -12.044164
                        ],
                        [
                            -77.140924,
                            -12.044198
                        ],
                        [
                            -77.140926,
                            -12.044226
                        ],
                        [
                            -77.140908,
                            -12.044261
                        ],
                        [
                            -77.141299,
                            -12.044253
                        ],
                        [
                            -77.141292,
                            -12.044325
                        ],
                        [
                            -77.141087,
                            -12.044327
                        ],
                        [
                            -77.141264,
                            -12.045352
                        ],
                        [
                            -77.141378,
                            -12.045379
                        ],
                        [
                            -77.141355,
                            -12.045519
                        ],
                        [
                            -77.140857,
                            -12.045403
                        ],
                        [
                            -77.14085,
                            -12.045447
                        ],
                        [
                            -77.140842,
                            -12.045491
                        ],
                        [
                            -77.14084,
                            -12.045558
                        ],
                        [
                            -77.140862,
                            -12.04562
                        ],
                        [
                            -77.1409,
                            -12.045687
                        ],
                        [
                            -77.14093,
                            -12.04573
                        ],
                        [
                            -77.14095,
                            -12.045765
                        ],
                        [
                            -77.14099,
                            -12.04582
                        ],
                        [
                            -77.141016,
                            -12.045847
                        ],
                        [
                            -77.141067,
                            -12.045894
                        ],
                        [
                            -77.141128,
                            -12.045964
                        ],
                        [
                            -77.141186,
                            -12.046028
                        ],
                        [
                            -77.141219,
                            -12.046066
                        ],
                        [
                            -77.141296,
                            -12.046159
                        ],
                        [
                            -77.141317,
                            -12.046194
                        ],
                        [
                            -77.141338,
                            -12.046251
                        ],
                        [
                            -77.141366,
                            -12.046379
                        ],
                        [
                            -77.141382,
                            -12.046417
                        ],
                        [
                            -77.14143,
                            -12.046504
                        ],
                        [
                            -77.141445,
                            -12.04652
                        ],
                        [
                            -77.141535,
                            -12.046623
                        ],
                        [
                            -77.141565,
                            -12.046648
                        ],
                        [
                            -77.141625,
                            -12.046717
                        ],
                        [
                            -77.14167,
                            -12.046754
                        ],
                        [
                            -77.141779,
                            -12.046793
                        ],
                        [
                            -77.141875,
                            -12.046784
                        ],
                        [
                            -77.141944,
                            -12.046774
                        ],
                        [
                            -77.142077,
                            -12.046725
                        ],
                        [
                            -77.142103,
                            -12.0467
                        ],
                        [
                            -77.142154,
                            -12.046631
                        ],
                        [
                            -77.142337,
                            -12.04644
                        ],
                        [
                            -77.142461,
                            -12.046279
                        ],
                        [
                            -77.142496,
                            -12.046231
                        ],
                        [
                            -77.142582,
                            -12.046125
                        ],
                        [
                            -77.142616,
                            -12.046093
                        ],
                        [
                            -77.14269,
                            -12.046022
                        ],
                        [
                            -77.142732,
                            -12.045967
                        ],
                        [
                            -77.142779,
                            -12.045856
                        ],
                        [
                            -77.142781,
                            -12.04581
                        ],
                        [
                            -77.142786,
                            -12.045776
                        ],
                        [
                            -77.142783,
                            -12.045732
                        ],
                        [
                            -77.142771,
                            -12.045688
                        ],
                        [
                            -77.14275,
                            -12.045666
                        ],
                        [
                            -77.145034,
                            -12.042986
                        ],
                        [
                            -77.146296,
                            -12.044058
                        ],
                        [
                            -77.144024,
                            -12.046697
                        ],
                        [
                            -77.144053,
                            -12.04716
                        ],
                        [
                            -77.145681,
                            -12.04708
                        ],
                        [
                            -77.1457,
                            -12.04732
                        ],
                        [
                            -77.144081,
                            -12.047425
                        ],
                        [
                            -77.144135,
                            -12.048231
                        ],
                        [
                            -77.145769,
                            -12.048136
                        ],
                        [
                            -77.145824,
                            -12.048916
                        ],
                        [
                            -77.144208,
                            -12.049055
                        ],
                        [
                            -77.144308,
                            -12.049838
                        ],
                        [
                            -77.145903,
                            -12.049745
                        ],
                        [
                            -77.145954,
                            -12.050522
                        ],
                        [
                            -77.144346,
                            -12.050647
                        ],
                        [
                            -77.144414,
                            -12.051491
                        ],
                        [
                            -77.146001,
                            -12.051355
                        ],
                        [
                            -77.146033,
                            -12.051676
                        ],
                        [
                            -77.144415,
                            -12.051831
                        ],
                        [
                            -77.144469,
                            -12.052325
                        ],
                        [
                            -77.145925,
                            -12.054101
                        ],
                        [
                            -77.148714,
                            -12.057382
                        ],
                        [
                            -77.148746,
                            -12.057355
                        ],
                        [
                            -77.148842,
                            -12.056989
                        ],
                        [
                            -77.14904,
                            -12.057011
                        ],
                        [
                            -77.14999,
                            -12.056172
                        ],
                        [
                            -77.149947,
                            -12.055902
                        ],
                        [
                            -77.14733,
                            -12.05285
                        ],
                        [
                            -77.147665,
                            -12.052632
                        ],
                        [
                            -77.149831,
                            -12.055174
                        ],
                        [
                            -77.149736,
                            -12.055265
                        ],
                        [
                            -77.150324,
                            -12.05598
                        ],
                        [
                            -77.151185,
                            -12.054724
                        ],
                        [
                            -77.152045,
                            -12.053467
                        ],
                        [
                            -77.153136,
                            -12.051834
                        ],
                        [
                            -77.154227,
                            -12.050202
                        ],
                        [
                            -77.154269,
                            -12.050132
                        ],
                        [
                            -77.154421,
                            -12.049903
                        ],
                        [
                            -77.154543,
                            -12.049753
                        ],
                        [
                            -77.154694,
                            -12.049592
                        ],
                        [
                            -77.154875,
                            -12.049425
                        ],
                        [
                            -77.155056,
                            -12.049259
                        ],
                        [
                            -77.155191,
                            -12.049143
                        ],
                        [
                            -77.155665,
                            -12.048757
                        ],
                        [
                            -77.155848,
                            -12.048697
                        ],
                        [
                            -77.156028,
                            -12.048631
                        ],
                        [
                            -77.15634,
                            -12.048494
                        ],
                        [
                            -77.156341,
                            -12.048493
                        ],
                        [
                            -77.156342,
                            -12.048493
                        ],
                        [
                            -77.156343,
                            -12.048493
                        ],
                        [
                            -77.156344,
                            -12.048492
                        ],
                        [
                            -77.156346,
                            -12.048492
                        ],
                        [
                            -77.156347,
                            -12.048492
                        ],
                        [
                            -77.156348,
                            -12.048491
                        ],
                        [
                            -77.156349,
                            -12.048491
                        ],
                        [
                            -77.15635,
                            -12.048491
                        ],
                        [
                            -77.156351,
                            -12.048491
                        ],
                        [
                            -77.156352,
                            -12.048491
                        ],
                        [
                            -77.156353,
                            -12.048491
                        ],
                        [
                            -77.156354,
                            -12.048491
                        ],
                        [
                            -77.156356,
                            -12.048491
                        ],
                        [
                            -77.156357,
                            -12.048491
                        ],
                        [
                            -77.156358,
                            -12.048491
                        ],
                        [
                            -77.156359,
                            -12.048491
                        ],
                        [
                            -77.15636,
                            -12.048491
                        ],
                        [
                            -77.156361,
                            -12.048491
                        ],
                        [
                            -77.156362,
                            -12.048491
                        ],
                        [
                            -77.156363,
                            -12.048492
                        ],
                        [
                            -77.156364,
                            -12.048492
                        ],
                        [
                            -77.156365,
                            -12.048492
                        ],
                        [
                            -77.156366,
                            -12.048493
                        ],
                        [
                            -77.156367,
                            -12.048493
                        ],
                        [
                            -77.156369,
                            -12.048494
                        ],
                        [
                            -77.15637,
                            -12.048494
                        ],
                        [
                            -77.15637,
                            -12.048495
                        ],
                        [
                            -77.156371,
                            -12.048495
                        ],
                        [
                            -77.156372,
                            -12.048496
                        ],
                        [
                            -77.156373,
                            -12.048496
                        ],
                        [
                            -77.156374,
                            -12.048497
                        ],
                        [
                            -77.156375,
                            -12.048498
                        ],
                        [
                            -77.156376,
                            -12.048498
                        ],
                        [
                            -77.156377,
                            -12.048499
                        ],
                        [
                            -77.156378,
                            -12.0485
                        ],
                        [
                            -77.156378,
                            -12.048501
                        ],
                        [
                            -77.156379,
                            -12.048502
                        ],
                        [
                            -77.15638,
                            -12.048502
                        ],
                        [
                            -77.156381,
                            -12.048503
                        ],
                        [
                            -77.156381,
                            -12.048504
                        ],
                        [
                            -77.156382,
                            -12.048505
                        ],
                        [
                            -77.156382,
                            -12.048506
                        ],
                        [
                            -77.156383,
                            -12.048507
                        ],
                        [
                            -77.156384,
                            -12.048508
                        ],
                        [
                            -77.156384,
                            -12.048509
                        ],
                        [
                            -77.156384,
                            -12.04851
                        ],
                        [
                            -77.156385,
                            -12.048511
                        ],
                        [
                            -77.156385,
                            -12.048512
                        ],
                        [
                            -77.156386,
                            -12.048513
                        ],
                        [
                            -77.156386,
                            -12.048514
                        ],
                        [
                            -77.156386,
                            -12.048515
                        ],
                        [
                            -77.156386,
                            -12.048516
                        ],
                        [
                            -77.156387,
                            -12.048517
                        ],
                        [
                            -77.156387,
                            -12.048518
                        ],
                        [
                            -77.156387,
                            -12.04852
                        ],
                        [
                            -77.156387,
                            -12.048521
                        ],
                        [
                            -77.156387,
                            -12.048522
                        ],
                        [
                            -77.156387,
                            -12.048523
                        ],
                        [
                            -77.156387,
                            -12.048524
                        ],
                        [
                            -77.156387,
                            -12.048525
                        ],
                        [
                            -77.156387,
                            -12.048526
                        ],
                        [
                            -77.156387,
                            -12.048527
                        ],
                        [
                            -77.156386,
                            -12.048528
                        ],
                        [
                            -77.156386,
                            -12.048529
                        ],
                        [
                            -77.156386,
                            -12.04853
                        ],
                        [
                            -77.156386,
                            -12.048532
                        ],
                        [
                            -77.156385,
                            -12.048533
                        ],
                        [
                            -77.156385,
                            -12.048534
                        ],
                        [
                            -77.156385,
                            -12.048535
                        ],
                        [
                            -77.156384,
                            -12.048536
                        ],
                        [
                            -77.156384,
                            -12.048537
                        ],
                        [
                            -77.156383,
                            -12.048538
                        ],
                        [
                            -77.156383,
                            -12.048539
                        ],
                        [
                            -77.156382,
                            -12.04854
                        ],
                        [
                            -77.156381,
                            -12.04854
                        ],
                        [
                            -77.156381,
                            -12.048541
                        ],
                        [
                            -77.15638,
                            -12.048542
                        ],
                        [
                            -77.156379,
                            -12.048543
                        ],
                        [
                            -77.156379,
                            -12.048544
                        ],
                        [
                            -77.156378,
                            -12.048545
                        ],
                        [
                            -77.156377,
                            -12.048545
                        ],
                        [
                            -77.156376,
                            -12.048546
                        ],
                        [
                            -77.156375,
                            -12.048547
                        ],
                        [
                            -77.156374,
                            -12.048548
                        ],
                        [
                            -77.156374,
                            -12.048548
                        ],
                        [
                            -77.156373,
                            -12.048549
                        ],
                        [
                            -77.156372,
                            -12.048549
                        ],
                        [
                            -77.156371,
                            -12.04855
                        ],
                        [
                            -77.15637,
                            -12.048551
                        ],
                        [
                            -77.156369,
                            -12.048551
                        ],
                        [
                            -77.156368,
                            -12.048552
                        ],
                        [
                            -77.156367,
                            -12.048552
                        ],
                        [
                            -77.155692,
                            -12.048815
                        ],
                        [
                            -77.15492,
                            -12.049471
                        ],
                        [
                            -77.154665,
                            -12.049715
                        ],
                        [
                            -77.154591,
                            -12.049794
                        ],
                        [
                            -77.154472,
                            -12.04994
                        ],
                        [
                            -77.150383,
                            -12.056054
                        ],
                        [
                            -77.150427,
                            -12.056138
                        ],
                        [
                            -77.148916,
                            -12.057426
                        ],
                        [
                            -77.148869,
                            -12.05767
                        ],
                        [
                            -77.149241,
                            -12.058088
                        ],
                        [
                            -77.14917,
                            -12.058166
                        ],
                        [
                            -77.149111,
                            -12.058115
                        ],
                        [
                            -77.149142,
                            -12.058079
                        ],
                        [
                            -77.14884,
                            -12.057765
                        ],
                        [
                            -77.148636,
                            -12.058577
                        ],
                        [
                            -77.149244,
                            -12.058703
                        ],
                        [
                            -77.149326,
                            -12.058429
                        ],
                        [
                            -77.149279,
                            -12.05841
                        ],
                        [
                            -77.1493,
                            -12.058359
                        ],
                        [
                            -77.149416,
                            -12.05841
                        ],
                        [
                            -77.149295,
                            -12.05879
                        ],
                        [
                            -77.149314,
                            -12.058802
                        ],
                        [
                            -77.149334,
                            -12.058813
                        ],
                        [
                            -77.149356,
                            -12.058832
                        ],
                        [
                            -77.149389,
                            -12.058859
                        ],
                        [
                            -77.149405,
                            -12.058873
                        ],
                        [
                            -77.149439,
                            -12.058897
                        ],
                        [
                            -77.149453,
                            -12.058911
                        ],
                        [
                            -77.149509,
                            -12.058959
                        ],
                        [
                            -77.149545,
                            -12.058992
                        ],
                        [
                            -77.149556,
                            -12.059007
                        ],
                        [
                            -77.149588,
                            -12.059044
                        ],
                        [
                            -77.149603,
                            -12.059068
                        ],
                        [
                            -77.149621,
                            -12.059087
                        ],
                        [
                            -77.14965,
                            -12.059129
                        ],
                        [
                            -77.149675,
                            -12.059159
                        ],
                        [
                            -77.149699,
                            -12.059184
                        ],
                        [
                            -77.149713,
                            -12.059204
                        ],
                        [
                            -77.149719,
                            -12.059223
                        ],
                        [
                            -77.149731,
                            -12.05924
                        ],
                        [
                            -77.149748,
                            -12.05928
                        ],
                        [
                            -77.149756,
                            -12.059304
                        ],
                        [
                            -77.149778,
                            -12.059342
                        ],
                        [
                            -77.149787,
                            -12.059375
                        ],
                        [
                            -77.149799,
                            -12.059402
                        ],
                        [
                            -77.149801,
                            -12.059413
                        ],
                        [
                            -77.149816,
                            -12.059466
                        ],
                        [
                            -77.149825,
                            -12.0595
                        ],
                        [
                            -77.149826,
                            -12.059519
                        ],
                        [
                            -77.149839,
                            -12.059597
                        ],
                        [
                            -77.149848,
                            -12.059614
                        ],
                        [
                            -77.149857,
                            -12.059634
                        ],
                        [
                            -77.149861,
                            -12.05966
                        ],
                        [
                            -77.149864,
                            -12.059671
                        ],
                        [
                            -77.149871,
                            -12.059699
                        ],
                        [
                            -77.149882,
                            -12.059746
                        ],
                        [
                            -77.149894,
                            -12.05979
                        ],
                        [
                            -77.149898,
                            -12.059811
                        ],
                        [
                            -77.149912,
                            -12.059862
                        ],
                        [
                            -77.149931,
                            -12.059901
                        ],
                        [
                            -77.149938,
                            -12.059922
                        ],
                        [
                            -77.14996,
                            -12.059976
                        ],
                        [
                            -77.149974,
                            -12.060004
                        ],
                        [
                            -77.149992,
                            -12.060041
                        ],
                        [
                            -77.150001,
                            -12.060065
                        ],
                        [
                            -77.150007,
                            -12.060076
                        ],
                        [
                            -77.150038,
                            -12.060134
                        ],
                        [
                            -77.150045,
                            -12.060155
                        ],
                        [
                            -77.150075,
                            -12.060207
                        ],
                        [
                            -77.150155,
                            -12.060357
                        ],
                        [
                            -77.150197,
                            -12.060407
                        ],
                        [
                            -77.150215,
                            -12.060423
                        ],
                        [
                            -77.150275,
                            -12.06046
                        ],
                        [
                            -77.150343,
                            -12.060492
                        ],
                        [
                            -77.150387,
                            -12.060511
                        ],
                        [
                            -77.150406,
                            -12.060524
                        ],
                        [
                            -77.150426,
                            -12.060533
                        ],
                        [
                            -77.150436,
                            -12.060541
                        ],
                        [
                            -77.150462,
                            -12.060562
                        ],
                        [
                            -77.150481,
                            -12.060581
                        ],
                        [
                            -77.150513,
                            -12.060613
                        ],
                        [
                            -77.150555,
                            -12.060657
                        ],
                        [
                            -77.15057,
                            -12.060671
                        ],
                        [
                            -77.150602,
                            -12.060707
                        ],
                        [
                            -77.150643,
                            -12.060747
                        ],
                        [
                            -77.15067,
                            -12.060769
                        ],
                        [
                            -77.150716,
                            -12.060803
                        ],
                        [
                            -77.150738,
                            -12.060824
                        ],
                        [
                            -77.150756,
                            -12.060837
                        ],
                        [
                            -77.15079,
                            -12.060876
                        ],
                        [
                            -77.150844,
                            -12.060926
                        ],
                        [
                            -77.150878,
                            -12.06095
                        ],
                        [
                            -77.1509,
                            -12.060971
                        ],
                        [
                            -77.150925,
                            -12.060989
                        ],
                        [
                            -77.150935,
                            -12.060997
                        ],
                        [
                            -77.150964,
                            -12.061021
                        ],
                        [
                            -77.150978,
                            -12.061036
                        ],
                        [
                            -77.150987,
                            -12.061043
                        ],
                        [
                            -77.15101,
                            -12.061062
                        ],
                        [
                            -77.151025,
                            -12.061081
                        ],
                        [
                            -77.151104,
                            -12.061162
                        ],
                        [
                            -77.151127,
                            -12.061178
                        ],
                        [
                            -77.151168,
                            -12.061208
                        ],
                        [
                            -77.151207,
                            -12.061232
                        ],
                        [
                            -77.151243,
                            -12.06126
                        ],
                        [
                            -77.151298,
                            -12.061299
                        ],
                        [
                            -77.151316,
                            -12.061314
                        ],
                        [
                            -77.151364,
                            -12.061347
                        ],
                        [
                            -77.151422,
                            -12.06139
                        ],
                        [
                            -77.151511,
                            -12.061458
                        ],
                        [
                            -77.15158,
                            -12.061496
                        ],
                        [
                            -77.151599,
                            -12.061502
                        ],
                        [
                            -77.151624,
                            -12.061514
                        ],
                        [
                            -77.151683,
                            -12.061551
                        ],
                        [
                            -77.151714,
                            -12.061568
                        ],
                        [
                            -77.151745,
                            -12.061589
                        ],
                        [
                            -77.151784,
                            -12.061625
                        ],
                        [
                            -77.15181,
                            -12.061658
                        ],
                        [
                            -77.151815,
                            -12.061666
                        ],
                        [
                            -77.151825,
                            -12.061692
                        ],
                        [
                            -77.151829,
                            -12.061716
                        ],
                        [
                            -77.151829,
                            -12.061741
                        ],
                        [
                            -77.151814,
                            -12.061771
                        ],
                        [
                            -77.151791,
                            -12.061818
                        ],
                        [
                            -77.151793,
                            -12.061842
                        ],
                        [
                            -77.151799,
                            -12.061895
                        ],
                        [
                            -77.151815,
                            -12.061941
                        ],
                        [
                            -77.151826,
                            -12.06196
                        ],
                        [
                            -77.151844,
                            -12.061974
                        ],
                        [
                            -77.151864,
                            -12.061977
                        ],
                        [
                            -77.151886,
                            -12.061968
                        ],
                        [
                            -77.151901,
                            -12.06195
                        ],
                        [
                            -77.15191,
                            -12.061889
                        ],
                        [
                            -77.151932,
                            -12.061853
                        ],
                        [
                            -77.151953,
                            -12.061835
                        ],
                        [
                            -77.151972,
                            -12.061831
                        ],
                        [
                            -77.151991,
                            -12.061836
                        ],
                        [
                            -77.152014,
                            -12.061853
                        ],
                        [
                            -77.152056,
                            -12.061884
                        ],
                        [
                            -77.152118,
                            -12.061937
                        ],
                        [
                            -77.152139,
                            -12.061951
                        ],
                        [
                            -77.152151,
                            -12.061968
                        ],
                        [
                            -77.152202,
                            -12.061985
                        ],
                        [
                            -77.152208,
                            -12.06199
                        ],
                        [
                            -77.152226,
                            -12.062002
                        ],
                        [
                            -77.152256,
                            -12.062021
                        ],
                        [
                            -77.152268,
                            -12.062031
                        ],
                        [
                            -77.152288,
                            -12.062064
                        ],
                        [
                            -77.1523,
                            -12.062101
                        ],
                        [
                            -77.152285,
                            -12.062138
                        ],
                        [
                            -77.152271,
                            -12.062158
                        ],
                        [
                            -77.152259,
                            -12.062172
                        ],
                        [
                            -77.152252,
                            -12.062182
                        ],
                        [
                            -77.152239,
                            -12.062205
                        ],
                        [
                            -77.152221,
                            -12.062241
                        ],
                        [
                            -77.152221,
                            -12.062261
                        ],
                        [
                            -77.152239,
                            -12.062289
                        ],
                        [
                            -77.15226,
                            -12.062301
                        ],
                        [
                            -77.152281,
                            -12.06231
                        ],
                        [
                            -77.152307,
                            -12.062306
                        ],
                        [
                            -77.152321,
                            -12.062297
                        ],
                        [
                            -77.152337,
                            -12.06228
                        ],
                        [
                            -77.152353,
                            -12.062274
                        ],
                        [
                            -77.152373,
                            -12.062256
                        ],
                        [
                            -77.152394,
                            -12.062256
                        ],
                        [
                            -77.152409,
                            -12.062263
                        ],
                        [
                            -77.152421,
                            -12.062274
                        ],
                        [
                            -77.152442,
                            -12.062298
                        ],
                        [
                            -77.152518,
                            -12.062358
                        ],
                        [
                            -77.15256,
                            -12.062382
                        ],
                        [
                            -77.15288,
                            -12.062531
                        ],
                        [
                            -77.153174,
                            -12.062667
                        ],
                        [
                            -77.153326,
                            -12.062731
                        ],
                        [
                            -77.153502,
                            -12.062824
                        ],
                        [
                            -77.153662,
                            -12.062906
                        ],
                        [
                            -77.153917,
                            -12.063056
                        ],
                        [
                            -77.154033,
                            -12.063122
                        ],
                        [
                            -77.154264,
                            -12.063261
                        ],
                        [
                            -77.154561,
                            -12.063497
                        ],
                        [
                            -77.154701,
                            -12.063613
                        ],
                        [
                            -77.15486,
                            -12.063743
                        ],
                        [
                            -77.155123,
                            -12.06399
                        ],
                        [
                            -77.155267,
                            -12.064134
                        ],
                        [
                            -77.155477,
                            -12.064378
                        ],
                        [
                            -77.155527,
                            -12.064441
                        ],
                        [
                            -77.155591,
                            -12.064524
                        ],
                        [
                            -77.155606,
                            -12.064573
                        ],
                        [
                            -77.155658,
                            -12.06461
                        ],
                        [
                            -77.156434,
                            -12.063886
                        ],
                        [
                            -77.156476,
                            -12.063935
                        ],
                        [
                            -77.155718,
                            -12.064658
                        ],
                        [
                            -77.155755,
                            -12.064685
                        ],
                        [
                            -77.155981,
                            -12.064846
                        ],
                        [
                            -77.156207,
                            -12.065007
                        ],
                        [
                            -77.156256,
                            -12.065043
                        ],
                        [
                            -77.156291,
                            -12.065069
                        ],
                        [
                            -77.156384,
                            -12.065143
                        ],
                        [
                            -77.156401,
                            -12.065159
                        ],
                        [
                            -77.156415,
                            -12.065173
                        ],
                        [
                            -77.156424,
                            -12.065187
                        ],
                        [
                            -77.156477,
                            -12.065235
                        ],
                        [
                            -77.156494,
                            -12.06524
                        ],
                        [
                            -77.156514,
                            -12.065255
                        ],
                        [
                            -77.15656,
                            -12.065278
                        ],
                        [
                            -77.156579,
                            -12.065285
                        ],
                        [
                            -77.156595,
                            -12.065292
                        ],
                        [
                            -77.156614,
                            -12.065296
                        ],
                        [
                            -77.156627,
                            -12.065305
                        ],
                        [
                            -77.156682,
                            -12.065341
                        ],
                        [
                            -77.156709,
                            -12.065364
                        ],
                        [
                            -77.156722,
                            -12.065373
                        ],
                        [
                            -77.156734,
                            -12.065386
                        ],
                        [
                            -77.156778,
                            -12.065423
                        ],
                        [
                            -77.156839,
                            -12.065444
                        ],
                        [
                            -77.156889,
                            -12.065443
                        ],
                        [
                            -77.156922,
                            -12.065444
                        ],
                        [
                            -77.15698,
                            -12.065465
                        ],
                        [
                            -77.157018,
                            -12.065491
                        ],
                        [
                            -77.15706,
                            -12.065529
                        ],
                        [
                            -77.157288,
                            -12.065659
                        ],
                        [
                            -77.157362,
                            -12.065709
                        ],
                        [
                            -77.157494,
                            -12.065513
                        ],
                        [
                            -77.157523,
                            -12.065533
                        ],
                        [
                            -77.157397,
                            -12.065731
                        ],
                        [
                            -77.157414,
                            -12.065746
                        ],
                        [
                            -77.15755,
                            -12.06587
                        ],
                        [
                            -77.157824,
                            -12.066097
                        ],
                        [
                            -77.158055,
                            -12.066316
                        ],
                        [
                            -77.158162,
                            -12.066412
                        ],
                        [
                            -77.158265,
                            -12.066489
                        ],
                        [
                            -77.158297,
                            -12.066517
                        ],
                        [
                            -77.158355,
                            -12.066556
                        ],
                        [
                            -77.158389,
                            -12.066584
                        ],
                        [
                            -77.158434,
                            -12.066611
                        ],
                        [
                            -77.158371,
                            -12.06669
                        ],
                        [
                            -77.158281,
                            -12.066813
                        ],
                        [
                            -77.157936,
                            -12.067349
                        ],
                        [
                            -77.158008,
                            -12.067402
                        ],
                        [
                            -77.157927,
                            -12.067496
                        ],
                        [
                            -77.15774,
                            -12.067732
                        ],
                        [
                            -77.157549,
                            -12.067984
                        ],
                        [
                            -77.157341,
                            -12.068252
                        ],
                        [
                            -77.157294,
                            -12.068312
                        ],
                        [
                            -77.157292,
                            -12.068311
                        ],
                        [
                            -77.157268,
                            -12.068291
                        ],
                        [
                            -77.157231,
                            -12.068251
                        ],
                        [
                            -77.157197,
                            -12.0682
                        ],
                        [
                            -77.157121,
                            -12.068091
                        ],
                        [
                            -77.157109,
                            -12.068071
                        ],
                        [
                            -77.157079,
                            -12.068038
                        ],
                        [
                            -77.157077,
                            -12.068022
                        ],
                        [
                            -77.157065,
                            -12.067999
                        ],
                        [
                            -77.157023,
                            -12.067922
                        ],
                        [
                            -77.156997,
                            -12.067884
                        ],
                        [
                            -77.156966,
                            -12.067843
                        ],
                        [
                            -77.156945,
                            -12.067826
                        ],
                        [
                            -77.156918,
                            -12.067809
                        ],
                        [
                            -77.156892,
                            -12.0678
                        ],
                        [
                            -77.15686,
                            -12.067793
                        ],
                        [
                            -77.156844,
                            -12.067788
                        ],
                        [
                            -77.156711,
                            -12.067786
                        ],
                        [
                            -77.156576,
                            -12.067829
                        ],
                        [
                            -77.156539,
                            -12.067828
                        ],
                        [
                            -77.156543,
                            -12.067836
                        ],
                        [
                            -77.156439,
                            -12.067887
                        ],
                        [
                            -77.15636,
                            -12.067733
                        ],
                        [
                            -77.156282,
                            -12.067578
                        ],
                        [
                            -77.156232,
                            -12.067444
                        ],
                        [
                            -77.156169,
                            -12.067393
                        ],
                        [
                            -77.156084,
                            -12.067362
                        ],
                        [
                            -77.155821,
                            -12.06731
                        ],
                        [
                            -77.155441,
                            -12.067253
                        ],
                        [
                            -77.155164,
                            -12.067205
                        ],
                        [
                            -77.15496,
                            -12.067168
                        ],
                        [
                            -77.154768,
                            -12.067157
                        ],
                        [
                            -77.154503,
                            -12.067153
                        ],
                        [
                            -77.154333,
                            -12.067137
                        ],
                        [
                            -77.15414,
                            -12.067143
                        ],
                        [
                            -77.153945,
                            -12.06717
                        ],
                        [
                            -77.15369,
                            -12.067228
                        ],
                        [
                            -77.153477,
                            -12.06729
                        ],
                        [
                            -77.153282,
                            -12.067389
                        ],
                        [
                            -77.153165,
                            -12.067458
                        ],
                        [
                            -77.153039,
                            -12.06755
                        ],
                        [
                            -77.153001,
                            -12.067619
                        ],
                        [
                            -77.152925,
                            -12.067705
                        ],
                        [
                            -77.152957,
                            -12.068579
                        ],
                        [
                            -77.153406,
                            -12.068565
                        ],
                        [
                            -77.153408,
                            -12.068565
                        ],
                        [
                            -77.15341,
                            -12.068565
                        ],
                        [
                            -77.153412,
                            -12.068565
                        ],
                        [
                            -77.153415,
                            -12.068565
                        ],
                        [
                            -77.153417,
                            -12.068566
                        ],
                        [
                            -77.153419,
                            -12.068566
                        ],
                        [
                            -77.153421,
                            -12.068567
                        ],
                        [
                            -77.153424,
                            -12.068567
                        ],
                        [
                            -77.153426,
                            -12.068568
                        ],
                        [
                            -77.153428,
                            -12.068568
                        ],
                        [
                            -77.15343,
                            -12.068569
                        ],
                        [
                            -77.153432,
                            -12.06857
                        ],
                        [
                            -77.153435,
                            -12.068571
                        ],
                        [
                            -77.153437,
                            -12.068572
                        ],
                        [
                            -77.153439,
                            -12.068573
                        ],
                        [
                            -77.153441,
                            -12.068574
                        ],
                        [
                            -77.153443,
                            -12.068575
                        ],
                        [
                            -77.153445,
                            -12.068576
                        ],
                        [
                            -77.153446,
                            -12.068578
                        ],
                        [
                            -77.153448,
                            -12.068579
                        ],
                        [
                            -77.15345,
                            -12.06858
                        ],
                        [
                            -77.153452,
                            -12.068582
                        ],
                        [
                            -77.153453,
                            -12.068583
                        ],
                        [
                            -77.153455,
                            -12.068585
                        ],
                        [
                            -77.153457,
                            -12.068587
                        ],
                        [
                            -77.153458,
                            -12.068588
                        ],
                        [
                            -77.15346,
                            -12.06859
                        ],
                        [
                            -77.153461,
                            -12.068592
                        ],
                        [
                            -77.153462,
                            -12.068594
                        ],
                        [
                            -77.153464,
                            -12.068596
                        ],
                        [
                            -77.153465,
                            -12.068598
                        ],
                        [
                            -77.153466,
                            -12.0686
                        ],
                        [
                            -77.153467,
                            -12.068602
                        ],
                        [
                            -77.153468,
                            -12.068604
                        ],
                        [
                            -77.153469,
                            -12.068606
                        ],
                        [
                            -77.15347,
                            -12.068608
                        ],
                        [
                            -77.15347,
                            -12.06861
                        ],
                        [
                            -77.153471,
                            -12.068612
                        ],
                        [
                            -77.153472,
                            -12.068614
                        ],
                        [
                            -77.153472,
                            -12.068617
                        ],
                        [
                            -77.153472,
                            -12.068619
                        ],
                        [
                            -77.153473,
                            -12.068621
                        ],
                        [
                            -77.153473,
                            -12.068623
                        ],
                        [
                            -77.153473,
                            -12.068625
                        ],
                        [
                            -77.153473,
                            -12.068628
                        ],
                        [
                            -77.153473,
                            -12.06863
                        ],
                        [
                            -77.153473,
                            -12.068632
                        ],
                        [
                            -77.153473,
                            -12.068635
                        ],
                        [
                            -77.153473,
                            -12.068637
                        ],
                        [
                            -77.153473,
                            -12.068639
                        ],
                        [
                            -77.153472,
                            -12.068641
                        ],
                        [
                            -77.153472,
                            -12.068643
                        ],
                        [
                            -77.153471,
                            -12.068646
                        ],
                        [
                            -77.153471,
                            -12.068648
                        ],
                        [
                            -77.15347,
                            -12.06865
                        ],
                        [
                            -77.153469,
                            -12.068652
                        ],
                        [
                            -77.153469,
                            -12.068654
                        ],
                        [
                            -77.153468,
                            -12.068656
                        ],
                        [
                            -77.153467,
                            -12.068658
                        ],
                        [
                            -77.153466,
                            -12.06866
                        ],
                        [
                            -77.153465,
                            -12.068662
                        ],
                        [
                            -77.153463,
                            -12.068664
                        ],
                        [
                            -77.153462,
                            -12.068666
                        ],
                        [
                            -77.153461,
                            -12.068668
                        ],
                        [
                            -77.153459,
                            -12.06867
                        ],
                        [
                            -77.153458,
                            -12.068672
                        ],
                        [
                            -77.153456,
                            -12.068673
                        ],
                        [
                            -77.153455,
                            -12.068675
                        ],
                        [
                            -77.153453,
                            -12.068677
                        ],
                        [
                            -77.153451,
                            -12.068678
                        ],
                        [
                            -77.15345,
                            -12.06868
                        ],
                        [
                            -77.153448,
                            -12.068681
                        ],
                        [
                            -77.153446,
                            -12.068682
                        ],
                        [
                            -77.153444,
                            -12.068684
                        ],
                        [
                            -77.153442,
                            -12.068685
                        ],
                        [
                            -77.15344,
                            -12.068686
                        ],
                        [
                            -77.153438,
                            -12.068687
                        ],
                        [
                            -77.153436,
                            -12.068688
                        ],
                        [
                            -77.153434,
                            -12.068689
                        ],
                        [
                            -77.153432,
                            -12.06869
                        ],
                        [
                            -77.15343,
                            -12.068691
                        ],
                        [
                            -77.153428,
                            -12.068691
                        ],
                        [
                            -77.153426,
                            -12.068692
                        ],
                        [
                            -77.153423,
                            -12.068693
                        ],
                        [
                            -77.153421,
                            -12.068693
                        ],
                        [
                            -77.153419,
                            -12.068694
                        ],
                        [
                            -77.153417,
                            -12.068694
                        ],
                        [
                            -77.153414,
                            -12.068694
                        ],
                        [
                            -77.153412,
                            -12.068694
                        ],
                        [
                            -77.15341,
                            -12.068694
                        ],
                        [
                            -77.151928,
                            -12.06874
                        ],
                        [
                            -77.151921,
                            -12.068606
                        ],
                        [
                            -77.15281,
                            -12.068589
                        ],
                        [
                            -77.152794,
                            -12.068073
                        ],
                        [
                            -77.152741,
                            -12.068022
                        ],
                        [
                            -77.15267,
                            -12.067892
                        ],
                        [
                            -77.152534,
                            -12.067658
                        ],
                        [
                            -77.152353,
                            -12.067469
                        ],
                        [
                            -77.152235,
                            -12.067397
                        ],
                        [
                            -77.152151,
                            -12.067307
                        ],
                        [
                            -77.152095,
                            -12.06728
                        ],
                        [
                            -77.151845,
                            -12.067166
                        ],
                        [
                            -77.151632,
                            -12.067092
                        ],
                        [
                            -77.151301,
                            -12.067033
                        ],
                        [
                            -77.151074,
                            -12.067014
                        ],
                        [
                            -77.150726,
                            -12.067068
                        ],
                        [
                            -77.150155,
                            -12.067326
                        ],
                        [
                            -77.149662,
                            -12.067737
                        ],
                        [
                            -77.149502,
                            -12.067974
                        ],
                        [
                            -77.149595,
                            -12.068693
                        ],
                        [
                            -77.15015,
                            -12.068622
                        ],
                        [
                            -77.150173,
                            -12.068751
                        ],
                        [
                            -77.149022,
                            -12.06891
                        ],
                        [
                            -77.149,
                            -12.068781
                        ],
                        [
                            -77.149444,
                            -12.068714
                        ],
                        [
                            -77.149403,
                            -12.068353
                        ],
                        [
                            -77.149343,
                            -12.067833
                        ],
                        [
                            -77.149275,
                            -12.067746
                        ],
                        [
                            -77.149226,
                            -12.06769
                        ],
                        [
                            -77.149107,
                            -12.067595
                        ],
                        [
                            -77.14907,
                            -12.067572
                        ],
                        [
                            -77.148943,
                            -12.067496
                        ],
                        [
                            -77.148852,
                            -12.067456
                        ],
                        [
                            -77.148765,
                            -12.067435
                        ],
                        [
                            -77.148716,
                            -12.067431
                        ],
                        [
                            -77.148634,
                            -12.067417
                        ],
                        [
                            -77.14853,
                            -12.067397
                        ],
                        [
                            -77.148423,
                            -12.067374
                        ],
                        [
                            -77.148278,
                            -12.067368
                        ],
                        [
                            -77.148171,
                            -12.067371
                        ],
                        [
                            -77.148066,
                            -12.067381
                        ],
                        [
                            -77.147976,
                            -12.067398
                        ],
                        [
                            -77.147914,
                            -12.067423
                        ],
                        [
                            -77.147797,
                            -12.067462
                        ],
                        [
                            -77.147643,
                            -12.067523
                        ],
                        [
                            -77.147508,
                            -12.067587
                        ],
                        [
                            -77.147419,
                            -12.067623
                        ],
                        [
                            -77.147315,
                            -12.067653
                        ],
                        [
                            -77.147191,
                            -12.067712
                        ],
                        [
                            -77.147094,
                            -12.067765
                        ],
                        [
                            -77.147041,
                            -12.067793
                        ],
                        [
                            -77.147023,
                            -12.067804
                        ],
                        [
                            -77.146964,
                            -12.067867
                        ],
                        [
                            -77.146931,
                            -12.067923
                        ],
                        [
                            -77.146909,
                            -12.06795
                        ],
                        [
                            -77.146874,
                            -12.068005
                        ],
                        [
                            -77.146835,
                            -12.068057
                        ],
                        [
                            -77.146954,
                            -12.069058
                        ],
                        [
                            -77.147427,
                            -12.069008
                        ],
                        [
                            -77.147516,
                            -12.06914
                        ],
                        [
                            -77.147145,
                            -12.069209
                        ],
                        [
                            -77.147102,
                            -12.06917
                        ],
                        [
                            -77.146985,
                            -12.069183
                        ],
                        [
                            -77.146972,
                            -12.069225
                        ],
                        [
                            -77.146803,
                            -12.069243
                        ],
                        [
                            -77.146766,
                            -12.069223
                        ],
                        [
                            -77.146745,
                            -12.06919
                        ],
                        [
                            -77.146742,
                            -12.06915
                        ],
                        [
                            -77.146759,
                            -12.068978
                        ],
                        [
                            -77.146757,
                            -12.068876
                        ],
                        [
                            -77.146748,
                            -12.0687
                        ],
                        [
                            -77.14674,
                            -12.068605
                        ],
                        [
                            -77.146721,
                            -12.06843
                        ],
                        [
                            -77.146685,
                            -12.068203
                        ],
                        [
                            -77.146645,
                            -12.068023
                        ],
                        [
                            -77.146584,
                            -12.067989
                        ],
                        [
                            -77.146494,
                            -12.067955
                        ],
                        [
                            -77.14639,
                            -12.067934
                        ],
                        [
                            -77.146293,
                            -12.067921
                        ],
                        [
                            -77.146181,
                            -12.067912
                        ],
                        [
                            -77.146072,
                            -12.067908
                        ],
                        [
                            -77.145939,
                            -12.067911
                        ],
                        [
                            -77.145697,
                            -12.067912
                        ],
                        [
                            -77.145543,
                            -12.067922
                        ],
                        [
                            -77.14541,
                            -12.067939
                        ],
                        [
                            -77.145309,
                            -12.067947
                        ],
                        [
                            -77.14515,
                            -12.067953
                        ],
                        [
                            -77.145103,
                            -12.067959
                        ],
                        [
                            -77.144874,
                            -12.067982
                        ],
                        [
                            -77.144683,
                            -12.068011
                        ],
                        [
                            -77.144308,
                            -12.068049
                        ],
                        [
                            -77.144218,
                            -12.068054
                        ],
                        [
                            -77.144126,
                            -12.068062
                        ],
                        [
                            -77.14403,
                            -12.068077
                        ],
                        [
                            -77.143933,
                            -12.068082
                        ],
                        [
                            -77.143748,
                            -12.068099
                        ],
                        [
                            -77.143651,
                            -12.068111
                        ],
                        [
                            -77.14351,
                            -12.068127
                        ],
                        [
                            -77.143256,
                            -12.068165
                        ],
                        [
                            -77.143129,
                            -12.068179
                        ],
                        [
                            -77.142947,
                            -12.068186
                        ],
                        [
                            -77.142888,
                            -12.068196
                        ],
                        [
                            -77.142846,
                            -12.068197
                        ],
                        [
                            -77.14273,
                            -12.06821
                        ],
                        [
                            -77.14251,
                            -12.068243
                        ],
                        [
                            -77.14236,
                            -12.068258
                        ],
                        [
                            -77.142249,
                            -12.06828
                        ],
                        [
                            -77.14221,
                            -12.068283
                        ],
                        [
                            -77.142015,
                            -12.068318
                        ],
                        [
                            -77.141905,
                            -12.06834
                        ],
                        [
                            -77.141697,
                            -12.068369
                        ],
                        [
                            -77.141638,
                            -12.068378
                        ],
                        [
                            -77.141171,
                            -12.068459
                        ],
                        [
                            -77.14072,
                            -12.068539
                        ],
                        [
                            -77.14064,
                            -12.068559
                        ],
                        [
                            -77.140503,
                            -12.068601
                        ],
                        [
                            -77.140393,
                            -12.068621
                        ],
                        [
                            -77.140281,
                            -12.068662
                        ],
                        [
                            -77.140105,
                            -12.068704
                        ],
                        [
                            -77.13983,
                            -12.068752
                        ],
                        [
                            -77.139801,
                            -12.068753
                        ],
                        [
                            -77.139677,
                            -12.068777
                        ],
                        [
                            -77.139514,
                            -12.068812
                        ],
                        [
                            -77.139313,
                            -12.068869
                        ],
                        [
                            -77.139051,
                            -12.068938
                        ],
                        [
                            -77.138543,
                            -12.069036
                        ],
                        [
                            -77.138378,
                            -12.069071
                        ],
                        [
                            -77.138191,
                            -12.069106
                        ],
                        [
                            -77.137987,
                            -12.069153
                        ],
                        [
                            -77.137848,
                            -12.069196
                        ],
                        [
                            -77.137694,
                            -12.069256
                        ],
                        [
                            -77.137378,
                            -12.069332
                        ],
                        [
                            -77.137255,
                            -12.069349
                        ],
                        [
                            -77.137092,
                            -12.069378
                        ],
                        [
                            -77.136892,
                            -12.069421
                        ],
                        [
                            -77.136712,
                            -12.06946
                        ],
                        [
                            -77.136543,
                            -12.069503
                        ],
                        [
                            -77.136411,
                            -12.069528
                        ],
                        [
                            -77.135925,
                            -12.069607
                        ],
                        [
                            -77.135795,
                            -12.069634
                        ],
                        [
                            -77.135752,
                            -12.06964
                        ],
                        [
                            -77.135656,
                            -12.06966
                        ],
                        [
                            -77.135544,
                            -12.069672
                        ],
                        [
                            -77.135281,
                            -12.069736
                        ],
                        [
                            -77.135121,
                            -12.06976
                        ],
                        [
                            -77.135073,
                            -12.069765
                        ],
                        [
                            -77.134999,
                            -12.069786
                        ],
                        [
                            -77.134943,
                            -12.069793
                        ],
                        [
                            -77.134798,
                            -12.069825
                        ],
                        [
                            -77.134713,
                            -12.069844
                        ],
                        [
                            -77.13462,
                            -12.069861
                        ],
                        [
                            -77.134558,
                            -12.069875
                        ],
                        [
                            -77.134533,
                            -12.069889
                        ],
                        [
                            -77.134431,
                            -12.069927
                        ],
                        [
                            -77.134311,
                            -12.069969
                        ],
                        [
                            -77.134162,
                            -12.070012
                        ],
                        [
                            -77.133977,
                            -12.070059
                        ],
                        [
                            -77.133879,
                            -12.070094
                        ],
                        [
                            -77.133747,
                            -12.070125
                        ],
                        [
                            -77.133629,
                            -12.070158
                        ],
                        [
                            -77.133563,
                            -12.070184
                        ],
                        [
                            -77.133499,
                            -12.070212
                        ],
                        [
                            -77.133404,
                            -12.070238
                        ],
                        [
                            -77.13329,
                            -12.070276
                        ],
                        [
                            -77.133206,
                            -12.070301
                        ],
                        [
                            -77.133134,
                            -12.070322
                        ],
                        [
                            -77.133108,
                            -12.070325
                        ],
                        [
                            -77.13299,
                            -12.070366
                        ],
                        [
                            -77.13292,
                            -12.070383
                        ],
                        [
                            -77.132839,
                            -12.070405
                        ],
                        [
                            -77.132802,
                            -12.07041
                        ],
                        [
                            -77.132708,
                            -12.070437
                        ],
                        [
                            -77.132645,
                            -12.070453
                        ],
                        [
                            -77.132619,
                            -12.070464
                        ],
                        [
                            -77.132598,
                            -12.07047
                        ],
                        [
                            -77.132563,
                            -12.070489
                        ],
                        [
                            -77.132565,
                            -12.070468
                        ],
                        [
                            -77.132607,
                            -12.07039
                        ],
                        [
                            -77.132615,
                            -12.070336
                        ],
                        [
                            -77.132669,
                            -12.070016
                        ],
                        [
                            -77.132742,
                            -12.069588
                        ],
                        [
                            -77.1328,
                            -12.069235
                        ],
                        [
                            -77.132854,
                            -12.068919
                        ],
                        [
                            -77.132931,
                            -12.068464
                        ],
                        [
                            -77.132983,
                            -12.068173
                        ],
                        [
                            -77.132961,
                            -12.068129
                        ],
                        [
                            -77.13293,
                            -12.068084
                        ],
                        [
                            -77.132898,
                            -12.068009
                        ],
                        [
                            -77.132883,
                            -12.067929
                        ],
                        [
                            -77.132884,
                            -12.067875
                        ],
                        [
                            -77.132916,
                            -12.067802
                        ],
                        [
                            -77.132944,
                            -12.067755
                        ],
                        [
                            -77.132977,
                            -12.067712
                        ],
                        [
                            -77.133015,
                            -12.067673
                        ],
                        [
                            -77.133057,
                            -12.067637
                        ],
                        [
                            -77.133266,
                            -12.066106
                        ],
                        [
                            -77.133636,
                            -12.063649
                        ],
                        [
                            -77.134118,
                            -12.060442
                        ],
                        [
                            -77.134231,
                            -12.059693
                        ]
                    ]
                ]
            },
            "properties": {
                "DEPARTAMEN": "CALLAO",
                "DISTRITO": "CALLAO"
            },
            "bbox": [
                -77.158434,
                -12.070489,
                -77.077712,
                -11.936796
            ]
        },
        {
            "type": "Feature",
            "geometry": {
                "type": "Polygon",
                "coordinates": [
                    [
                        [
                            -77.082911,
                            -12.03697
                        ],
                        [
                            -77.084983,
                            -12.037381
                        ],
                        [
                            -77.087366,
                            -12.037865
                        ],
                        [
                            -77.088249,
                            -12.038029
                        ],
                        [
                            -77.090392,
                            -12.038465
                        ],
                        [
                            -77.092439,
                            -12.038839
                        ],
                        [
                            -77.093456,
                            -12.038994
                        ],
                        [
                            -77.094474,
                            -12.039199
                        ],
                        [
                            -77.096539,
                            -12.039558
                        ],
                        [
                            -77.097589,
                            -12.039784
                        ],
                        [
                            -77.098553,
                            -12.040053
                        ],
                        [
                            -77.099071,
                            -12.04014
                        ],
                        [
                            -77.098767,
                            -12.043428
                        ],
                        [
                            -77.098512,
                            -12.046146
                        ],
                        [
                            -77.098269,
                            -12.048453
                        ],
                        [
                            -77.091114,
                            -12.047806
                        ],
                        [
                            -77.085362,
                            -12.047298
                        ],
                        [
                            -77.081575,
                            -12.046982
                        ],
                        [
                            -77.08175,
                            -12.044945
                        ],
                        [
                            -77.082052,
                            -12.044963
                        ],
                        [
                            -77.082651,
                            -12.039169
                        ],
                        [
                            -77.082911,
                            -12.03697
                        ]
                    ]
                ]
            },
            "properties": {
                "DEPARTAMEN": "CALLAO",
                "DISTRITO": "CARMEN DE LA LEGUA"
            },
            "bbox": [
                -77.099071,
                -12.048453,
                -77.081575,
                -12.03697
            ]
        },
        {
            "type": "Feature",
            "geometry": {
                "type": "Polygon",
                "coordinates": [
                    [
                        [
                            -77.087487,
                            -12.051776
                        ],
                        [
                            -77.088894,
                            -12.052043
                        ],
                        [
                            -77.091457,
                            -12.052545
                        ],
                        [
                            -77.09388,
                            -12.052944
                        ],
                        [
                            -77.096092,
                            -12.053309
                        ],
                        [
                            -77.098003,
                            -12.053649
                        ],
                        [
                            -77.099403,
                            -12.053931
                        ],
                        [
                            -77.100351,
                            -12.054104
                        ],
                        [
                            -77.104777,
                            -12.054924
                        ],
                        [
                            -77.109986,
                            -12.056087
                        ],
                        [
                            -77.121401,
                            -12.058352
                        ],
                        [
                            -77.134231,
                            -12.059693
                        ],
                        [
                            -77.13412,
                            -12.060463
                        ],
                        [
                            -77.13386,
                            -12.062223
                        ],
                        [
                            -77.133707,
                            -12.06327
                        ],
                        [
                            -77.133431,
                            -12.065143
                        ],
                        [
                            -77.133092,
                            -12.067907
                        ],
                        [
                            -77.132928,
                            -12.067876
                        ],
                        [
                            -77.132262,
                            -12.067759
                        ],
                        [
                            -77.107704,
                            -12.063248
                        ],
                        [
                            -77.105339,
                            -12.063251
                        ],
                        [
                            -77.104645,
                            -12.063219
                        ],
                        [
                            -77.101113,
                            -12.062876
                        ],
                        [
                            -77.09813,
                            -12.062577
                        ],
                        [
                            -77.098134,
                            -12.062641
                        ],
                        [
                            -77.091452,
                            -12.061965
                        ],
                        [
                            -77.087168,
                            -12.06155
                        ],
                        [
                            -77.087169,
                            -12.061425
                        ],
                        [
                            -77.08716,
                            -12.061348
                        ],
                        [
                            -77.087397,
                            -12.061339
                        ],
                        [
                            -77.08782,
                            -12.061059
                        ],
                        [
                            -77.088119,
                            -12.060828
                        ],
                        [
                            -77.088202,
                            -12.060425
                        ],
                        [
                            -77.088204,
                            -12.060191
                        ],
                        [
                            -77.088089,
                            -12.05987
                        ],
                        [
                            -77.087848,
                            -12.05948
                        ],
                        [
                            -77.088336,
                            -12.058865
                        ],
                        [
                            -77.087534,
                            -12.051928
                        ],
                        [
                            -77.087487,
                            -12.051776
                        ]
                    ]
                ]
            },
            "properties": {
                "DEPARTAMEN": "CALLAO",
                "DISTRITO": "BELLAVISTA"
            },
            "bbox": [
                -77.134231,
                -12.067907,
                -77.08716,
                -12.051776
            ]
        },
        {
            "type": "Feature",
            "geometry": {
                "type": "Polygon",
                "coordinates": [
                    [
                        [
                            -77.045594,
                            -12.065274
                        ],
                        [
                            -77.041825,
                            -12.060722
                        ],
                        [
                            -77.041669,
                            -12.060782
                        ],
                        [
                            -77.041502,
                            -12.060794
                        ],
                        [
                            -77.041339,
                            -12.060757
                        ],
                        [
                            -77.041195,
                            -12.060673
                        ],
                        [
                            -77.041083,
                            -12.06055
                        ],
                        [
                            -77.041013,
                            -12.060401
                        ],
                        [
                            -77.040992,
                            -12.060237
                        ],
                        [
                            -77.041023,
                            -12.06007
                        ],
                        [
                            -77.041105,
                            -12.059921
                        ],
                        [
                            -77.0412,
                            -12.059824
                        ],
                        [
                            -77.041384,
                            -12.059729
                        ],
                        [
                            -77.041555,
                            -12.059706
                        ],
                        [
                            -77.042099,
                            -12.053438
                        ],
                        [
                            -77.044452,
                            -12.05363
                        ],
                        [
                            -77.044735,
                            -12.050716
                        ],
                        [
                            -77.045744,
                            -12.050655
                        ],
                        [
                            -77.047336,
                            -12.050317
                        ],
                        [
                            -77.049131,
                            -12.049929
                        ],
                        [
                            -77.049728,
                            -12.049808
                        ],
                        [
                            -77.050415,
                            -12.049668
                        ],
                        [
                            -77.052588,
                            -12.049285
                        ],
                        [
                            -77.053714,
                            -12.049113
                        ],
                        [
                            -77.054575,
                            -12.050834
                        ],
                        [
                            -77.054667,
                            -12.051049
                        ],
                        [
                            -77.054752,
                            -12.051383
                        ],
                        [
                            -77.054955,
                            -12.051806
                        ],
                        [
                            -77.055329,
                            -12.052539
                        ],
                        [
                            -77.055919,
                            -12.053298
                        ],
                        [
                            -77.05633,
                            -12.053834
                        ],
                        [
                            -77.057518,
                            -12.055488
                        ],
                        [
                            -77.05762,
                            -12.05574
                        ],
                        [
                            -77.058105,
                            -12.05773
                        ],
                        [
                            -77.058281,
                            -12.058234
                        ],
                        [
                            -77.058492,
                            -12.058885
                        ],
                        [
                            -77.058596,
                            -12.059708
                        ],
                        [
                            -77.058899,
                            -12.060821
                        ],
                        [
                            -77.059204,
                            -12.061798
                        ],
                        [
                            -77.059814,
                            -12.063564
                        ],
                        [
                            -77.06022,
                            -12.064732
                        ],
                        [
                            -77.060964,
                            -12.06682
                        ],
                        [
                            -77.060777,
                            -12.066909
                        ],
                        [
                            -77.060696,
                            -12.066973
                        ],
                        [
                            -77.060626,
                            -12.067049
                        ],
                        [
                            -77.060568,
                            -12.067134
                        ],
                        [
                            -77.060524,
                            -12.067228
                        ],
                        [
                            -77.060468,
                            -12.067453
                        ],
                        [
                            -77.057249,
                            -12.066998
                        ],
                        [
                            -77.055884,
                            -12.066806
                        ],
                        [
                            -77.054326,
                            -12.066567
                        ],
                        [
                            -77.054268,
                            -12.066674
                        ],
                        [
                            -77.054017,
                            -12.066725
                        ],
                        [
                            -77.052044,
                            -12.068335
                        ],
                        [
                            -77.050811,
                            -12.069336
                        ],
                        [
                            -77.050091,
                            -12.069927
                        ],
                        [
                            -77.049731,
                            -12.070217
                        ],
                        [
                            -77.048926,
                            -12.069222
                        ],
                        [
                            -77.046476,
                            -12.066264
                        ],
                        [
                            -77.04566,
                            -12.06528
                        ],
                        [
                            -77.045594,
                            -12.065274
                        ]
                    ]
                ]
            },
            "properties": {
                "DEPARTAMEN": "LIMA",
                "DISTRITO": "BREÑA"
            },
            "bbox": [
                -77.060964,
                -12.070217,
                -77.040992,
                -12.049113
            ]
        },
        {
            "type": "Feature",
            "geometry": {
                "type": "Polygon",
                "coordinates": [
                    [
                        [
                            -76.950875,
                            -12.028826
                        ],
                        [
                            -76.955684,
                            -12.029813
                        ],
                        [
                            -76.957149,
                            -12.029918
                        ],
                        [
                            -76.95767,
                            -12.029988
                        ],
                        [
                            -76.9599,
                            -12.03033
                        ],
                        [
                            -76.960839,
                            -12.03058
                        ],
                        [
                            -76.961417,
                            -12.030777
                        ],
                        [
                            -76.962483,
                            -12.031327
                        ],
                        [
                            -76.963157,
                            -12.031725
                        ],
                        [
                            -76.964056,
                            -12.032376
                        ],
                        [
                            -76.964578,
                            -12.032738
                        ],
                        [
                            -76.965736,
                            -12.033639
                        ],
                        [
                            -76.966856,
                            -12.03451
                        ],
                        [
                            -76.968183,
                            -12.03554
                        ],
                        [
                            -76.971196,
                            -12.037796
                        ],
                        [
                            -76.972248,
                            -12.038508
                        ],
                        [
                            -76.973796,
                            -12.039556
                        ],
                        [
                            -76.975234,
                            -12.040129
                        ],
                        [
                            -76.976151,
                            -12.040343
                        ],
                        [
                            -76.977024,
                            -12.040536
                        ],
                        [
                            -76.977513,
                            -12.040495
                        ],
                        [
                            -76.979084,
                            -12.040444
                        ],
                        [
                            -76.979389,
                            -12.040483
                        ],
                        [
                            -76.981054,
                            -12.040505
                        ],
                        [
                            -76.982146,
                            -12.040366
                        ],
                        [
                            -76.982644,
                            -12.040217
                        ],
                        [
                            -76.983002,
                            -12.040112
                        ],
                        [
                            -76.983586,
                            -12.039928
                        ],
                        [
                            -76.984179,
                            -12.039665
                        ],
                        [
                            -76.984522,
                            -12.039465
                        ],
                        [
                            -76.985167,
                            -12.039951
                        ],
                        [
                            -76.987066,
                            -12.039645
                        ],
                        [
                            -76.987633,
                            -12.039607
                        ],
                        [
                            -76.988,
                            -12.039611
                        ],
                        [
                            -76.987668,
                            -12.04051
                        ],
                        [
                            -76.987259,
                            -12.041277
                        ],
                        [
                            -76.987052,
                            -12.041591
                        ],
                        [
                            -76.986798,
                            -12.041946
                        ],
                        [
                            -76.985955,
                            -12.042992
                        ],
                        [
                            -76.985701,
                            -12.043243
                        ],
                        [
                            -76.984819,
                            -12.044033
                        ],
                        [
                            -76.984668,
                            -12.044235
                        ],
                        [
                            -76.985442,
                            -12.046263
                        ],
                        [
                            -76.984996,
                            -12.046493
                        ],
                        [
                            -76.985223,
                            -12.04702
                        ],
                        [
                            -76.985843,
                            -12.046847
                        ],
                        [
                            -76.986687,
                            -12.047432
                        ],
                        [
                            -76.988065,
                            -12.047822
                        ],
                        [
                            -76.988399,
                            -12.048538
                        ],
                        [
                            -76.989861,
                            -12.049919
                        ],
                        [
                            -76.99034,
                            -12.052224
                        ],
                        [
                            -76.985337,
                            -12.057875
                        ],
                        [
                            -76.983188,
                            -12.056519
                        ],
                        [
                            -76.982093,
                            -12.05564
                        ],
                        [
                            -76.982606,
                            -12.055364
                        ],
                        [
                            -76.978146,
                            -12.054941
                        ],
                        [
                            -76.975434,
                            -12.053753
                        ],
                        [
                            -76.97339,
                            -12.058454
                        ],
                        [
                            -76.973322,
                            -12.058425
                        ],
                        [
                            -76.972721,
                            -12.058148
                        ],
                        [
                            -76.972164,
                            -12.057897
                        ],
                        [
                            -76.971046,
                            -12.057456
                        ],
                        [
                            -76.969968,
                            -12.056987
                        ],
                        [
                            -76.969452,
                            -12.056777
                        ],
                        [
                            -76.969122,
                            -12.056634
                        ],
                        [
                            -76.968962,
                            -12.056576
                        ],
                        [
                            -76.96839,
                            -12.056334
                        ],
                        [
                            -76.967265,
                            -12.055846
                        ],
                        [
                            -76.96646,
                            -12.055496
                        ],
                        [
                            -76.965979,
                            -12.055279
                        ],
                        [
                            -76.965068,
                            -12.054883
                        ],
                        [
                            -76.964715,
                            -12.054738
                        ],
                        [
                            -76.964303,
                            -12.054558
                        ],
                        [
                            -76.96413,
                            -12.054485
                        ],
                        [
                            -76.963736,
                            -12.054314
                        ],
                        [
                            -76.963481,
                            -12.054221
                        ],
                        [
                            -76.96325,
                            -12.054125
                        ],
                        [
                            -76.962104,
                            -12.053637
                        ],
                        [
                            -76.961223,
                            -12.053248
                        ],
                        [
                            -76.961059,
                            -12.053176
                        ],
                        [
                            -76.960892,
                            -12.053109
                        ],
                        [
                            -76.960626,
                            -12.052998
                        ],
                        [
                            -76.960271,
                            -12.052849
                        ],
                        [
                            -76.959789,
                            -12.052642
                        ],
                        [
                            -76.959208,
                            -12.052401
                        ],
                        [
                            -76.956728,
                            -12.051316
                        ],
                        [
                            -76.95625,
                            -12.05109
                        ],
                        [
                            -76.949538,
                            -12.048453
                        ],
                        [
                            -76.937964,
                            -12.043886
                        ],
                        [
                            -76.942343,
                            -12.033719
                        ],
                        [
                            -76.942999,
                            -12.032447
                        ],
                        [
                            -76.943343,
                            -12.030977
                        ],
                        [
                            -76.942529,
                            -12.030778
                        ],
                        [
                            -76.94263,
                            -12.03041
                        ],
                        [
                            -76.942809,
                            -12.029702
                        ],
                        [
                            -76.942844,
                            -12.029443
                        ],
                        [
                            -76.942813,
                            -12.028279
                        ],
                        [
                            -76.942998,
                            -12.028242
                        ],
                        [
                            -76.94319,
                            -12.028212
                        ],
                        [
                            -76.943352,
                            -12.028183
                        ],
                        [
                            -76.943596,
                            -12.028111
                        ],
                        [
                            -76.943721,
                            -12.02806
                        ],
                        [
                            -76.943787,
                            -12.028004
                        ],
                        [
                            -76.94386,
                            -12.027883
                        ],
                        [
                            -76.943932,
                            -12.027649
                        ],
                        [
                            -76.943997,
                            -12.027665
                        ],
                        [
                            -76.947302,
                            -12.028125
                        ],
                        [
                            -76.949374,
                            -12.028487
                        ],
                        [
                            -76.950875,
                            -12.028826
                        ]
                    ]
                ]
            },
            "properties": {
                "DEPARTAMEN": "LIMA",
                "DISTRITO": "SANTA ANITA"
            },
            "bbox": [
                -76.99034,
                -12.058454,
                -76.937964,
                -12.027649
            ]
        },
        {
            "type": "Feature",
            "geometry": {
                "type": "Polygon",
                "coordinates": [
                    [
                        [
                            -77.058899,
                            -12.060821
                        ],
                        [
                            -77.058596,
                            -12.059708
                        ],
                        [
                            -77.058492,
                            -12.058885
                        ],
                        [
                            -77.058281,
                            -12.058234
                        ],
                        [
                            -77.058105,
                            -12.05773
                        ],
                        [
                            -77.05762,
                            -12.055741
                        ],
                        [
                            -77.057518,
                            -12.055488
                        ],
                        [
                            -77.05633,
                            -12.053834
                        ],
                        [
                            -77.055919,
                            -12.053298
                        ],
                        [
                            -77.055329,
                            -12.052539
                        ],
                        [
                            -77.054955,
                            -12.051806
                        ],
                        [
                            -77.054752,
                            -12.051383
                        ],
                        [
                            -77.054667,
                            -12.051049
                        ],
                        [
                            -77.054575,
                            -12.050834
                        ],
                        [
                            -77.053714,
                            -12.049113
                        ],
                        [
                            -77.052588,
                            -12.049285
                        ],
                        [
                            -77.050415,
                            -12.049668
                        ],
                        [
                            -77.049728,
                            -12.049808
                        ],
                        [
                            -77.049131,
                            -12.049929
                        ],
                        [
                            -77.047336,
                            -12.050317
                        ],
                        [
                            -77.045744,
                            -12.050655
                        ],
                        [
                            -77.044735,
                            -12.050716
                        ],
                        [
                            -77.044452,
                            -12.05363
                        ],
                        [
                            -77.042099,
                            -12.053438
                        ],
                        [
                            -77.041555,
                            -12.059706
                        ],
                        [
                            -77.041384,
                            -12.059729
                        ],
                        [
                            -77.0412,
                            -12.059824
                        ],
                        [
                            -77.041105,
                            -12.059921
                        ],
                        [
                            -77.041023,
                            -12.06007
                        ],
                        [
                            -77.040992,
                            -12.060237
                        ],
                        [
                            -77.041013,
                            -12.060401
                        ],
                        [
                            -77.041083,
                            -12.06055
                        ],
                        [
                            -77.041195,
                            -12.060673
                        ],
                        [
                            -77.041339,
                            -12.060757
                        ],
                        [
                            -77.041502,
                            -12.060794
                        ],
                        [
                            -77.041669,
                            -12.060782
                        ],
                        [
                            -77.041825,
                            -12.060722
                        ],
                        [
                            -77.045594,
                            -12.065274
                        ],
                        [
                            -77.041444,
                            -12.064724
                        ],
                        [
                            -77.037519,
                            -12.064217
                        ],
                        [
                            -77.038139,
                            -12.067617
                        ],
                        [
                            -77.036312,
                            -12.079848
                        ],
                        [
                            -77.031067,
                            -12.079148
                        ],
                        [
                            -77.028053,
                            -12.078745
                        ],
                        [
                            -77.02848,
                            -12.07769
                        ],
                        [
                            -77.028813,
                            -12.076866
                        ],
                        [
                            -77.029074,
                            -12.076283
                        ],
                        [
                            -77.02931,
                            -12.075755
                        ],
                        [
                            -77.029768,
                            -12.074731
                        ],
                        [
                            -77.030229,
                            -12.0737
                        ],
                        [
                            -77.030637,
                            -12.072666
                        ],
                        [
                            -77.031008,
                            -12.0716
                        ],
                        [
                            -77.031159,
                            -12.071268
                        ],
                        [
                            -77.034835,
                            -12.061189
                        ],
                        [
                            -77.035022,
                            -12.060831
                        ],
                        [
                            -77.035187,
                            -12.060613
                        ],
                        [
                            -77.035357,
                            -12.060314
                        ],
                        [
                            -77.035403,
                            -12.059799
                        ],
                        [
                            -77.033315,
                            -12.059525
                        ],
                        [
                            -77.029769,
                            -12.059073
                        ],
                        [
                            -77.025426,
                            -12.058524
                        ],
                        [
                            -77.02348,
                            -12.058284
                        ],
                        [
                            -77.021681,
                            -12.058049
                        ],
                        [
                            -77.01934,
                            -12.057741
                        ],
                        [
                            -77.017557,
                            -12.057506
                        ],
                        [
                            -77.017318,
                            -12.058378
                        ],
                        [
                            -77.016746,
                            -12.058912
                        ],
                        [
                            -77.016124,
                            -12.060125
                        ],
                        [
                            -77.015626,
                            -12.061421
                        ],
                        [
                            -77.014029,
                            -12.061178
                        ],
                        [
                            -77.012981,
                            -12.061018
                        ],
                        [
                            -77.012066,
                            -12.060908
                        ],
                        [
                            -77.008508,
                            -12.060494
                        ],
                        [
                            -77.007196,
                            -12.060348
                        ],
                        [
                            -77.006681,
                            -12.060282
                        ],
                        [
                            -77.00729,
                            -12.058899
                        ],
                        [
                            -77.007583,
                            -12.058476
                        ],
                        [
                            -77.008512,
                            -12.057734
                        ],
                        [
                            -77.009741,
                            -12.056712
                        ],
                        [
                            -77.010322,
                            -12.056204
                        ],
                        [
                            -77.011534,
                            -12.054399
                        ],
                        [
                            -77.012329,
                            -12.053635
                        ],
                        [
                            -77.012464,
                            -12.053529
                        ],
                        [
                            -77.012276,
                            -12.053178
                        ],
                        [
                            -77.012052,
                            -12.05252
                        ],
                        [
                            -77.011637,
                            -12.051525
                        ],
                        [
                            -77.01147,
                            -12.050958
                        ],
                        [
                            -77.011169,
                            -12.049442
                        ],
                        [
                            -77.011024,
                            -12.048509
                        ],
                        [
                            -77.010993,
                            -12.047041
                        ],
                        [
                            -77.01108,
                            -12.045966
                        ],
                        [
                            -77.01095,
                            -12.045928
                        ],
                        [
                            -77.010772,
                            -12.044911
                        ],
                        [
                            -77.010777,
                            -12.044235
                        ],
                        [
                            -77.010891,
                            -12.04374
                        ],
                        [
                            -77.009021,
                            -12.043104
                        ],
                        [
                            -77.008653,
                            -12.04298
                        ],
                        [
                            -77.0065,
                            -12.042267
                        ],
                        [
                            -77.006481,
                            -12.042405
                        ],
                        [
                            -77.006485,
                            -12.042665
                        ],
                        [
                            -77.00661,
                            -12.042856
                        ],
                        [
                            -77.006831,
                            -12.042993
                        ],
                        [
                            -77.008034,
                            -12.04542
                        ],
                        [
                            -77.008601,
                            -12.046072
                        ],
                        [
                            -77.007998,
                            -12.047261
                        ],
                        [
                            -77.008329,
                            -12.047637
                        ],
                        [
                            -77.007996,
                            -12.048233
                        ],
                        [
                            -77.007657,
                            -12.048671
                        ],
                        [
                            -77.007444,
                            -12.04885
                        ],
                        [
                            -77.007282,
                            -12.048923
                        ],
                        [
                            -77.006911,
                            -12.049447
                        ],
                        [
                            -77.00401,
                            -12.047336
                        ],
                        [
                            -77.002899,
                            -12.046702
                        ],
                        [
                            -77.003275,
                            -12.045429
                        ],
                        [
                            -77.004765,
                            -12.041759
                        ],
                        [
                            -77.005566,
                            -12.03889
                        ],
                        [
                            -77.005691,
                            -12.038126
                        ],
                        [
                            -77.005894,
                            -12.037707
                        ],
                        [
                            -77.008837,
                            -12.033953
                        ],
                        [
                            -77.00903,
                            -12.03409
                        ],
                        [
                            -77.009545,
                            -12.033341
                        ],
                        [
                            -77.009909,
                            -12.032791
                        ],
                        [
                            -77.010184,
                            -12.032418
                        ],
                        [
                            -77.010389,
                            -12.032116
                        ],
                        [
                            -77.010892,
                            -12.032536
                        ],
                        [
                            -77.011095,
                            -12.033228
                        ],
                        [
                            -77.011282,
                            -12.032949
                        ],
                        [
                            -77.011463,
                            -12.033522
                        ],
                        [
                            -77.011257,
                            -12.033803
                        ],
                        [
                            -77.011419,
                            -12.034389
                        ],
                        [
                            -77.011551,
                            -12.034919
                        ],
                        [
                            -77.011668,
                            -12.035297
                        ],
                        [
                            -77.011355,
                            -12.035738
                        ],
                        [
                            -77.012259,
                            -12.036493
                        ],
                        [
                            -77.012811,
                            -12.038256
                        ],
                        [
                            -77.013538,
                            -12.040583
                        ],
                        [
                            -77.012283,
                            -12.041087
                        ],
                        [
                            -77.013666,
                            -12.041983
                        ],
                        [
                            -77.012118,
                            -12.041837
                        ],
                        [
                            -77.012791,
                            -12.042067
                        ],
                        [
                            -77.013656,
                            -12.043034
                        ],
                        [
                            -77.015026,
                            -12.043425
                        ],
                        [
                            -77.016112,
                            -12.043932
                        ],
                        [
                            -77.016539,
                            -12.044312
                        ],
                        [
                            -77.019367,
                            -12.044564
                        ],
                        [
                            -77.021256,
                            -12.044186
                        ],
                        [
                            -77.023089,
                            -12.044083
                        ],
                        [
                            -77.024593,
                            -12.043769
                        ],
                        [
                            -77.027524,
                            -12.043535
                        ],
                        [
                            -77.028977,
                            -12.043621
                        ],
                        [
                            -77.032825,
                            -12.042135
                        ],
                        [
                            -77.034198,
                            -12.041606
                        ],
                        [
                            -77.036651,
                            -12.040514
                        ],
                        [
                            -77.036728,
                            -12.040408
                        ],
                        [
                            -77.037707,
                            -12.040142
                        ],
                        [
                            -77.037851,
                            -12.040095
                        ],
                        [
                            -77.037947,
                            -12.040056
                        ],
                        [
                            -77.037994,
                            -12.040037
                        ],
                        [
                            -77.038066,
                            -12.040005
                        ],
                        [
                            -77.038138,
                            -12.039972
                        ],
                        [
                            -77.038281,
                            -12.039906
                        ],
                        [
                            -77.038564,
                            -12.039765
                        ],
                        [
                            -77.038864,
                            -12.039607
                        ],
                        [
                            -77.039062,
                            -12.039497
                        ],
                        [
                            -77.039208,
                            -12.039411
                        ],
                        [
                            -77.039283,
                            -12.039372
                        ],
                        [
                            -77.039339,
                            -12.039346
                        ],
                        [
                            -77.039452,
                            -12.039299
                        ],
                        [
                            -77.039685,
                            -12.039224
                        ],
                        [
                            -77.040351,
                            -12.039176
                        ],
                        [
                            -77.040882,
                            -12.039124
                        ],
                        [
                            -77.041313,
                            -12.039175
                        ],
                        [
                            -77.041917,
                            -12.039087
                        ],
                        [
                            -77.042069,
                            -12.039061
                        ],
                        [
                            -77.042186,
                            -12.03905
                        ],
                        [
                            -77.042262,
                            -12.039048
                        ],
                        [
                            -77.042411,
                            -12.039053
                        ],
                        [
                            -77.043385,
                            -12.039156
                        ],
                        [
                            -77.043389,
                            -12.039103
                        ],
                        [
                            -77.044032,
                            -12.03918
                        ],
                        [
                            -77.044051,
                            -12.039019
                        ],
                        [
                            -77.044152,
                            -12.039007
                        ],
                        [
                            -77.044799,
                            -12.038986
                        ],
                        [
                            -77.045306,
                            -12.038925
                        ],
                        [
                            -77.045722,
                            -12.038719
                        ],
                        [
                            -77.046091,
                            -12.038405
                        ],
                        [
                            -77.046245,
                            -12.038209
                        ],
                        [
                            -77.046451,
                            -12.037911
                        ],
                        [
                            -77.046534,
                            -12.03779
                        ],
                        [
                            -77.046617,
                            -12.037579
                        ],
                        [
                            -77.046981,
                            -12.036946
                        ],
                        [
                            -77.047078,
                            -12.036854
                        ],
                        [
                            -77.047269,
                            -12.036604
                        ],
                        [
                            -77.047529,
                            -12.036359
                        ],
                        [
                            -77.047622,
                            -12.036265
                        ],
                        [
                            -77.047549,
                            -12.036162
                        ],
                        [
                            -77.047653,
                            -12.036013
                        ],
                        [
                            -77.047844,
                            -12.035856
                        ],
                        [
                            -77.048043,
                            -12.035818
                        ],
                        [
                            -77.048614,
                            -12.035698
                        ],
                        [
                            -77.04904,
                            -12.035777
                        ],
                        [
                            -77.049943,
                            -12.035874
                        ],
                        [
                            -77.050203,
                            -12.035931
                        ],
                        [
                            -77.050634,
                            -12.036029
                        ],
                        [
                            -77.050983,
                            -12.036112
                        ],
                        [
                            -77.05215,
                            -12.036632
                        ],
                        [
                            -77.053056,
                            -12.036883
                        ],
                        [
                            -77.053876,
                            -12.036736
                        ],
                        [
                            -77.054371,
                            -12.036602
                        ],
                        [
                            -77.054985,
                            -12.036449
                        ],
                        [
                            -77.056139,
                            -12.03645
                        ],
                        [
                            -77.056131,
                            -12.036657
                        ],
                        [
                            -77.056264,
                            -12.036635
                        ],
                        [
                            -77.056514,
                            -12.036644
                        ],
                        [
                            -77.056515,
                            -12.036795
                        ],
                        [
                            -77.057423,
                            -12.036624
                        ],
                        [
                            -77.05735,
                            -12.03629
                        ],
                        [
                            -77.061103,
                            -12.035532
                        ],
                        [
                            -77.064222,
                            -12.035041
                        ],
                        [
                            -77.065612,
                            -12.035074
                        ],
                        [
                            -77.069014,
                            -12.034384
                        ],
                        [
                            -77.073323,
                            -12.034573
                        ],
                        [
                            -77.077677,
                            -12.035345
                        ],
                        [
                            -77.081449,
                            -12.036222
                        ],
                        [
                            -77.0822,
                            -12.036373
                        ],
                        [
                            -77.082966,
                            -12.036479
                        ],
                        [
                            -77.082911,
                            -12.03697
                        ],
                        [
                            -77.082651,
                            -12.039169
                        ],
                        [
                            -77.082052,
                            -12.044963
                        ],
                        [
                            -77.08175,
                            -12.044945
                        ],
                        [
                            -77.081575,
                            -12.046982
                        ],
                        [
                            -77.076788,
                            -12.046587
                        ],
                        [
                            -77.077005,
                            -12.047587
                        ],
                        [
                            -77.077138,
                            -12.047859
                        ],
                        [
                            -77.077848,
                            -12.049107
                        ],
                        [
                            -77.078035,
                            -12.049474
                        ],
                        [
                            -77.078338,
                            -12.050134
                        ],
                        [
                            -77.079233,
                            -12.050287
                        ],
                        [
                            -77.085346,
                            -12.051337
                        ],
                        [
                            -77.087487,
                            -12.051776
                        ],
                        [
                            -77.087534,
                            -12.051928
                        ],
                        [
                            -77.088336,
                            -12.058865
                        ],
                        [
                            -77.087848,
                            -12.05948
                        ],
                        [
                            -77.088089,
                            -12.05987
                        ],
                        [
                            -77.088204,
                            -12.060191
                        ],
                        [
                            -77.088202,
                            -12.060425
                        ],
                        [
                            -77.088119,
                            -12.060828
                        ],
                        [
                            -77.08782,
                            -12.061059
                        ],
                        [
                            -77.087397,
                            -12.061339
                        ],
                        [
                            -77.08716,
                            -12.061348
                        ],
                        [
                            -77.087169,
                            -12.061425
                        ],
                        [
                            -77.087168,
                            -12.06155
                        ],
                        [
                            -77.08706,
                            -12.06154
                        ],
                        [
                            -77.085218,
                            -12.061298
                        ],
                        [
                            -77.085222,
                            -12.061271
                        ],
                        [
                            -77.083512,
                            -12.061033
                        ],
                        [
                            -77.083507,
                            -12.061071
                        ],
                        [
                            -77.082528,
                            -12.06094
                        ],
                        [
                            -77.082534,
                            -12.060904
                        ],
                        [
                            -77.082127,
                            -12.060849
                        ],
                        [
                            -77.08195,
                            -12.060816
                        ],
                        [
                            -77.081299,
                            -12.060664
                        ],
                        [
                            -77.079088,
                            -12.060194
                        ],
                        [
                            -77.079051,
                            -12.060848
                        ],
                        [
                            -77.078215,
                            -12.064292
                        ],
                        [
                            -77.078048,
                            -12.065188
                        ],
                        [
                            -77.077901,
                            -12.066193
                        ],
                        [
                            -77.077829,
                            -12.066977
                        ],
                        [
                            -77.077796,
                            -12.067906
                        ],
                        [
                            -77.077855,
                            -12.068538
                        ],
                        [
                            -77.077737,
                            -12.068534
                        ],
                        [
                            -77.077434,
                            -12.068515
                        ],
                        [
                            -77.077067,
                            -12.068448
                        ],
                        [
                            -77.075895,
                            -12.068145
                        ],
                        [
                            -77.075366,
                            -12.068009
                        ],
                        [
                            -77.075027,
                            -12.067933
                        ],
                        [
                            -77.074733,
                            -12.067905
                        ],
                        [
                            -77.073657,
                            -12.067882
                        ],
                        [
                            -77.07156,
                            -12.067829
                        ],
                        [
                            -77.069705,
                            -12.067781
                        ],
                        [
                            -77.06755,
                            -12.067731
                        ],
                        [
                            -77.065648,
                            -12.067683
                        ],
                        [
                            -77.064854,
                            -12.067683
                        ],
                        [
                            -77.063764,
                            -12.067638
                        ],
                        [
                            -77.061912,
                            -12.067586
                        ],
                        [
                            -77.061912,
                            -12.067383
                        ],
                        [
                            -77.061845,
                            -12.06719
                        ],
                        [
                            -77.061726,
                            -12.067023
                        ],
                        [
                            -77.061565,
                            -12.066894
                        ],
                        [
                            -77.061374,
                            -12.066814
                        ],
                        [
                            -77.061169,
                            -12.066789
                        ],
                        [
                            -77.060964,
                            -12.06682
                        ],
                        [
                            -77.06022,
                            -12.064732
                        ],
                        [
                            -77.059814,
                            -12.063564
                        ],
                        [
                            -77.059204,
                            -12.061798
                        ],
                        [
                            -77.058899,
                            -12.060821
                        ]
                    ]
                ]
            },
            "properties": {
                "DEPARTAMEN": "LIMA",
                "DISTRITO": "CERCADO DE LIMA"
            },
            "bbox": [
                -77.088336,
                -12.079848,
                -77.002899,
                -12.032116
            ]
        },
        {
            "type": "Feature",
            "geometry": {
                "type": "Polygon",
                "coordinates": [
                    [
                        [
                            -76.987229,
                            -12.079931
                        ],
                        [
                            -76.985326,
                            -12.082358
                        ],
                        [
                            -76.984195,
                            -12.083632
                        ],
                        [
                            -76.983999,
                            -12.085258
                        ],
                        [
                            -76.983793,
                            -12.085219
                        ],
                        [
                            -76.982389,
                            -12.085141
                        ],
                        [
                            -76.977471,
                            -12.080643
                        ],
                        [
                            -76.976746,
                            -12.079767
                        ],
                        [
                            -76.976503,
                            -12.079359
                        ],
                        [
                            -76.975877,
                            -12.0783
                        ],
                        [
                            -76.973689,
                            -12.072696
                        ],
                        [
                            -76.97169,
                            -12.067837
                        ],
                        [
                            -76.968996,
                            -12.066491
                        ],
                        [
                            -76.96804,
                            -12.065745
                        ],
                        [
                            -76.967856,
                            -12.065916
                        ],
                        [
                            -76.964915,
                            -12.064656
                        ],
                        [
                            -76.961191,
                            -12.063265
                        ],
                        [
                            -76.961342,
                            -12.062866
                        ],
                        [
                            -76.959023,
                            -12.062003
                        ],
                        [
                            -76.958925,
                            -12.062162
                        ],
                        [
                            -76.954152,
                            -12.061598
                        ],
                        [
                            -76.951031,
                            -12.060322
                        ],
                        [
                            -76.9499,
                            -12.059731
                        ],
                        [
                            -76.944481,
                            -12.056927
                        ],
                        [
                            -76.939784,
                            -12.064942
                        ],
                        [
                            -76.939001,
                            -12.064914
                        ],
                        [
                            -76.935807,
                            -12.064027
                        ],
                        [
                            -76.930621,
                            -12.062697
                        ],
                        [
                            -76.927381,
                            -12.062508
                        ],
                        [
                            -76.927381,
                            -12.062508
                        ],
                        [
                            -76.924013,
                            -12.063606
                        ],
                        [
                            -76.924013,
                            -12.063606
                        ],
                        [
                            -76.92284,
                            -12.0639
                        ],
                        [
                            -76.92284,
                            -12.0639
                        ],
                        [
                            -76.922263,
                            -12.064088
                        ],
                        [
                            -76.922263,
                            -12.064088
                        ],
                        [
                            -76.922263,
                            -12.064088
                        ],
                        [
                            -76.922263,
                            -12.064088
                        ],
                        [
                            -76.921536,
                            -12.0643
                        ],
                        [
                            -76.921536,
                            -12.0643
                        ],
                        [
                            -76.921122,
                            -12.064493
                        ],
                        [
                            -76.921122,
                            -12.064493
                        ],
                        [
                            -76.920607,
                            -12.064859
                        ],
                        [
                            -76.920607,
                            -12.064859
                        ],
                        [
                            -76.919624,
                            -12.065808
                        ],
                        [
                            -76.919624,
                            -12.065808
                        ],
                        [
                            -76.918448,
                            -12.065839
                        ],
                        [
                            -76.918448,
                            -12.065839
                        ],
                        [
                            -76.918448,
                            -12.065839
                        ],
                        [
                            -76.918448,
                            -12.065839
                        ],
                        [
                            -76.917198,
                            -12.065824
                        ],
                        [
                            -76.917198,
                            -12.065824
                        ],
                        [
                            -76.917195,
                            -12.065824
                        ],
                        [
                            -76.917195,
                            -12.065824
                        ],
                        [
                            -76.916907,
                            -12.065734
                        ],
                        [
                            -76.915865,
                            -12.064936
                        ],
                        [
                            -76.912869,
                            -12.063187
                        ],
                        [
                            -76.906608,
                            -12.05962
                        ],
                        [
                            -76.902268,
                            -12.0585
                        ],
                        [
                            -76.898943,
                            -12.058109
                        ],
                        [
                            -76.895188,
                            -12.058043
                        ],
                        [
                            -76.892974,
                            -12.058242
                        ],
                        [
                            -76.889375,
                            -12.059126
                        ],
                        [
                            -76.884773,
                            -12.05911
                        ],
                        [
                            -76.88681,
                            -12.058107
                        ],
                        [
                            -76.888063,
                            -12.05749
                        ],
                        [
                            -76.889275,
                            -12.056882
                        ],
                        [
                            -76.88162,
                            -12.045844
                        ],
                        [
                            -76.875272,
                            -12.036689
                        ],
                        [
                            -76.878116,
                            -12.03494
                        ],
                        [
                            -76.875574,
                            -12.028852
                        ],
                        [
                            -76.867535,
                            -12.031951
                        ],
                        [
                            -76.859904,
                            -12.031483
                        ],
                        [
                            -76.861331,
                            -12.023773
                        ],
                        [
                            -76.84506,
                            -12.009554
                        ],
                        [
                            -76.844376,
                            -12.012261
                        ],
                        [
                            -76.843855,
                            -12.01272
                        ],
                        [
                            -76.843353,
                            -12.013164
                        ],
                        [
                            -76.843343,
                            -12.013215
                        ],
                        [
                            -76.843322,
                            -12.015519
                        ],
                        [
                            -76.843212,
                            -12.016498
                        ],
                        [
                            -76.842931,
                            -12.01664
                        ],
                        [
                            -76.842755,
                            -12.01719
                        ],
                        [
                            -76.84259,
                            -12.017175
                        ],
                        [
                            -76.840513,
                            -12.028022
                        ],
                        [
                            -76.829247,
                            -12.027092
                        ],
                        [
                            -76.829338,
                            -12.033635
                        ],
                        [
                            -76.827176,
                            -12.035386
                        ],
                        [
                            -76.825424,
                            -12.036382
                        ],
                        [
                            -76.823547,
                            -12.0368
                        ],
                        [
                            -76.821361,
                            -12.036466
                        ],
                        [
                            -76.819653,
                            -12.034971
                        ],
                        [
                            -76.818246,
                            -12.033069
                        ],
                        [
                            -76.817262,
                            -12.031105
                        ],
                        [
                            -76.817188,
                            -12.029078
                        ],
                        [
                            -76.816935,
                            -12.027573
                        ],
                        [
                            -76.816082,
                            -12.026884
                        ],
                        [
                            -76.815353,
                            -12.026715
                        ],
                        [
                            -76.814567,
                            -12.027125
                        ],
                        [
                            -76.813966,
                            -12.027882
                        ],
                        [
                            -76.813064,
                            -12.029047
                        ],
                        [
                            -76.811195,
                            -12.030681
                        ],
                        [
                            -76.809563,
                            -12.031503
                        ],
                        [
                            -76.806959,
                            -12.031983
                        ],
                        [
                            -76.805018,
                            -12.031996
                        ],
                        [
                            -76.802832,
                            -12.031546
                        ],
                        [
                            -76.801671,
                            -12.030163
                        ],
                        [
                            -76.801721,
                            -12.028599
                        ],
                        [
                            -76.802194,
                            -12.026742
                        ],
                        [
                            -76.802849,
                            -12.025058
                        ],
                        [
                            -76.803932,
                            -12.02366
                        ],
                        [
                            -76.805016,
                            -12.022494
                        ],
                        [
                            -76.806887,
                            -12.021208
                        ],
                        [
                            -76.809119,
                            -12.019397
                        ],
                        [
                            -76.810141,
                            -12.018116
                        ],
                        [
                            -76.810313,
                            -12.016551
                        ],
                        [
                            -76.809946,
                            -12.016206
                        ],
                        [
                            -76.806549,
                            -12.015938
                        ],
                        [
                            -76.803565,
                            -12.014103
                        ],
                        [
                            -76.803067,
                            -12.012137
                        ],
                        [
                            -76.803058,
                            -12.010804
                        ],
                        [
                            -76.803719,
                            -12.009931
                        ],
                        [
                            -76.804686,
                            -12.009345
                        ],
                        [
                            -76.807775,
                            -12.008804
                        ],
                        [
                            -76.809109,
                            -12.008853
                        ],
                        [
                            -76.810321,
                            -12.008787
                        ],
                        [
                            -76.811289,
                            -12.008376
                        ],
                        [
                            -76.811347,
                            -12.007912
                        ],
                        [
                            -76.811399,
                            -12.006753
                        ],
                        [
                            -76.812244,
                            -12.00611
                        ],
                        [
                            -76.813827,
                            -12.005626
                        ],
                        [
                            -76.814088,
                            -12.005633
                        ],
                        [
                            -76.821225,
                            -12.002064
                        ],
                        [
                            -76.820217,
                            -12.001101
                        ],
                        [
                            -76.821284,
                            -12.000775
                        ],
                        [
                            -76.822104,
                            -12.000407
                        ],
                        [
                            -76.822354,
                            -11.999951
                        ],
                        [
                            -76.822478,
                            -11.999588
                        ],
                        [
                            -76.822694,
                            -11.998618
                        ],
                        [
                            -76.82288,
                            -11.998043
                        ],
                        [
                            -76.823164,
                            -11.99795
                        ],
                        [
                            -76.823639,
                            -11.997947
                        ],
                        [
                            -76.824114,
                            -11.998065
                        ],
                        [
                            -76.825191,
                            -11.998209
                        ],
                        [
                            -76.826489,
                            -11.998261
                        ],
                        [
                            -76.826963,
                            -11.998167
                        ],
                        [
                            -76.827609,
                            -11.997619
                        ],
                        [
                            -76.828507,
                            -11.997023
                        ],
                        [
                            -76.828996,
                            -11.996899
                        ],
                        [
                            -76.829588,
                            -11.996698
                        ],
                        [
                            -76.829919,
                            -11.996515
                        ],
                        [
                            -76.830455,
                            -11.996186
                        ],
                        [
                            -76.830875,
                            -11.996161
                        ],
                        [
                            -76.831255,
                            -11.996211
                        ],
                        [
                            -76.831611,
                            -11.996216
                        ],
                        [
                            -76.832339,
                            -11.995059
                        ],
                        [
                            -76.832271,
                            -11.995018
                        ],
                        [
                            -76.832346,
                            -11.994902
                        ],
                        [
                            -76.832427,
                            -11.994776
                        ],
                        [
                            -76.834599,
                            -11.991114
                        ],
                        [
                            -76.835268,
                            -11.991448
                        ],
                        [
                            -76.835504,
                            -11.991594
                        ],
                        [
                            -76.837821,
                            -11.993014
                        ],
                        [
                            -76.838538,
                            -11.993382
                        ],
                        [
                            -76.839043,
                            -11.993979
                        ],
                        [
                            -76.839184,
                            -11.994205
                        ],
                        [
                            -76.839667,
                            -11.995136
                        ],
                        [
                            -76.840526,
                            -11.996794
                        ],
                        [
                            -76.840528,
                            -11.996799
                        ],
                        [
                            -76.840563,
                            -11.996867
                        ],
                        [
                            -76.840771,
                            -11.998447
                        ],
                        [
                            -76.841966,
                            -12.000447
                        ],
                        [
                            -76.842759,
                            -12.000974
                        ],
                        [
                            -76.843672,
                            -12.001314
                        ],
                        [
                            -76.84454,
                            -12.002264
                        ],
                        [
                            -76.845363,
                            -12.003056
                        ],
                        [
                            -76.844669,
                            -12.004635
                        ],
                        [
                            -76.874908,
                            -12.008445
                        ],
                        [
                            -76.891169,
                            -12.012426
                        ],
                        [
                            -76.895012,
                            -12.012939
                        ],
                        [
                            -76.896794,
                            -12.012821
                        ],
                        [
                            -76.898686,
                            -12.013452
                        ],
                        [
                            -76.898707,
                            -12.013428
                        ],
                        [
                            -76.898736,
                            -12.013393
                        ],
                        [
                            -76.899089,
                            -12.013958
                        ],
                        [
                            -76.90324,
                            -12.015988
                        ],
                        [
                            -76.905511,
                            -12.017337
                        ],
                        [
                            -76.906828,
                            -12.017889
                        ],
                        [
                            -76.9101,
                            -12.018963
                        ],
                        [
                            -76.912824,
                            -12.020728
                        ],
                        [
                            -76.923138,
                            -12.022211
                        ],
                        [
                            -76.932483,
                            -12.022045
                        ],
                        [
                            -76.935101,
                            -12.021784
                        ],
                        [
                            -76.935304,
                            -12.022229
                        ],
                        [
                            -76.935466,
                            -12.02249
                        ],
                        [
                            -76.935787,
                            -12.022662
                        ],
                        [
                            -76.936129,
                            -12.022682
                        ],
                        [
                            -76.93654,
                            -12.022679
                        ],
                        [
                            -76.936974,
                            -12.022676
                        ],
                        [
                            -76.93791,
                            -12.022647
                        ],
                        [
                            -76.938549,
                            -12.022599
                        ],
                        [
                            -76.93928,
                            -12.022572
                        ],
                        [
                            -76.939942,
                            -12.02259
                        ],
                        [
                            -76.940331,
                            -12.022652
                        ],
                        [
                            -76.940697,
                            -12.022737
                        ],
                        [
                            -76.940994,
                            -12.022713
                        ],
                        [
                            -76.941358,
                            -12.022645
                        ],
                        [
                            -76.941701,
                            -12.022665
                        ],
                        [
                            -76.942204,
                            -12.022727
                        ],
                        [
                            -76.942593,
                            -12.022877
                        ],
                        [
                            -76.942844,
                            -12.022875
                        ],
                        [
                            -76.943209,
                            -12.022807
                        ],
                        [
                            -76.943621,
                            -12.02287
                        ],
                        [
                            -76.944239,
                            -12.023062
                        ],
                        [
                            -76.944939,
                            -12.023195
                        ],
                        [
                            -76.945395,
                            -12.023263
                        ],
                        [
                            -76.945652,
                            -12.023334
                        ],
                        [
                            -76.945827,
                            -12.023339
                        ],
                        [
                            -76.945969,
                            -12.023421
                        ],
                        [
                            -76.946104,
                            -12.023428
                        ],
                        [
                            -76.946245,
                            -12.023479
                        ],
                        [
                            -76.946478,
                            -12.023553
                        ],
                        [
                            -76.946526,
                            -12.023603
                        ],
                        [
                            -76.946575,
                            -12.023632
                        ],
                        [
                            -76.946623,
                            -12.023643
                        ],
                        [
                            -76.946735,
                            -12.0237
                        ],
                        [
                            -76.946832,
                            -12.023719
                        ],
                        [
                            -76.946896,
                            -12.023753
                        ],
                        [
                            -76.947082,
                            -12.023775
                        ],
                        [
                            -76.947162,
                            -12.023948
                        ],
                        [
                            -76.947211,
                            -12.024036
                        ],
                        [
                            -76.947255,
                            -12.024075
                        ],
                        [
                            -76.947314,
                            -12.024102
                        ],
                        [
                            -76.947373,
                            -12.024109
                        ],
                        [
                            -76.94755,
                            -12.024071
                        ],
                        [
                            -76.947779,
                            -12.024039
                        ],
                        [
                            -76.947812,
                            -12.024039
                        ],
                        [
                            -76.948078,
                            -12.024037
                        ],
                        [
                            -76.948359,
                            -12.024246
                        ],
                        [
                            -76.948463,
                            -12.024293
                        ],
                        [
                            -76.948569,
                            -12.024304
                        ],
                        [
                            -76.948776,
                            -12.024257
                        ],
                        [
                            -76.948858,
                            -12.024313
                        ],
                        [
                            -76.948929,
                            -12.024324
                        ],
                        [
                            -76.949025,
                            -12.02429
                        ],
                        [
                            -76.949337,
                            -12.024308
                        ],
                        [
                            -76.9496,
                            -12.024228
                        ],
                        [
                            -76.949715,
                            -12.02434
                        ],
                        [
                            -76.949876,
                            -12.02446
                        ],
                        [
                            -76.949982,
                            -12.024484
                        ],
                        [
                            -76.950068,
                            -12.02447
                        ],
                        [
                            -76.950165,
                            -12.024418
                        ],
                        [
                            -76.950218,
                            -12.02437
                        ],
                        [
                            -76.950255,
                            -12.024284
                        ],
                        [
                            -76.950296,
                            -12.024059
                        ],
                        [
                            -76.950486,
                            -12.024096
                        ],
                        [
                            -76.950681,
                            -12.024223
                        ],
                        [
                            -76.95082,
                            -12.024315
                        ],
                        [
                            -76.950958,
                            -12.024383
                        ],
                        [
                            -76.951097,
                            -12.024413
                        ],
                        [
                            -76.951114,
                            -12.024409
                        ],
                        [
                            -76.951312,
                            -12.02424
                        ],
                        [
                            -76.951445,
                            -12.024262
                        ],
                        [
                            -76.951669,
                            -12.024489
                        ],
                        [
                            -76.951804,
                            -12.024804
                        ],
                        [
                            -76.951916,
                            -12.024892
                        ],
                        [
                            -76.952121,
                            -12.025364
                        ],
                        [
                            -76.952301,
                            -12.025624
                        ],
                        [
                            -76.952531,
                            -12.025834
                        ],
                        [
                            -76.952761,
                            -12.026079
                        ],
                        [
                            -76.952942,
                            -12.026338
                        ],
                        [
                            -76.953265,
                            -12.026625
                        ],
                        [
                            -76.953474,
                            -12.026884
                        ],
                        [
                            -76.953675,
                            -12.027016
                        ],
                        [
                            -76.953748,
                            -12.027171
                        ],
                        [
                            -76.953792,
                            -12.027396
                        ],
                        [
                            -76.954044,
                            -12.027591
                        ],
                        [
                            -76.954353,
                            -12.027857
                        ],
                        [
                            -76.954558,
                            -12.028006
                        ],
                        [
                            -76.954781,
                            -12.028264
                        ],
                        [
                            -76.954992,
                            -12.028404
                        ],
                        [
                            -76.955191,
                            -12.028621
                        ],
                        [
                            -76.955259,
                            -12.028957
                        ],
                        [
                            -76.955446,
                            -12.029435
                        ],
                        [
                            -76.955684,
                            -12.029813
                        ],
                        [
                            -76.950875,
                            -12.028826
                        ],
                        [
                            -76.949374,
                            -12.028487
                        ],
                        [
                            -76.947302,
                            -12.028125
                        ],
                        [
                            -76.943997,
                            -12.027665
                        ],
                        [
                            -76.943932,
                            -12.027649
                        ],
                        [
                            -76.94386,
                            -12.027883
                        ],
                        [
                            -76.943787,
                            -12.028004
                        ],
                        [
                            -76.943721,
                            -12.02806
                        ],
                        [
                            -76.943596,
                            -12.028111
                        ],
                        [
                            -76.943352,
                            -12.028183
                        ],
                        [
                            -76.94319,
                            -12.028212
                        ],
                        [
                            -76.942998,
                            -12.028242
                        ],
                        [
                            -76.942813,
                            -12.028279
                        ],
                        [
                            -76.942844,
                            -12.029443
                        ],
                        [
                            -76.942809,
                            -12.029702
                        ],
                        [
                            -76.94263,
                            -12.03041
                        ],
                        [
                            -76.942529,
                            -12.030778
                        ],
                        [
                            -76.943343,
                            -12.030977
                        ],
                        [
                            -76.942999,
                            -12.032447
                        ],
                        [
                            -76.942343,
                            -12.033719
                        ],
                        [
                            -76.937964,
                            -12.043886
                        ],
                        [
                            -76.949538,
                            -12.048453
                        ],
                        [
                            -76.95625,
                            -12.05109
                        ],
                        [
                            -76.956728,
                            -12.051316
                        ],
                        [
                            -76.959208,
                            -12.052401
                        ],
                        [
                            -76.959789,
                            -12.052642
                        ],
                        [
                            -76.960271,
                            -12.052849
                        ],
                        [
                            -76.960626,
                            -12.052998
                        ],
                        [
                            -76.960892,
                            -12.053109
                        ],
                        [
                            -76.961059,
                            -12.053176
                        ],
                        [
                            -76.961223,
                            -12.053248
                        ],
                        [
                            -76.962104,
                            -12.053637
                        ],
                        [
                            -76.96325,
                            -12.054125
                        ],
                        [
                            -76.963481,
                            -12.054221
                        ],
                        [
                            -76.963736,
                            -12.054314
                        ],
                        [
                            -76.96413,
                            -12.054485
                        ],
                        [
                            -76.964303,
                            -12.054558
                        ],
                        [
                            -76.964715,
                            -12.054738
                        ],
                        [
                            -76.965068,
                            -12.054883
                        ],
                        [
                            -76.965979,
                            -12.055279
                        ],
                        [
                            -76.96646,
                            -12.055496
                        ],
                        [
                            -76.967265,
                            -12.055846
                        ],
                        [
                            -76.96839,
                            -12.056334
                        ],
                        [
                            -76.968962,
                            -12.056576
                        ],
                        [
                            -76.969122,
                            -12.056634
                        ],
                        [
                            -76.969452,
                            -12.056777
                        ],
                        [
                            -76.969968,
                            -12.056987
                        ],
                        [
                            -76.971046,
                            -12.057456
                        ],
                        [
                            -76.972164,
                            -12.057897
                        ],
                        [
                            -76.972721,
                            -12.058148
                        ],
                        [
                            -76.973322,
                            -12.058425
                        ],
                        [
                            -76.97339,
                            -12.058454
                        ],
                        [
                            -76.974191,
                            -12.058792
                        ],
                        [
                            -76.975018,
                            -12.059121
                        ],
                        [
                            -76.975863,
                            -12.059453
                        ],
                        [
                            -76.975937,
                            -12.05949
                        ],
                        [
                            -76.976286,
                            -12.059651
                        ],
                        [
                            -76.97646,
                            -12.059716
                        ],
                        [
                            -76.978709,
                            -12.060771
                        ],
                        [
                            -76.978757,
                            -12.060622
                        ],
                        [
                            -76.978933,
                            -12.060072
                        ],
                        [
                            -76.979291,
                            -12.05981
                        ],
                        [
                            -76.979482,
                            -12.05968
                        ],
                        [
                            -76.979673,
                            -12.059541
                        ],
                        [
                            -76.979703,
                            -12.059517
                        ],
                        [
                            -76.979839,
                            -12.059382
                        ],
                        [
                            -76.981338,
                            -12.059555
                        ],
                        [
                            -76.982884,
                            -12.060029
                        ],
                        [
                            -76.984124,
                            -12.059931
                        ],
                        [
                            -76.985853,
                            -12.059868
                        ],
                        [
                            -76.986979,
                            -12.059702
                        ],
                        [
                            -76.989571,
                            -12.058211
                        ],
                        [
                            -76.991687,
                            -12.056313
                        ],
                        [
                            -76.99247,
                            -12.055965
                        ],
                        [
                            -76.993073,
                            -12.055707
                        ],
                        [
                            -76.993613,
                            -12.056331
                        ],
                        [
                            -76.994196,
                            -12.057035
                        ],
                        [
                            -76.99436,
                            -12.057621
                        ],
                        [
                            -76.994418,
                            -12.057732
                        ],
                        [
                            -76.994794,
                            -12.05778
                        ],
                        [
                            -76.994915,
                            -12.058183
                        ],
                        [
                            -76.994985,
                            -12.058299
                        ],
                        [
                            -76.99506,
                            -12.058536
                        ],
                        [
                            -76.995131,
                            -12.058793
                        ],
                        [
                            -76.995349,
                            -12.058951
                        ],
                        [
                            -76.995566,
                            -12.059022
                        ],
                        [
                            -76.99586,
                            -12.059128
                        ],
                        [
                            -76.996013,
                            -12.059124
                        ],
                        [
                            -76.996222,
                            -12.059158
                        ],
                        [
                            -76.996457,
                            -12.059397
                        ],
                        [
                            -76.996722,
                            -12.059698
                        ],
                        [
                            -76.997032,
                            -12.060259
                        ],
                        [
                            -76.99711,
                            -12.060496
                        ],
                        [
                            -76.997149,
                            -12.060707
                        ],
                        [
                            -76.996973,
                            -12.060962
                        ],
                        [
                            -76.996699,
                            -12.060993
                        ],
                        [
                            -76.996651,
                            -12.060993
                        ],
                        [
                            -76.996519,
                            -12.060999
                        ],
                        [
                            -76.996025,
                            -12.061048
                        ],
                        [
                            -76.99608,
                            -12.06151
                        ],
                        [
                            -76.996118,
                            -12.06193
                        ],
                        [
                            -76.996137,
                            -12.062038
                        ],
                        [
                            -76.996332,
                            -12.063869
                        ],
                        [
                            -76.990213,
                            -12.064441
                        ],
                        [
                            -76.989473,
                            -12.064392
                        ],
                        [
                            -76.988854,
                            -12.064343
                        ],
                        [
                            -76.988497,
                            -12.064294
                        ],
                        [
                            -76.988255,
                            -12.064253
                        ],
                        [
                            -76.987123,
                            -12.064065
                        ],
                        [
                            -76.987489,
                            -12.06545
                        ],
                        [
                            -76.987819,
                            -12.066794
                        ],
                        [
                            -76.988158,
                            -12.068119
                        ],
                        [
                            -76.988479,
                            -12.069443
                        ],
                        [
                            -76.988782,
                            -12.070705
                        ],
                        [
                            -76.988966,
                            -12.071306
                        ],
                        [
                            -76.98893,
                            -12.071594
                        ],
                        [
                            -76.98863,
                            -12.072118
                        ],
                        [
                            -76.991349,
                            -12.073475
                        ],
                        [
                            -76.991521,
                            -12.07356
                        ],
                        [
                            -76.992247,
                            -12.073605
                        ],
                        [
                            -76.991457,
                            -12.074585
                        ],
                        [
                            -76.989327,
                            -12.077257
                        ],
                        [
                            -76.987229,
                            -12.079931
                        ]
                    ]
                ]
            },
            "properties": {
                "DEPARTAMEN": "LIMA",
                "DISTRITO": "ATE VITARTE"
            },
            "bbox": [
                -76.997149,
                -12.085258,
                -76.801671,
                -11.991114
            ]
        },
        {
            "type": "Feature",
            "geometry": {
                "type": "Polygon",
                "coordinates": [
                    [
                        [
                            -76.97339,
                            -12.058454
                        ],
                        [
                            -76.975434,
                            -12.053753
                        ],
                        [
                            -76.978146,
                            -12.054941
                        ],
                        [
                            -76.982606,
                            -12.055364
                        ],
                        [
                            -76.982093,
                            -12.05564
                        ],
                        [
                            -76.983188,
                            -12.056519
                        ],
                        [
                            -76.985337,
                            -12.057875
                        ],
                        [
                            -76.99034,
                            -12.052224
                        ],
                        [
                            -76.989861,
                            -12.049919
                        ],
                        [
                            -76.988399,
                            -12.048538
                        ],
                        [
                            -76.988065,
                            -12.047822
                        ],
                        [
                            -76.986687,
                            -12.047432
                        ],
                        [
                            -76.985843,
                            -12.046847
                        ],
                        [
                            -76.985223,
                            -12.04702
                        ],
                        [
                            -76.984996,
                            -12.046493
                        ],
                        [
                            -76.985442,
                            -12.046263
                        ],
                        [
                            -76.984668,
                            -12.044235
                        ],
                        [
                            -76.984819,
                            -12.044033
                        ],
                        [
                            -76.985701,
                            -12.043243
                        ],
                        [
                            -76.985955,
                            -12.042992
                        ],
                        [
                            -76.986798,
                            -12.041946
                        ],
                        [
                            -76.987052,
                            -12.041591
                        ],
                        [
                            -76.987259,
                            -12.041277
                        ],
                        [
                            -76.987668,
                            -12.04051
                        ],
                        [
                            -76.988,
                            -12.039611
                        ],
                        [
                            -76.987633,
                            -12.039607
                        ],
                        [
                            -76.987066,
                            -12.039645
                        ],
                        [
                            -76.985167,
                            -12.039951
                        ],
                        [
                            -76.984522,
                            -12.039465
                        ],
                        [
                            -76.984179,
                            -12.039665
                        ],
                        [
                            -76.983586,
                            -12.039928
                        ],
                        [
                            -76.983002,
                            -12.040112
                        ],
                        [
                            -76.982644,
                            -12.040217
                        ],
                        [
                            -76.982146,
                            -12.040366
                        ],
                        [
                            -76.981054,
                            -12.040505
                        ],
                        [
                            -76.979389,
                            -12.040483
                        ],
                        [
                            -76.979084,
                            -12.040444
                        ],
                        [
                            -76.977513,
                            -12.040495
                        ],
                        [
                            -76.977024,
                            -12.040536
                        ],
                        [
                            -76.976151,
                            -12.040343
                        ],
                        [
                            -76.975234,
                            -12.040129
                        ],
                        [
                            -76.973796,
                            -12.039556
                        ],
                        [
                            -76.972248,
                            -12.038508
                        ],
                        [
                            -76.971196,
                            -12.037796
                        ],
                        [
                            -76.969434,
                            -12.036483
                        ],
                        [
                            -76.968183,
                            -12.03554
                        ],
                        [
                            -76.966856,
                            -12.03451
                        ],
                        [
                            -76.965736,
                            -12.033639
                        ],
                        [
                            -76.964578,
                            -12.032738
                        ],
                        [
                            -76.964056,
                            -12.032376
                        ],
                        [
                            -76.963157,
                            -12.031725
                        ],
                        [
                            -76.962483,
                            -12.031327
                        ],
                        [
                            -76.961417,
                            -12.030777
                        ],
                        [
                            -76.960839,
                            -12.03058
                        ],
                        [
                            -76.9599,
                            -12.03033
                        ],
                        [
                            -76.959725,
                            -12.030303
                        ],
                        [
                            -76.95767,
                            -12.029988
                        ],
                        [
                            -76.957149,
                            -12.029918
                        ],
                        [
                            -76.955684,
                            -12.029813
                        ],
                        [
                            -76.955446,
                            -12.029435
                        ],
                        [
                            -76.955259,
                            -12.028957
                        ],
                        [
                            -76.955191,
                            -12.028621
                        ],
                        [
                            -76.954992,
                            -12.028404
                        ],
                        [
                            -76.954781,
                            -12.028264
                        ],
                        [
                            -76.954558,
                            -12.028006
                        ],
                        [
                            -76.954353,
                            -12.027857
                        ],
                        [
                            -76.954044,
                            -12.027591
                        ],
                        [
                            -76.953792,
                            -12.027396
                        ],
                        [
                            -76.953748,
                            -12.027171
                        ],
                        [
                            -76.953675,
                            -12.027016
                        ],
                        [
                            -76.953474,
                            -12.026884
                        ],
                        [
                            -76.953265,
                            -12.026625
                        ],
                        [
                            -76.952942,
                            -12.026338
                        ],
                        [
                            -76.952761,
                            -12.026079
                        ],
                        [
                            -76.952531,
                            -12.025834
                        ],
                        [
                            -76.952301,
                            -12.025624
                        ],
                        [
                            -76.952121,
                            -12.025364
                        ],
                        [
                            -76.951916,
                            -12.024892
                        ],
                        [
                            -76.951804,
                            -12.024804
                        ],
                        [
                            -76.951669,
                            -12.024489
                        ],
                        [
                            -76.951445,
                            -12.024262
                        ],
                        [
                            -76.951312,
                            -12.02424
                        ],
                        [
                            -76.951114,
                            -12.024409
                        ],
                        [
                            -76.951097,
                            -12.024413
                        ],
                        [
                            -76.950958,
                            -12.024383
                        ],
                        [
                            -76.95082,
                            -12.024315
                        ],
                        [
                            -76.950681,
                            -12.024223
                        ],
                        [
                            -76.950486,
                            -12.024096
                        ],
                        [
                            -76.950296,
                            -12.024059
                        ],
                        [
                            -76.950255,
                            -12.024284
                        ],
                        [
                            -76.950218,
                            -12.02437
                        ],
                        [
                            -76.950165,
                            -12.024418
                        ],
                        [
                            -76.950068,
                            -12.02447
                        ],
                        [
                            -76.949982,
                            -12.024484
                        ],
                        [
                            -76.949876,
                            -12.02446
                        ],
                        [
                            -76.949715,
                            -12.02434
                        ],
                        [
                            -76.9496,
                            -12.024228
                        ],
                        [
                            -76.949337,
                            -12.024308
                        ],
                        [
                            -76.949025,
                            -12.02429
                        ],
                        [
                            -76.948929,
                            -12.024324
                        ],
                        [
                            -76.948858,
                            -12.024313
                        ],
                        [
                            -76.948776,
                            -12.024257
                        ],
                        [
                            -76.948569,
                            -12.024304
                        ],
                        [
                            -76.948463,
                            -12.024293
                        ],
                        [
                            -76.948359,
                            -12.024246
                        ],
                        [
                            -76.948078,
                            -12.024037
                        ],
                        [
                            -76.947779,
                            -12.024039
                        ],
                        [
                            -76.94755,
                            -12.024071
                        ],
                        [
                            -76.947373,
                            -12.024109
                        ],
                        [
                            -76.947314,
                            -12.024102
                        ],
                        [
                            -76.947255,
                            -12.024075
                        ],
                        [
                            -76.947211,
                            -12.024036
                        ],
                        [
                            -76.947162,
                            -12.023948
                        ],
                        [
                            -76.947082,
                            -12.023775
                        ],
                        [
                            -76.946896,
                            -12.023753
                        ],
                        [
                            -76.946832,
                            -12.023719
                        ],
                        [
                            -76.946735,
                            -12.0237
                        ],
                        [
                            -76.946623,
                            -12.023643
                        ],
                        [
                            -76.946575,
                            -12.023632
                        ],
                        [
                            -76.946526,
                            -12.023603
                        ],
                        [
                            -76.946478,
                            -12.023553
                        ],
                        [
                            -76.946245,
                            -12.023479
                        ],
                        [
                            -76.946104,
                            -12.023428
                        ],
                        [
                            -76.945969,
                            -12.023421
                        ],
                        [
                            -76.945827,
                            -12.023339
                        ],
                        [
                            -76.945652,
                            -12.023334
                        ],
                        [
                            -76.945395,
                            -12.023263
                        ],
                        [
                            -76.944939,
                            -12.023195
                        ],
                        [
                            -76.944239,
                            -12.023062
                        ],
                        [
                            -76.943621,
                            -12.02287
                        ],
                        [
                            -76.943209,
                            -12.022807
                        ],
                        [
                            -76.942844,
                            -12.022875
                        ],
                        [
                            -76.942593,
                            -12.022877
                        ],
                        [
                            -76.942204,
                            -12.022727
                        ],
                        [
                            -76.941701,
                            -12.022665
                        ],
                        [
                            -76.941358,
                            -12.022645
                        ],
                        [
                            -76.940994,
                            -12.022713
                        ],
                        [
                            -76.940697,
                            -12.022737
                        ],
                        [
                            -76.940331,
                            -12.022652
                        ],
                        [
                            -76.939942,
                            -12.02259
                        ],
                        [
                            -76.93928,
                            -12.022572
                        ],
                        [
                            -76.938549,
                            -12.022599
                        ],
                        [
                            -76.93791,
                            -12.022647
                        ],
                        [
                            -76.936974,
                            -12.022676
                        ],
                        [
                            -76.93654,
                            -12.022679
                        ],
                        [
                            -76.936129,
                            -12.022682
                        ],
                        [
                            -76.935787,
                            -12.022662
                        ],
                        [
                            -76.935466,
                            -12.02249
                        ],
                        [
                            -76.935304,
                            -12.022229
                        ],
                        [
                            -76.935101,
                            -12.021784
                        ],
                        [
                            -76.936496,
                            -12.021645
                        ],
                        [
                            -76.940564,
                            -12.020977
                        ],
                        [
                            -76.943388,
                            -12.020735
                        ],
                        [
                            -76.945562,
                            -12.02064
                        ],
                        [
                            -76.945722,
                            -12.020625
                        ],
                        [
                            -76.948918,
                            -12.020539
                        ],
                        [
                            -76.95053,
                            -12.020659
                        ],
                        [
                            -76.952106,
                            -12.020924
                        ],
                        [
                            -76.954016,
                            -12.021309
                        ],
                        [
                            -76.958718,
                            -12.0233
                        ],
                        [
                            -76.964366,
                            -12.025474
                        ],
                        [
                            -76.967229,
                            -12.026148
                        ],
                        [
                            -76.970756,
                            -12.026348
                        ],
                        [
                            -76.978265,
                            -12.025285
                        ],
                        [
                            -76.978643,
                            -12.025293
                        ],
                        [
                            -76.979121,
                            -12.02537
                        ],
                        [
                            -76.980711,
                            -12.025478
                        ],
                        [
                            -76.981645,
                            -12.025364
                        ],
                        [
                            -76.984713,
                            -12.025871
                        ],
                        [
                            -76.987542,
                            -12.026443
                        ],
                        [
                            -76.991314,
                            -12.026665
                        ],
                        [
                            -76.995499,
                            -12.02681
                        ],
                        [
                            -76.996642,
                            -12.026929
                        ],
                        [
                            -76.997466,
                            -12.027097
                        ],
                        [
                            -76.998936,
                            -12.027572
                        ],
                        [
                            -77.000822,
                            -12.027986
                        ],
                        [
                            -77.00201,
                            -12.028344
                        ],
                        [
                            -77.003928,
                            -12.029104
                        ],
                        [
                            -77.005615,
                            -12.029571
                        ],
                        [
                            -77.007751,
                            -12.029828
                        ],
                        [
                            -77.009179,
                            -12.030096
                        ],
                        [
                            -77.010994,
                            -12.031263
                        ],
                        [
                            -77.010389,
                            -12.032116
                        ],
                        [
                            -77.010184,
                            -12.032418
                        ],
                        [
                            -77.009909,
                            -12.032791
                        ],
                        [
                            -77.009545,
                            -12.033341
                        ],
                        [
                            -77.00903,
                            -12.03409
                        ],
                        [
                            -77.008837,
                            -12.033953
                        ],
                        [
                            -77.005894,
                            -12.037707
                        ],
                        [
                            -77.005691,
                            -12.038126
                        ],
                        [
                            -77.005566,
                            -12.03889
                        ],
                        [
                            -77.004765,
                            -12.041759
                        ],
                        [
                            -77.003275,
                            -12.045429
                        ],
                        [
                            -77.002899,
                            -12.046702
                        ],
                        [
                            -77.00401,
                            -12.047336
                        ],
                        [
                            -77.006911,
                            -12.049447
                        ],
                        [
                            -77.007282,
                            -12.048923
                        ],
                        [
                            -77.007444,
                            -12.04885
                        ],
                        [
                            -77.007657,
                            -12.048671
                        ],
                        [
                            -77.007996,
                            -12.048233
                        ],
                        [
                            -77.008329,
                            -12.047637
                        ],
                        [
                            -77.007998,
                            -12.047261
                        ],
                        [
                            -77.008601,
                            -12.046072
                        ],
                        [
                            -77.008034,
                            -12.04542
                        ],
                        [
                            -77.006831,
                            -12.042993
                        ],
                        [
                            -77.00661,
                            -12.042856
                        ],
                        [
                            -77.006485,
                            -12.042665
                        ],
                        [
                            -77.006481,
                            -12.042405
                        ],
                        [
                            -77.0065,
                            -12.042267
                        ],
                        [
                            -77.008653,
                            -12.04298
                        ],
                        [
                            -77.009021,
                            -12.043104
                        ],
                        [
                            -77.010891,
                            -12.04374
                        ],
                        [
                            -77.010776,
                            -12.044236
                        ],
                        [
                            -77.010772,
                            -12.044911
                        ],
                        [
                            -77.01095,
                            -12.045928
                        ],
                        [
                            -77.011079,
                            -12.045965
                        ],
                        [
                            -77.010993,
                            -12.047041
                        ],
                        [
                            -77.011024,
                            -12.048509
                        ],
                        [
                            -77.011169,
                            -12.049442
                        ],
                        [
                            -77.01147,
                            -12.050957
                        ],
                        [
                            -77.011637,
                            -12.051525
                        ],
                        [
                            -77.012052,
                            -12.05252
                        ],
                        [
                            -77.012276,
                            -12.053178
                        ],
                        [
                            -77.012464,
                            -12.053529
                        ],
                        [
                            -77.012329,
                            -12.053635
                        ],
                        [
                            -77.011534,
                            -12.054399
                        ],
                        [
                            -77.010322,
                            -12.056204
                        ],
                        [
                            -77.009741,
                            -12.056712
                        ],
                        [
                            -77.008512,
                            -12.057734
                        ],
                        [
                            -77.007583,
                            -12.058476
                        ],
                        [
                            -77.00729,
                            -12.058899
                        ],
                        [
                            -77.006681,
                            -12.060282
                        ],
                        [
                            -77.006598,
                            -12.060711
                        ],
                        [
                            -77.006246,
                            -12.060924
                        ],
                        [
                            -77.005349,
                            -12.061458
                        ],
                        [
                            -77.00427,
                            -12.062105
                        ],
                        [
                            -77.003985,
                            -12.062252
                        ],
                        [
                            -77.00314,
                            -12.062617
                        ],
                        [
                            -77.002842,
                            -12.061602
                        ],
                        [
                            -77.001246,
                            -12.062082
                        ],
                        [
                            -77.001144,
                            -12.061796
                        ],
                        [
                            -77.00072,
                            -12.061652
                        ],
                        [
                            -77.000392,
                            -12.06157
                        ],
                        [
                            -76.99998,
                            -12.061528
                        ],
                        [
                            -76.999905,
                            -12.060632
                        ],
                        [
                            -76.999737,
                            -12.060419
                        ],
                        [
                            -76.998679,
                            -12.060072
                        ],
                        [
                            -76.998365,
                            -12.060601
                        ],
                        [
                            -76.997785,
                            -12.060783
                        ],
                        [
                            -76.998011,
                            -12.062895
                        ],
                        [
                            -76.99767,
                            -12.062979
                        ],
                        [
                            -76.997461,
                            -12.063095
                        ],
                        [
                            -76.997295,
                            -12.063259
                        ],
                        [
                            -76.997172,
                            -12.063461
                        ],
                        [
                            -76.997093,
                            -12.063717
                        ],
                        [
                            -76.997008,
                            -12.063806
                        ],
                        [
                            -76.996332,
                            -12.063869
                        ],
                        [
                            -76.996137,
                            -12.062038
                        ],
                        [
                            -76.996118,
                            -12.06193
                        ],
                        [
                            -76.99608,
                            -12.06151
                        ],
                        [
                            -76.996025,
                            -12.061048
                        ],
                        [
                            -76.996519,
                            -12.060999
                        ],
                        [
                            -76.996651,
                            -12.060993
                        ],
                        [
                            -76.996699,
                            -12.060993
                        ],
                        [
                            -76.996973,
                            -12.060962
                        ],
                        [
                            -76.997149,
                            -12.060707
                        ],
                        [
                            -76.99711,
                            -12.060496
                        ],
                        [
                            -76.997032,
                            -12.060259
                        ],
                        [
                            -76.996722,
                            -12.059698
                        ],
                        [
                            -76.996457,
                            -12.059397
                        ],
                        [
                            -76.996222,
                            -12.059158
                        ],
                        [
                            -76.996013,
                            -12.059124
                        ],
                        [
                            -76.99586,
                            -12.059128
                        ],
                        [
                            -76.995566,
                            -12.059022
                        ],
                        [
                            -76.995349,
                            -12.058951
                        ],
                        [
                            -76.995131,
                            -12.058793
                        ],
                        [
                            -76.99506,
                            -12.058536
                        ],
                        [
                            -76.994985,
                            -12.058299
                        ],
                        [
                            -76.994915,
                            -12.058183
                        ],
                        [
                            -76.994794,
                            -12.05778
                        ],
                        [
                            -76.994418,
                            -12.057732
                        ],
                        [
                            -76.99436,
                            -12.057621
                        ],
                        [
                            -76.994196,
                            -12.057035
                        ],
                        [
                            -76.993613,
                            -12.056331
                        ],
                        [
                            -76.993073,
                            -12.055707
                        ],
                        [
                            -76.99247,
                            -12.055965
                        ],
                        [
                            -76.991687,
                            -12.056313
                        ],
                        [
                            -76.989571,
                            -12.058211
                        ],
                        [
                            -76.986979,
                            -12.059702
                        ],
                        [
                            -76.985853,
                            -12.059868
                        ],
                        [
                            -76.984124,
                            -12.059931
                        ],
                        [
                            -76.982884,
                            -12.060029
                        ],
                        [
                            -76.981338,
                            -12.059555
                        ],
                        [
                            -76.979839,
                            -12.059382
                        ],
                        [
                            -76.979703,
                            -12.059517
                        ],
                        [
                            -76.979673,
                            -12.059541
                        ],
                        [
                            -76.979482,
                            -12.05968
                        ],
                        [
                            -76.979291,
                            -12.05981
                        ],
                        [
                            -76.978932,
                            -12.060071
                        ],
                        [
                            -76.978757,
                            -12.060622
                        ],
                        [
                            -76.978709,
                            -12.060771
                        ],
                        [
                            -76.97646,
                            -12.059716
                        ],
                        [
                            -76.976286,
                            -12.059651
                        ],
                        [
                            -76.975937,
                            -12.05949
                        ],
                        [
                            -76.975863,
                            -12.059453
                        ],
                        [
                            -76.975018,
                            -12.059121
                        ],
                        [
                            -76.974191,
                            -12.058792
                        ],
                        [
                            -76.97339,
                            -12.058454
                        ]
                    ]
                ]
            },
            "properties": {
                "DEPARTAMEN": "LIMA",
                "DISTRITO": "EL AGUSTINO"
            },
            "bbox": [
                -77.012464,
                -12.063869,
                -76.935101,
                -12.020539
            ]
        },
        {
            "type": "Feature",
            "geometry": {
                "type": "Polygon",
                "coordinates": [
                    [
                        [
                            -77.004023,
                            -12.08418
                        ],
                        [
                            -77.004137,
                            -12.083467
                        ],
                        [
                            -77.004214,
                            -12.083082
                        ],
                        [
                            -77.00435,
                            -12.082653
                        ],
                        [
                            -77.004556,
                            -12.082201
                        ],
                        [
                            -77.004813,
                            -12.081802
                        ],
                        [
                            -77.005085,
                            -12.081452
                        ],
                        [
                            -77.005258,
                            -12.081249
                        ],
                        [
                            -77.005433,
                            -12.081365
                        ],
                        [
                            -77.005908,
                            -12.081035
                        ],
                        [
                            -77.00719,
                            -12.080525
                        ],
                        [
                            -77.009253,
                            -12.079868
                        ],
                        [
                            -77.009893,
                            -12.079424
                        ],
                        [
                            -77.010187,
                            -12.079026
                        ],
                        [
                            -77.010493,
                            -12.078371
                        ],
                        [
                            -77.010926,
                            -12.078055
                        ],
                        [
                            -77.011022,
                            -12.077772
                        ],
                        [
                            -77.01081,
                            -12.07701
                        ],
                        [
                            -77.010487,
                            -12.076844
                        ],
                        [
                            -77.010267,
                            -12.076818
                        ],
                        [
                            -77.010057,
                            -12.076786
                        ],
                        [
                            -77.009534,
                            -12.076041
                        ],
                        [
                            -77.008982,
                            -12.075573
                        ],
                        [
                            -77.00616,
                            -12.073869
                        ],
                        [
                            -77.003605,
                            -12.072368
                        ],
                        [
                            -77.001961,
                            -12.071469
                        ],
                        [
                            -76.999732,
                            -12.070192
                        ],
                        [
                            -76.997405,
                            -12.068918
                        ],
                        [
                            -76.997108,
                            -12.068228
                        ],
                        [
                            -76.997056,
                            -12.067449
                        ],
                        [
                            -76.997208,
                            -12.067248
                        ],
                        [
                            -76.999182,
                            -12.064725
                        ],
                        [
                            -76.999897,
                            -12.063518
                        ],
                        [
                            -77.000884,
                            -12.063419
                        ],
                        [
                            -77.001513,
                            -12.063341
                        ],
                        [
                            -77.00314,
                            -12.062617
                        ],
                        [
                            -77.003985,
                            -12.062252
                        ],
                        [
                            -77.00427,
                            -12.062105
                        ],
                        [
                            -77.005349,
                            -12.061458
                        ],
                        [
                            -77.006246,
                            -12.060924
                        ],
                        [
                            -77.006598,
                            -12.060711
                        ],
                        [
                            -77.006681,
                            -12.060282
                        ],
                        [
                            -77.007196,
                            -12.060348
                        ],
                        [
                            -77.008508,
                            -12.060494
                        ],
                        [
                            -77.012066,
                            -12.060908
                        ],
                        [
                            -77.012981,
                            -12.061018
                        ],
                        [
                            -77.014029,
                            -12.061178
                        ],
                        [
                            -77.015626,
                            -12.061421
                        ],
                        [
                            -77.016124,
                            -12.060125
                        ],
                        [
                            -77.016746,
                            -12.058912
                        ],
                        [
                            -77.017318,
                            -12.058378
                        ],
                        [
                            -77.017558,
                            -12.057507
                        ],
                        [
                            -77.01934,
                            -12.057741
                        ],
                        [
                            -77.021681,
                            -12.058049
                        ],
                        [
                            -77.02348,
                            -12.058284
                        ],
                        [
                            -77.025426,
                            -12.058524
                        ],
                        [
                            -77.029769,
                            -12.059073
                        ],
                        [
                            -77.033315,
                            -12.059525
                        ],
                        [
                            -77.035404,
                            -12.059799
                        ],
                        [
                            -77.035357,
                            -12.060314
                        ],
                        [
                            -77.035187,
                            -12.060613
                        ],
                        [
                            -77.035022,
                            -12.060831
                        ],
                        [
                            -77.034835,
                            -12.061188
                        ],
                        [
                            -77.031159,
                            -12.071268
                        ],
                        [
                            -77.031008,
                            -12.0716
                        ],
                        [
                            -77.030637,
                            -12.072666
                        ],
                        [
                            -77.030229,
                            -12.0737
                        ],
                        [
                            -77.029768,
                            -12.074731
                        ],
                        [
                            -77.02931,
                            -12.075755
                        ],
                        [
                            -77.029074,
                            -12.076283
                        ],
                        [
                            -77.028813,
                            -12.076866
                        ],
                        [
                            -77.02848,
                            -12.07769
                        ],
                        [
                            -77.028053,
                            -12.078745
                        ],
                        [
                            -77.025548,
                            -12.085531
                        ],
                        [
                            -77.023841,
                            -12.090002
                        ],
                        [
                            -77.023476,
                            -12.090922
                        ],
                        [
                            -77.02277,
                            -12.090822
                        ],
                        [
                            -77.01917,
                            -12.090335
                        ],
                        [
                            -77.014456,
                            -12.089672
                        ],
                        [
                            -77.009745,
                            -12.089015
                        ],
                        [
                            -77.010019,
                            -12.087307
                        ],
                        [
                            -77.010084,
                            -12.086939
                        ],
                        [
                            -77.010092,
                            -12.08661
                        ],
                        [
                            -77.010042,
                            -12.086353
                        ],
                        [
                            -77.009936,
                            -12.085477
                        ],
                        [
                            -77.009972,
                            -12.084977
                        ],
                        [
                            -77.004023,
                            -12.08418
                        ]
                    ]
                ]
            },
            "properties": {
                "DEPARTAMEN": "LIMA",
                "DISTRITO": "LA VICTORIA"
            },
            "bbox": [
                -77.035404,
                -12.090922,
                -76.997056,
                -12.057507
            ]
        },
        {
            "type": "Feature",
            "geometry": {
                "type": "Polygon",
                "coordinates": [
                    [
                        [
                            -76.996332,
                            -12.063869
                        ],
                        [
                            -76.997008,
                            -12.063806
                        ],
                        [
                            -76.997093,
                            -12.063717
                        ],
                        [
                            -76.997172,
                            -12.063461
                        ],
                        [
                            -76.997295,
                            -12.063259
                        ],
                        [
                            -76.997461,
                            -12.063095
                        ],
                        [
                            -76.99767,
                            -12.062979
                        ],
                        [
                            -76.998011,
                            -12.062895
                        ],
                        [
                            -76.997785,
                            -12.060783
                        ],
                        [
                            -76.998365,
                            -12.060601
                        ],
                        [
                            -76.998679,
                            -12.060072
                        ],
                        [
                            -76.999737,
                            -12.060419
                        ],
                        [
                            -76.999905,
                            -12.060632
                        ],
                        [
                            -76.99998,
                            -12.061528
                        ],
                        [
                            -77.000392,
                            -12.06157
                        ],
                        [
                            -77.00072,
                            -12.061652
                        ],
                        [
                            -77.001144,
                            -12.061796
                        ],
                        [
                            -77.001246,
                            -12.062082
                        ],
                        [
                            -77.002842,
                            -12.061602
                        ],
                        [
                            -77.00314,
                            -12.062617
                        ],
                        [
                            -77.001513,
                            -12.063341
                        ],
                        [
                            -77.000884,
                            -12.063419
                        ],
                        [
                            -76.999897,
                            -12.063518
                        ],
                        [
                            -76.999182,
                            -12.064725
                        ],
                        [
                            -76.997056,
                            -12.067449
                        ],
                        [
                            -76.997108,
                            -12.068228
                        ],
                        [
                            -76.997405,
                            -12.068918
                        ],
                        [
                            -76.999732,
                            -12.070192
                        ],
                        [
                            -77.001961,
                            -12.071469
                        ],
                        [
                            -77.003605,
                            -12.072368
                        ],
                        [
                            -77.00616,
                            -12.073869
                        ],
                        [
                            -77.008982,
                            -12.075573
                        ],
                        [
                            -77.009534,
                            -12.076041
                        ],
                        [
                            -77.010057,
                            -12.076786
                        ],
                        [
                            -77.010267,
                            -12.076818
                        ],
                        [
                            -77.010487,
                            -12.076844
                        ],
                        [
                            -77.01081,
                            -12.07701
                        ],
                        [
                            -77.011022,
                            -12.077772
                        ],
                        [
                            -77.010926,
                            -12.078055
                        ],
                        [
                            -77.010493,
                            -12.078371
                        ],
                        [
                            -77.010187,
                            -12.079026
                        ],
                        [
                            -77.009893,
                            -12.079424
                        ],
                        [
                            -77.009253,
                            -12.079868
                        ],
                        [
                            -77.00719,
                            -12.080525
                        ],
                        [
                            -77.005908,
                            -12.081035
                        ],
                        [
                            -77.005433,
                            -12.081365
                        ],
                        [
                            -77.005258,
                            -12.081249
                        ],
                        [
                            -77.005085,
                            -12.081452
                        ],
                        [
                            -77.004813,
                            -12.081802
                        ],
                        [
                            -77.004556,
                            -12.082201
                        ],
                        [
                            -77.00435,
                            -12.082653
                        ],
                        [
                            -77.004214,
                            -12.083082
                        ],
                        [
                            -77.004137,
                            -12.083467
                        ],
                        [
                            -77.004023,
                            -12.08418
                        ],
                        [
                            -77.000768,
                            -12.083697
                        ],
                        [
                            -76.999985,
                            -12.083609
                        ],
                        [
                            -76.999357,
                            -12.083539
                        ],
                        [
                            -76.99903,
                            -12.083451
                        ],
                        [
                            -76.9986,
                            -12.083295
                        ],
                        [
                            -76.99814,
                            -12.083069
                        ],
                        [
                            -76.997621,
                            -12.082756
                        ],
                        [
                            -76.997268,
                            -12.082518
                        ],
                        [
                            -76.996381,
                            -12.082007
                        ],
                        [
                            -76.995816,
                            -12.081741
                        ],
                        [
                            -76.994115,
                            -12.081324
                        ],
                        [
                            -76.993543,
                            -12.081106
                        ],
                        [
                            -76.993513,
                            -12.081267
                        ],
                        [
                            -76.993449,
                            -12.081707
                        ],
                        [
                            -76.993233,
                            -12.081621
                        ],
                        [
                            -76.992925,
                            -12.081432
                        ],
                        [
                            -76.992844,
                            -12.081742
                        ],
                        [
                            -76.991495,
                            -12.081748
                        ],
                        [
                            -76.990697,
                            -12.081747
                        ],
                        [
                            -76.990161,
                            -12.081749
                        ],
                        [
                            -76.989893,
                            -12.081751
                        ],
                        [
                            -76.989807,
                            -12.08175
                        ],
                        [
                            -76.989764,
                            -12.08175
                        ],
                        [
                            -76.989739,
                            -12.081748
                        ],
                        [
                            -76.989722,
                            -12.081747
                        ],
                        [
                            -76.989703,
                            -12.081744
                        ],
                        [
                            -76.989692,
                            -12.081743
                        ],
                        [
                            -76.98966,
                            -12.081738
                        ],
                        [
                            -76.989625,
                            -12.081724
                        ],
                        [
                            -76.987229,
                            -12.079931
                        ],
                        [
                            -76.989327,
                            -12.077257
                        ],
                        [
                            -76.991457,
                            -12.074585
                        ],
                        [
                            -76.992247,
                            -12.073605
                        ],
                        [
                            -76.991521,
                            -12.07356
                        ],
                        [
                            -76.991349,
                            -12.073475
                        ],
                        [
                            -76.98863,
                            -12.072118
                        ],
                        [
                            -76.98893,
                            -12.071594
                        ],
                        [
                            -76.988966,
                            -12.071306
                        ],
                        [
                            -76.988782,
                            -12.070705
                        ],
                        [
                            -76.988479,
                            -12.069443
                        ],
                        [
                            -76.988158,
                            -12.068119
                        ],
                        [
                            -76.987819,
                            -12.066794
                        ],
                        [
                            -76.987489,
                            -12.06545
                        ],
                        [
                            -76.987123,
                            -12.064065
                        ],
                        [
                            -76.988255,
                            -12.064253
                        ],
                        [
                            -76.988497,
                            -12.064294
                        ],
                        [
                            -76.988854,
                            -12.064343
                        ],
                        [
                            -76.989473,
                            -12.064392
                        ],
                        [
                            -76.990213,
                            -12.064441
                        ],
                        [
                            -76.996332,
                            -12.063869
                        ]
                    ]
                ]
            },
            "properties": {
                "DEPARTAMEN": "LIMA",
                "DISTRITO": "SAN LUIS"
            },
            "bbox": [
                -77.011022,
                -12.08418,
                -76.987123,
                -12.060072
            ]
        }
    ]
}