{
    "type": "FeatureCollection",
    "features": [
        {
            "type": "Feature",
            "geometry": {
                "type": "LineString",
                "coordinates": [
                    [
                        -77.124855,
                        -11.99752
                    ],
                    [
                        -77.118122,
                        -12.000061
                    ],
                    [
                        -77.118106,
                        -12.000067
                    ],
                    [
                        -77.118089,
                        -12.000074
                    ],
                    [
                        -77.118072,
                        -12.00008
                    ],
                    [
                        -77.118055,
                        -12.000087
                    ],
                    [
                        -77.118038,
                        -12.000093
                    ],
                    [
                        -77.118022,
                        -12.000099
                    ],
                    [
                        -77.118005,
                        -12.000106
                    ],
                    [
                        -77.117988,
                        -12.000112
                    ],
                    [
                        -77.117971,
                        -12.000118
                    ],
                    [
                        -77.117954,
                        -12.000125
                    ],
                    [
                        -77.117938,
                        -12.000131
                    ],
                    [
                        -77.117921,
                        -12.000138
                    ],
                    [
                        -77.117904,
                        -12.000144
                    ],
                    [
                        -77.117887,
                        -12.000151
                    ],
                    [
                        -77.11787,
                        -12.000157
                    ],
                    [
                        -77.117854,
                        -12.000164
                    ],
                    [
                        -77.117837,
                        -12.00017
                    ],
                    [
                        -77.11782,
                        -12.000177
                    ],
                    [
                        -77.117804,
                        -12.000184
                    ],
                    [
                        -77.117787,
                        -12.00019
                    ],
                    [
                        -77.11777,
                        -12.000197
                    ],
                    [
                        -77.117753,
                        -12.000204
                    ],
                    [
                        -77.117737,
                        -12.000211
                    ],
                    [
                        -77.11772,
                        -12.000217
                    ],
                    [
                        -77.117704,
                        -12.000224
                    ],
                    [
                        -77.117687,
                        -12.000231
                    ],
                    [
                        -77.11767,
                        -12.000238
                    ],
                    [
                        -77.117654,
                        -12.000245
                    ],
                    [
                        -77.117637,
                        -12.000252
                    ],
                    [
                        -77.117621,
                        -12.000259
                    ],
                    [
                        -77.117604,
                        -12.000266
                    ],
                    [
                        -77.117588,
                        -12.000273
                    ],
                    [
                        -77.117571,
                        -12.00028
                    ],
                    [
                        -77.117555,
                        -12.000288
                    ],
                    [
                        -77.117538,
                        -12.000295
                    ],
                    [
                        -77.117522,
                        -12.000302
                    ],
                    [
                        -77.117506,
                        -12.00031
                    ],
                    [
                        -77.117489,
                        -12.000317
                    ],
                    [
                        -77.117473,
                        -12.000325
                    ],
                    [
                        -77.117457,
                        -12.000333
                    ],
                    [
                        -77.11744,
                        -12.00034
                    ],
                    [
                        -77.117424,
                        -12.000348
                    ],
                    [
                        -77.117408,
                        -12.000356
                    ],
                    [
                        -77.117392,
                        -12.000364
                    ],
                    [
                        -77.117376,
                        -12.000372
                    ],
                    [
                        -77.11736,
                        -12.00038
                    ],
                    [
                        -77.117344,
                        -12.000388
                    ],
                    [
                        -77.117328,
                        -12.000396
                    ],
                    [
                        -77.117312,
                        -12.000404
                    ],
                    [
                        -77.117296,
                        -12.000412
                    ],
                    [
                        -77.11728,
                        -12.000421
                    ],
                    [
                        -77.117264,
                        -12.000429
                    ],
                    [
                        -77.117248,
                        -12.000438
                    ],
                    [
                        -77.117233,
                        -12.000447
                    ],
                    [
                        -77.117137,
                        -12.000501
                    ],
                    [
                        -77.117043,
                        -12.000559
                    ],
                    [
                        -77.116951,
                        -12.00062
                    ],
                    [
                        -77.116862,
                        -12.000684
                    ],
                    [
                        -77.116774,
                        -12.000751
                    ],
                    [
                        -77.116689,
                        -12.000821
                    ],
                    [
                        -77.116606,
                        -12.000893
                    ],
                    [
                        -77.116526,
                        -12.000968
                    ],
                    [
                        -77.116448,
                        -12.001046
                    ],
                    [
                        -77.116373,
                        -12.001126
                    ],
                    [
                        -77.116301,
                        -12.001208
                    ],
                    [
                        -77.116231,
                        -12.001293
                    ],
                    [
                        -77.116165,
                        -12.00138
                    ],
                    [
                        -77.116101,
                        -12.001469
                    ],
                    [
                        -77.116091,
                        -12.001484
                    ],
                    [
                        -77.116081,
                        -12.001499
                    ],
                    [
                        -77.116071,
                        -12.001513
                    ],
                    [
                        -77.116061,
                        -12.001528
                    ],
                    [
                        -77.116051,
                        -12.001543
                    ],
                    [
                        -77.116041,
                        -12.001558
                    ],
                    [
                        -77.116032,
                        -12.001573
                    ],
                    [
                        -77.116022,
                        -12.001588
                    ],
                    [
                        -77.116013,
                        -12.001603
                    ],
                    [
                        -77.116003,
                        -12.001618
                    ],
                    [
                        -77.115994,
                        -12.001633
                    ],
                    [
                        -77.115985,
                        -12.001649
                    ],
                    [
                        -77.115975,
                        -12.001664
                    ],
                    [
                        -77.115966,
                        -12.001679
                    ],
                    [
                        -77.115957,
                        -12.001694
                    ],
                    [
                        -77.115948,
                        -12.00171
                    ],
                    [
                        -77.115939,
                        -12.001725
                    ],
                    [
                        -77.11593,
                        -12.001741
                    ],
                    [
                        -77.115921,
                        -12.001756
                    ],
                    [
                        -77.115913,
                        -12.001771
                    ],
                    [
                        -77.115904,
                        -12.001787
                    ],
                    [
                        -77.115895,
                        -12.001803
                    ],
                    [
                        -77.115886,
                        -12.001818
                    ],
                    [
                        -77.115878,
                        -12.001834
                    ],
                    [
                        -77.115869,
                        -12.001849
                    ],
                    [
                        -77.115861,
                        -12.001865
                    ],
                    [
                        -77.115852,
                        -12.001881
                    ],
                    [
                        -77.115844,
                        -12.001896
                    ],
                    [
                        -77.115835,
                        -12.001912
                    ],
                    [
                        -77.115827,
                        -12.001928
                    ],
                    [
                        -77.115819,
                        -12.001943
                    ],
                    [
                        -77.115811,
                        -12.001959
                    ],
                    [
                        -77.115802,
                        -12.001975
                    ],
                    [
                        -77.115794,
                        -12.001991
                    ],
                    [
                        -77.115786,
                        -12.002007
                    ],
                    [
                        -77.115778,
                        -12.002022
                    ],
                    [
                        -77.11577,
                        -12.002038
                    ],
                    [
                        -77.115762,
                        -12.002054
                    ],
                    [
                        -77.115754,
                        -12.00207
                    ],
                    [
                        -77.115746,
                        -12.002086
                    ],
                    [
                        -77.115737,
                        -12.002102
                    ],
                    [
                        -77.11573,
                        -12.002118
                    ],
                    [
                        -77.115722,
                        -12.002134
                    ],
                    [
                        -77.115714,
                        -12.002149
                    ],
                    [
                        -77.115706,
                        -12.002165
                    ],
                    [
                        -77.115698,
                        -12.002181
                    ],
                    [
                        -77.11569,
                        -12.002197
                    ],
                    [
                        -77.115682,
                        -12.002213
                    ],
                    [
                        -77.115674,
                        -12.002229
                    ],
                    [
                        -77.115666,
                        -12.002245
                    ],
                    [
                        -77.115658,
                        -12.002261
                    ],
                    [
                        -77.11565,
                        -12.002277
                    ],
                    [
                        -77.115643,
                        -12.002293
                    ],
                    [
                        -77.115635,
                        -12.002309
                    ],
                    [
                        -77.113602,
                        -12.006433
                    ],
                    [
                        -77.113594,
                        -12.006448
                    ],
                    [
                        -77.113587,
                        -12.006463
                    ],
                    [
                        -77.11358,
                        -12.006478
                    ],
                    [
                        -77.113573,
                        -12.006492
                    ],
                    [
                        -77.113565,
                        -12.006507
                    ],
                    [
                        -77.113558,
                        -12.006522
                    ],
                    [
                        -77.113551,
                        -12.006537
                    ],
                    [
                        -77.113543,
                        -12.006552
                    ],
                    [
                        -77.113536,
                        -12.006566
                    ],
                    [
                        -77.113529,
                        -12.006581
                    ],
                    [
                        -77.113522,
                        -12.006596
                    ],
                    [
                        -77.113185,
                        -12.007298
                    ],
                    [
                        -77.113178,
                        -12.007313
                    ],
                    [
                        -77.113171,
                        -12.007328
                    ],
                    [
                        -77.113164,
                        -12.007343
                    ],
                    [
                        -77.113157,
                        -12.007358
                    ],
                    [
                        -77.11315,
                        -12.007373
                    ],
                    [
                        -77.113143,
                        -12.007388
                    ],
                    [
                        -77.113136,
                        -12.007403
                    ],
                    [
                        -77.113129,
                        -12.007418
                    ],
                    [
                        -77.113122,
                        -12.007433
                    ],
                    [
                        -77.113115,
                        -12.007448
                    ],
                    [
                        -77.113108,
                        -12.007463
                    ],
                    [
                        -77.112865,
                        -12.007983
                    ],
                    [
                        -77.112858,
                        -12.007998
                    ],
                    [
                        -77.112851,
                        -12.008013
                    ],
                    [
                        -77.112844,
                        -12.008028
                    ],
                    [
                        -77.112837,
                        -12.008043
                    ],
                    [
                        -77.11283,
                        -12.008058
                    ],
                    [
                        -77.112823,
                        -12.008073
                    ],
                    [
                        -77.112816,
                        -12.008088
                    ],
                    [
                        -77.112809,
                        -12.008103
                    ],
                    [
                        -77.112802,
                        -12.008118
                    ],
                    [
                        -77.112795,
                        -12.008133
                    ],
                    [
                        -77.112788,
                        -12.008148
                    ],
                    [
                        -77.112431,
                        -12.008891
                    ],
                    [
                        -77.112424,
                        -12.008906
                    ],
                    [
                        -77.112417,
                        -12.008921
                    ],
                    [
                        -77.112409,
                        -12.008935
                    ],
                    [
                        -77.112402,
                        -12.00895
                    ],
                    [
                        -77.112395,
                        -12.008965
                    ],
                    [
                        -77.112387,
                        -12.00898
                    ],
                    [
                        -77.11238,
                        -12.008995
                    ],
                    [
                        -77.112373,
                        -12.009009
                    ],
                    [
                        -77.112366,
                        -12.009024
                    ],
                    [
                        -77.112358,
                        -12.009039
                    ],
                    [
                        -77.112351,
                        -12.009054
                    ],
                    [
                        -77.10903,
                        -12.015773
                    ],
                    [
                        -77.109023,
                        -12.015788
                    ],
                    [
                        -77.109015,
                        -12.015804
                    ],
                    [
                        -77.109008,
                        -12.015819
                    ],
                    [
                        -77.109,
                        -12.015834
                    ],
                    [
                        -77.108993,
                        -12.015849
                    ],
                    [
                        -77.108985,
                        -12.015865
                    ],
                    [
                        -77.108977,
                        -12.01588
                    ],
                    [
                        -77.10897,
                        -12.015895
                    ],
                    [
                        -77.108687,
                        -12.016438
                    ],
                    [
                        -77.108679,
                        -12.016453
                    ],
                    [
                        -77.108671,
                        -12.016468
                    ],
                    [
                        -77.108663,
                        -12.016483
                    ],
                    [
                        -77.108655,
                        -12.016498
                    ],
                    [
                        -77.108647,
                        -12.016513
                    ],
                    [
                        -77.108638,
                        -12.016527
                    ],
                    [
                        -77.10863,
                        -12.016542
                    ],
                    [
                        -77.108622,
                        -12.016557
                    ],
                    [
                        -77.107914,
                        -12.017852
                    ],
                    [
                        -77.107756,
                        -12.018143
                    ],
                    [
                        -77.105946,
                        -12.021511
                    ],
                    [
                        -77.105937,
                        -12.021526
                    ],
                    [
                        -77.105929,
                        -12.021542
                    ],
                    [
                        -77.10592,
                        -12.021558
                    ],
                    [
                        -77.105912,
                        -12.021574
                    ],
                    [
                        -77.105903,
                        -12.02159
                    ],
                    [
                        -77.105895,
                        -12.021605
                    ],
                    [
                        -77.105886,
                        -12.021621
                    ],
                    [
                        -77.105878,
                        -12.021637
                    ],
                    [
                        -77.105869,
                        -12.021653
                    ],
                    [
                        -77.105861,
                        -12.021669
                    ],
                    [
                        -77.105853,
                        -12.021685
                    ],
                    [
                        -77.105844,
                        -12.021701
                    ],
                    [
                        -77.105836,
                        -12.021716
                    ],
                    [
                        -77.105828,
                        -12.021732
                    ],
                    [
                        -77.10582,
                        -12.021748
                    ],
                    [
                        -77.105811,
                        -12.021764
                    ],
                    [
                        -77.105803,
                        -12.02178
                    ],
                    [
                        -77.105795,
                        -12.021796
                    ],
                    [
                        -77.105787,
                        -12.021812
                    ],
                    [
                        -77.105779,
                        -12.021828
                    ],
                    [
                        -77.105771,
                        -12.021844
                    ],
                    [
                        -77.105763,
                        -12.02186
                    ],
                    [
                        -77.105682,
                        -12.022032
                    ],
                    [
                        -77.105608,
                        -12.022206
                    ],
                    [
                        -77.105601,
                        -12.022222
                    ],
                    [
                        -77.105595,
                        -12.022239
                    ],
                    [
                        -77.105588,
                        -12.022256
                    ],
                    [
                        -77.105582,
                        -12.022272
                    ],
                    [
                        -77.105575,
                        -12.022289
                    ],
                    [
                        -77.105569,
                        -12.022306
                    ],
                    [
                        -77.105562,
                        -12.022322
                    ],
                    [
                        -77.105556,
                        -12.022339
                    ],
                    [
                        -77.105549,
                        -12.022356
                    ],
                    [
                        -77.105543,
                        -12.022373
                    ],
                    [
                        -77.105537,
                        -12.022389
                    ],
                    [
                        -77.10553,
                        -12.022406
                    ],
                    [
                        -77.105524,
                        -12.022423
                    ],
                    [
                        -77.105518,
                        -12.02244
                    ],
                    [
                        -77.105512,
                        -12.022457
                    ],
                    [
                        -77.105506,
                        -12.022473
                    ],
                    [
                        -77.105499,
                        -12.02249
                    ],
                    [
                        -77.105493,
                        -12.022507
                    ],
                    [
                        -77.105487,
                        -12.022524
                    ],
                    [
                        -77.105481,
                        -12.022541
                    ],
                    [
                        -77.105475,
                        -12.022557
                    ],
                    [
                        -77.105469,
                        -12.022574
                    ],
                    [
                        -77.105288,
                        -12.023069
                    ],
                    [
                        -77.105282,
                        -12.023086
                    ],
                    [
                        -77.105276,
                        -12.023102
                    ],
                    [
                        -77.10527,
                        -12.023119
                    ],
                    [
                        -77.105264,
                        -12.023136
                    ],
                    [
                        -77.105258,
                        -12.023153
                    ],
                    [
                        -77.105251,
                        -12.02317
                    ],
                    [
                        -77.105245,
                        -12.023186
                    ],
                    [
                        -77.105239,
                        -12.023203
                    ],
                    [
                        -77.105233,
                        -12.02322
                    ],
                    [
                        -77.105227,
                        -12.023237
                    ],
                    [
                        -77.10522,
                        -12.023254
                    ],
                    [
                        -77.105214,
                        -12.02327
                    ],
                    [
                        -77.105208,
                        -12.023287
                    ],
                    [
                        -77.105201,
                        -12.023304
                    ],
                    [
                        -77.105195,
                        -12.02332
                    ],
                    [
                        -77.105189,
                        -12.023337
                    ],
                    [
                        -77.105182,
                        -12.023354
                    ],
                    [
                        -77.105176,
                        -12.023371
                    ],
                    [
                        -77.105169,
                        -12.023387
                    ],
                    [
                        -77.105162,
                        -12.023404
                    ],
                    [
                        -77.105156,
                        -12.02342
                    ],
                    [
                        -77.105149,
                        -12.023437
                    ],
                    [
                        -77.105094,
                        -12.023566
                    ],
                    [
                        -77.105037,
                        -12.023694
                    ],
                    [
                        -77.104975,
                        -12.02382
                    ],
                    [
                        -77.104967,
                        -12.023836
                    ],
                    [
                        -77.104959,
                        -12.023852
                    ],
                    [
                        -77.104951,
                        -12.023868
                    ],
                    [
                        -77.104943,
                        -12.023884
                    ],
                    [
                        -77.104935,
                        -12.0239
                    ],
                    [
                        -77.104926,
                        -12.023916
                    ],
                    [
                        -77.104918,
                        -12.023932
                    ],
                    [
                        -77.10491,
                        -12.023947
                    ],
                    [
                        -77.104901,
                        -12.023963
                    ],
                    [
                        -77.104893,
                        -12.023979
                    ],
                    [
                        -77.104884,
                        -12.023995
                    ],
                    [
                        -77.104876,
                        -12.024011
                    ],
                    [
                        -77.104867,
                        -12.024027
                    ],
                    [
                        -77.104859,
                        -12.024042
                    ],
                    [
                        -77.10485,
                        -12.024058
                    ],
                    [
                        -77.104842,
                        -12.024074
                    ],
                    [
                        -77.104833,
                        -12.02409
                    ],
                    [
                        -77.104825,
                        -12.024105
                    ],
                    [
                        -77.104816,
                        -12.024121
                    ],
                    [
                        -77.104807,
                        -12.024137
                    ],
                    [
                        -77.104799,
                        -12.024153
                    ],
                    [
                        -77.10479,
                        -12.024168
                    ],
                    [
                        -77.102792,
                        -12.027816
                    ],
                    [
                        -77.102784,
                        -12.027831
                    ],
                    [
                        -77.102776,
                        -12.027846
                    ],
                    [
                        -77.102768,
                        -12.027861
                    ],
                    [
                        -77.10276,
                        -12.027876
                    ],
                    [
                        -77.102752,
                        -12.027891
                    ],
                    [
                        -77.102744,
                        -12.027906
                    ],
                    [
                        -77.102735,
                        -12.027921
                    ],
                    [
                        -77.102727,
                        -12.027936
                    ],
                    [
                        -77.102719,
                        -12.027951
                    ],
                    [
                        -77.102711,
                        -12.027966
                    ],
                    [
                        -77.102703,
                        -12.027981
                    ],
                    [
                        -77.102695,
                        -12.027996
                    ],
                    [
                        -77.102687,
                        -12.028011
                    ],
                    [
                        -77.102679,
                        -12.028026
                    ],
                    [
                        -77.102671,
                        -12.028041
                    ],
                    [
                        -77.102663,
                        -12.028056
                    ],
                    [
                        -77.102529,
                        -12.02832
                    ],
                    [
                        -77.102521,
                        -12.028336
                    ],
                    [
                        -77.102514,
                        -12.028351
                    ],
                    [
                        -77.102507,
                        -12.028366
                    ],
                    [
                        -77.102499,
                        -12.028381
                    ],
                    [
                        -77.102492,
                        -12.028397
                    ],
                    [
                        -77.102485,
                        -12.028412
                    ],
                    [
                        -77.102477,
                        -12.028428
                    ],
                    [
                        -77.10247,
                        -12.028443
                    ],
                    [
                        -77.102463,
                        -12.028458
                    ],
                    [
                        -77.102456,
                        -12.028474
                    ],
                    [
                        -77.102448,
                        -12.028489
                    ],
                    [
                        -77.102441,
                        -12.028504
                    ],
                    [
                        -77.102434,
                        -12.02852
                    ],
                    [
                        -77.102427,
                        -12.028535
                    ],
                    [
                        -77.10242,
                        -12.028551
                    ],
                    [
                        -77.102412,
                        -12.028566
                    ],
                    [
                        -77.100985,
                        -12.031615
                    ],
                    [
                        -77.100978,
                        -12.031631
                    ],
                    [
                        -77.10097,
                        -12.031647
                    ],
                    [
                        -77.100963,
                        -12.031663
                    ],
                    [
                        -77.100955,
                        -12.031679
                    ],
                    [
                        -77.100948,
                        -12.031695
                    ],
                    [
                        -77.10094,
                        -12.031711
                    ],
                    [
                        -77.100933,
                        -12.031727
                    ],
                    [
                        -77.100925,
                        -12.031744
                    ],
                    [
                        -77.100918,
                        -12.03176
                    ],
                    [
                        -77.10091,
                        -12.031776
                    ],
                    [
                        -77.100903,
                        -12.031792
                    ],
                    [
                        -77.100895,
                        -12.031808
                    ],
                    [
                        -77.100888,
                        -12.031824
                    ],
                    [
                        -77.100881,
                        -12.03184
                    ],
                    [
                        -77.100873,
                        -12.031856
                    ],
                    [
                        -77.100866,
                        -12.031872
                    ],
                    [
                        -77.100858,
                        -12.031888
                    ],
                    [
                        -77.100851,
                        -12.031905
                    ],
                    [
                        -77.100844,
                        -12.031921
                    ],
                    [
                        -77.100836,
                        -12.031937
                    ],
                    [
                        -77.100829,
                        -12.031953
                    ],
                    [
                        -77.100822,
                        -12.031969
                    ],
                    [
                        -77.100815,
                        -12.031985
                    ],
                    [
                        -77.100807,
                        -12.032001
                    ],
                    [
                        -77.1008,
                        -12.032018
                    ],
                    [
                        -77.100793,
                        -12.032034
                    ],
                    [
                        -77.100786,
                        -12.03205
                    ],
                    [
                        -77.100779,
                        -12.032066
                    ],
                    [
                        -77.100771,
                        -12.032083
                    ],
                    [
                        -77.100764,
                        -12.032099
                    ],
                    [
                        -77.100757,
                        -12.032115
                    ],
                    [
                        -77.10075,
                        -12.032131
                    ],
                    [
                        -77.100743,
                        -12.032148
                    ],
                    [
                        -77.100736,
                        -12.032164
                    ],
                    [
                        -77.100729,
                        -12.03218
                    ],
                    [
                        -77.100723,
                        -12.032197
                    ],
                    [
                        -77.100716,
                        -12.032213
                    ],
                    [
                        -77.100709,
                        -12.032229
                    ],
                    [
                        -77.100702,
                        -12.032246
                    ],
                    [
                        -77.100695,
                        -12.032262
                    ],
                    [
                        -77.100689,
                        -12.032278
                    ],
                    [
                        -77.100682,
                        -12.032295
                    ],
                    [
                        -77.100675,
                        -12.032311
                    ],
                    [
                        -77.100669,
                        -12.032328
                    ],
                    [
                        -77.100662,
                        -12.032344
                    ],
                    [
                        -77.100656,
                        -12.032361
                    ],
                    [
                        -77.100578,
                        -12.032571
                    ],
                    [
                        -77.100572,
                        -12.032588
                    ],
                    [
                        -77.100566,
                        -12.032605
                    ],
                    [
                        -77.10056,
                        -12.032622
                    ],
                    [
                        -77.100555,
                        -12.032638
                    ],
                    [
                        -77.100549,
                        -12.032655
                    ],
                    [
                        -77.100544,
                        -12.032672
                    ],
                    [
                        -77.100538,
                        -12.032689
                    ],
                    [
                        -77.100532,
                        -12.032706
                    ],
                    [
                        -77.100527,
                        -12.032722
                    ],
                    [
                        -77.100521,
                        -12.032739
                    ],
                    [
                        -77.100516,
                        -12.032756
                    ],
                    [
                        -77.100511,
                        -12.032773
                    ],
                    [
                        -77.100505,
                        -12.03279
                    ],
                    [
                        -77.1005,
                        -12.032807
                    ],
                    [
                        -77.100495,
                        -12.032824
                    ],
                    [
                        -77.10049,
                        -12.032841
                    ],
                    [
                        -77.100484,
                        -12.032858
                    ],
                    [
                        -77.100479,
                        -12.032874
                    ],
                    [
                        -77.100474,
                        -12.032891
                    ],
                    [
                        -77.100469,
                        -12.032908
                    ],
                    [
                        -77.100464,
                        -12.032925
                    ],
                    [
                        -77.100459,
                        -12.032942
                    ],
                    [
                        -77.100454,
                        -12.032959
                    ],
                    [
                        -77.100449,
                        -12.032976
                    ],
                    [
                        -77.100444,
                        -12.032993
                    ],
                    [
                        -77.100439,
                        -12.03301
                    ],
                    [
                        -77.100434,
                        -12.033027
                    ],
                    [
                        -77.100429,
                        -12.033044
                    ],
                    [
                        -77.100424,
                        -12.033061
                    ],
                    [
                        -77.100419,
                        -12.033078
                    ],
                    [
                        -77.100414,
                        -12.033095
                    ],
                    [
                        -77.100409,
                        -12.033112
                    ],
                    [
                        -77.100404,
                        -12.033129
                    ],
                    [
                        -77.1004,
                        -12.033146
                    ],
                    [
                        -77.100395,
                        -12.033163
                    ],
                    [
                        -77.10039,
                        -12.03318
                    ],
                    [
                        -77.100385,
                        -12.033197
                    ],
                    [
                        -77.10038,
                        -12.033214
                    ],
                    [
                        -77.100376,
                        -12.033232
                    ],
                    [
                        -77.100371,
                        -12.033249
                    ],
                    [
                        -77.100366,
                        -12.033266
                    ],
                    [
                        -77.100361,
                        -12.033283
                    ],
                    [
                        -77.100357,
                        -12.0333
                    ],
                    [
                        -77.100352,
                        -12.033317
                    ],
                    [
                        -77.100347,
                        -12.033334
                    ],
                    [
                        -77.100342,
                        -12.033351
                    ],
                    [
                        -77.099689,
                        -12.035697
                    ],
                    [
                        -77.099684,
                        -12.035714
                    ],
                    [
                        -77.099679,
                        -12.035732
                    ],
                    [
                        -77.099674,
                        -12.035749
                    ],
                    [
                        -77.099669,
                        -12.035766
                    ],
                    [
                        -77.099665,
                        -12.035783
                    ],
                    [
                        -77.09966,
                        -12.0358
                    ],
                    [
                        -77.099655,
                        -12.035818
                    ],
                    [
                        -77.09965,
                        -12.035835
                    ],
                    [
                        -77.099646,
                        -12.035852
                    ],
                    [
                        -77.099641,
                        -12.035869
                    ],
                    [
                        -77.099636,
                        -12.035887
                    ],
                    [
                        -77.099632,
                        -12.035904
                    ],
                    [
                        -77.099627,
                        -12.035921
                    ],
                    [
                        -77.099622,
                        -12.035938
                    ],
                    [
                        -77.099618,
                        -12.035956
                    ],
                    [
                        -77.099613,
                        -12.035973
                    ],
                    [
                        -77.099609,
                        -12.03599
                    ],
                    [
                        -77.099604,
                        -12.036008
                    ],
                    [
                        -77.0996,
                        -12.036025
                    ],
                    [
                        -77.099595,
                        -12.036042
                    ],
                    [
                        -77.099591,
                        -12.03606
                    ],
                    [
                        -77.099587,
                        -12.036077
                    ],
                    [
                        -77.099582,
                        -12.036094
                    ],
                    [
                        -77.099578,
                        -12.036112
                    ],
                    [
                        -77.099574,
                        -12.036129
                    ],
                    [
                        -77.09957,
                        -12.036147
                    ],
                    [
                        -77.099566,
                        -12.036164
                    ],
                    [
                        -77.099562,
                        -12.036181
                    ],
                    [
                        -77.099558,
                        -12.036199
                    ],
                    [
                        -77.099554,
                        -12.036216
                    ],
                    [
                        -77.09955,
                        -12.036234
                    ],
                    [
                        -77.099546,
                        -12.036251
                    ],
                    [
                        -77.099542,
                        -12.036269
                    ],
                    [
                        -77.099539,
                        -12.036286
                    ],
                    [
                        -77.099535,
                        -12.036304
                    ],
                    [
                        -77.099531,
                        -12.036321
                    ],
                    [
                        -77.099528,
                        -12.036339
                    ],
                    [
                        -77.099525,
                        -12.036356
                    ],
                    [
                        -77.099521,
                        -12.036374
                    ],
                    [
                        -77.099518,
                        -12.036391
                    ],
                    [
                        -77.099515,
                        -12.036409
                    ],
                    [
                        -77.099512,
                        -12.036427
                    ],
                    [
                        -77.099509,
                        -12.036444
                    ],
                    [
                        -77.099492,
                        -12.036557
                    ],
                    [
                        -77.099479,
                        -12.036671
                    ],
                    [
                        -77.099469,
                        -12.036785
                    ],
                    [
                        -77.099464,
                        -12.036899
                    ],
                    [
                        -77.099461,
                        -12.037013
                    ],
                    [
                        -77.099463,
                        -12.037128
                    ],
                    [
                        -77.099468,
                        -12.037242
                    ],
                    [
                        -77.099477,
                        -12.037356
                    ],
                    [
                        -77.099489,
                        -12.037469
                    ],
                    [
                        -77.099491,
                        -12.037487
                    ],
                    [
                        -77.099494,
                        -12.037505
                    ],
                    [
                        -77.099496,
                        -12.037523
                    ],
                    [
                        -77.099499,
                        -12.03754
                    ],
                    [
                        -77.099501,
                        -12.037558
                    ],
                    [
                        -77.099504,
                        -12.037576
                    ],
                    [
                        -77.099507,
                        -12.037593
                    ],
                    [
                        -77.09951,
                        -12.037611
                    ],
                    [
                        -77.099513,
                        -12.037629
                    ],
                    [
                        -77.099516,
                        -12.037646
                    ],
                    [
                        -77.099519,
                        -12.037664
                    ],
                    [
                        -77.099522,
                        -12.037681
                    ],
                    [
                        -77.099525,
                        -12.037699
                    ],
                    [
                        -77.099528,
                        -12.037717
                    ],
                    [
                        -77.099531,
                        -12.037734
                    ],
                    [
                        -77.099535,
                        -12.037752
                    ],
                    [
                        -77.099538,
                        -12.037769
                    ],
                    [
                        -77.099542,
                        -12.037787
                    ],
                    [
                        -77.099545,
                        -12.037804
                    ],
                    [
                        -77.099549,
                        -12.037822
                    ],
                    [
                        -77.099552,
                        -12.037839
                    ],
                    [
                        -77.099556,
                        -12.037857
                    ],
                    [
                        -77.09956,
                        -12.037874
                    ],
                    [
                        -77.099563,
                        -12.037892
                    ],
                    [
                        -77.099567,
                        -12.037909
                    ],
                    [
                        -77.099571,
                        -12.037927
                    ],
                    [
                        -77.099575,
                        -12.037944
                    ],
                    [
                        -77.099579,
                        -12.037962
                    ],
                    [
                        -77.099583,
                        -12.037979
                    ],
                    [
                        -77.099587,
                        -12.037997
                    ],
                    [
                        -77.099591,
                        -12.038014
                    ],
                    [
                        -77.099595,
                        -12.038031
                    ],
                    [
                        -77.099599,
                        -12.038049
                    ],
                    [
                        -77.099603,
                        -12.038066
                    ],
                    [
                        -77.099607,
                        -12.038084
                    ],
                    [
                        -77.099611,
                        -12.038101
                    ],
                    [
                        -77.099615,
                        -12.038118
                    ],
                    [
                        -77.099619,
                        -12.038136
                    ],
                    [
                        -77.099623,
                        -12.038153
                    ],
                    [
                        -77.099627,
                        -12.038171
                    ],
                    [
                        -77.099631,
                        -12.038188
                    ],
                    [
                        -77.099635,
                        -12.038205
                    ],
                    [
                        -77.09964,
                        -12.038223
                    ],
                    [
                        -77.099681,
                        -12.0384
                    ],
                    [
                        -77.099686,
                        -12.038417
                    ],
                    [
                        -77.09969,
                        -12.038434
                    ],
                    [
                        -77.099694,
                        -12.038451
                    ],
                    [
                        -77.099698,
                        -12.038469
                    ],
                    [
                        -77.099702,
                        -12.038486
                    ],
                    [
                        -77.099706,
                        -12.038503
                    ],
                    [
                        -77.09971,
                        -12.03852
                    ],
                    [
                        -77.099714,
                        -12.038538
                    ],
                    [
                        -77.099718,
                        -12.038555
                    ],
                    [
                        -77.099722,
                        -12.038572
                    ],
                    [
                        -77.099726,
                        -12.038589
                    ],
                    [
                        -77.09973,
                        -12.038607
                    ],
                    [
                        -77.099734,
                        -12.038624
                    ],
                    [
                        -77.099738,
                        -12.038641
                    ],
                    [
                        -77.099742,
                        -12.038658
                    ],
                    [
                        -77.099746,
                        -12.038676
                    ],
                    [
                        -77.09975,
                        -12.038693
                    ],
                    [
                        -77.099753,
                        -12.03871
                    ],
                    [
                        -77.099757,
                        -12.038727
                    ],
                    [
                        -77.099761,
                        -12.038745
                    ],
                    [
                        -77.099765,
                        -12.038762
                    ],
                    [
                        -77.099768,
                        -12.038779
                    ],
                    [
                        -77.099772,
                        -12.038797
                    ],
                    [
                        -77.099776,
                        -12.038814
                    ],
                    [
                        -77.099779,
                        -12.038831
                    ],
                    [
                        -77.099783,
                        -12.038849
                    ],
                    [
                        -77.099786,
                        -12.038866
                    ],
                    [
                        -77.09979,
                        -12.038883
                    ],
                    [
                        -77.099793,
                        -12.038901
                    ],
                    [
                        -77.099796,
                        -12.038918
                    ],
                    [
                        -77.0998,
                        -12.038935
                    ],
                    [
                        -77.099803,
                        -12.038953
                    ],
                    [
                        -77.099806,
                        -12.03897
                    ],
                    [
                        -77.099809,
                        -12.038988
                    ],
                    [
                        -77.099812,
                        -12.039005
                    ],
                    [
                        -77.099815,
                        -12.039023
                    ],
                    [
                        -77.099818,
                        -12.03904
                    ],
                    [
                        -77.099821,
                        -12.039057
                    ],
                    [
                        -77.099824,
                        -12.039075
                    ],
                    [
                        -77.099826,
                        -12.039092
                    ],
                    [
                        -77.099829,
                        -12.03911
                    ],
                    [
                        -77.099832,
                        -12.039127
                    ],
                    [
                        -77.099834,
                        -12.039145
                    ],
                    [
                        -77.099837,
                        -12.039162
                    ],
                    [
                        -77.099839,
                        -12.03918
                    ],
                    [
                        -77.099841,
                        -12.039197
                    ],
                    [
                        -77.099855,
                        -12.039325
                    ],
                    [
                        -77.099865,
                        -12.039453
                    ],
                    [
                        -77.099871,
                        -12.039581
                    ],
                    [
                        -77.099872,
                        -12.03971
                    ],
                    [
                        -77.099869,
                        -12.039838
                    ],
                    [
                        -77.099861,
                        -12.039966
                    ],
                    [
                        -77.09985,
                        -12.040094
                    ],
                    [
                        -77.099834,
                        -12.040222
                    ],
                    [
                        -77.099813,
                        -12.040348
                    ],
                    [
                        -77.099789,
                        -12.040474
                    ],
                    [
                        -77.09976,
                        -12.0406
                    ],
                    [
                        -77.099727,
                        -12.040724
                    ],
                    [
                        -77.09969,
                        -12.040847
                    ],
                    [
                        -77.099685,
                        -12.040864
                    ],
                    [
                        -77.099679,
                        -12.040881
                    ],
                    [
                        -77.099674,
                        -12.040897
                    ],
                    [
                        -77.099668,
                        -12.040914
                    ],
                    [
                        -77.099662,
                        -12.040931
                    ],
                    [
                        -77.099656,
                        -12.040948
                    ],
                    [
                        -77.09965,
                        -12.040964
                    ],
                    [
                        -77.099645,
                        -12.040981
                    ],
                    [
                        -77.099639,
                        -12.040998
                    ],
                    [
                        -77.099633,
                        -12.041014
                    ],
                    [
                        -77.099626,
                        -12.041031
                    ],
                    [
                        -77.09962,
                        -12.041048
                    ],
                    [
                        -77.099614,
                        -12.041064
                    ],
                    [
                        -77.099608,
                        -12.041081
                    ],
                    [
                        -77.099601,
                        -12.041097
                    ],
                    [
                        -77.099595,
                        -12.041114
                    ],
                    [
                        -77.099589,
                        -12.04113
                    ],
                    [
                        -77.099582,
                        -12.041147
                    ],
                    [
                        -77.099576,
                        -12.041163
                    ],
                    [
                        -77.099569,
                        -12.04118
                    ],
                    [
                        -77.099562,
                        -12.041196
                    ],
                    [
                        -77.099556,
                        -12.041213
                    ],
                    [
                        -77.099549,
                        -12.041229
                    ],
                    [
                        -77.099542,
                        -12.041246
                    ],
                    [
                        -77.099536,
                        -12.041262
                    ],
                    [
                        -77.099529,
                        -12.041278
                    ],
                    [
                        -77.099522,
                        -12.041295
                    ],
                    [
                        -77.099515,
                        -12.041311
                    ],
                    [
                        -77.099508,
                        -12.041327
                    ],
                    [
                        -77.099501,
                        -12.041344
                    ],
                    [
                        -77.099494,
                        -12.04136
                    ],
                    [
                        -77.099487,
                        -12.041376
                    ],
                    [
                        -77.09948,
                        -12.041392
                    ],
                    [
                        -77.099473,
                        -12.041409
                    ],
                    [
                        -77.099466,
                        -12.041425
                    ],
                    [
                        -77.099459,
                        -12.041441
                    ],
                    [
                        -77.099452,
                        -12.041458
                    ],
                    [
                        -77.099445,
                        -12.041474
                    ],
                    [
                        -77.099438,
                        -12.04149
                    ],
                    [
                        -77.099431,
                        -12.041506
                    ],
                    [
                        -77.099424,
                        -12.041522
                    ],
                    [
                        -77.099417,
                        -12.041539
                    ],
                    [
                        -77.099409,
                        -12.041555
                    ],
                    [
                        -77.099402,
                        -12.041571
                    ],
                    [
                        -77.099395,
                        -12.041587
                    ],
                    [
                        -77.099388,
                        -12.041604
                    ],
                    [
                        -77.099305,
                        -12.041792
                    ],
                    [
                        -77.099297,
                        -12.041809
                    ],
                    [
                        -77.09929,
                        -12.041825
                    ],
                    [
                        -77.099283,
                        -12.041842
                    ],
                    [
                        -77.099276,
                        -12.041858
                    ],
                    [
                        -77.099269,
                        -12.041874
                    ],
                    [
                        -77.099261,
                        -12.041891
                    ],
                    [
                        -77.099254,
                        -12.041907
                    ],
                    [
                        -77.099247,
                        -12.041924
                    ],
                    [
                        -77.09924,
                        -12.04194
                    ],
                    [
                        -77.099233,
                        -12.041956
                    ],
                    [
                        -77.099226,
                        -12.041973
                    ],
                    [
                        -77.099219,
                        -12.041989
                    ],
                    [
                        -77.099211,
                        -12.042006
                    ],
                    [
                        -77.099204,
                        -12.042022
                    ],
                    [
                        -77.099197,
                        -12.042039
                    ],
                    [
                        -77.09919,
                        -12.042055
                    ],
                    [
                        -77.099183,
                        -12.042072
                    ],
                    [
                        -77.099177,
                        -12.042088
                    ],
                    [
                        -77.09917,
                        -12.042105
                    ],
                    [
                        -77.099163,
                        -12.042121
                    ],
                    [
                        -77.099156,
                        -12.042138
                    ],
                    [
                        -77.099149,
                        -12.042154
                    ],
                    [
                        -77.099142,
                        -12.042171
                    ],
                    [
                        -77.099136,
                        -12.042188
                    ],
                    [
                        -77.099129,
                        -12.042204
                    ],
                    [
                        -77.099123,
                        -12.042221
                    ],
                    [
                        -77.099116,
                        -12.042238
                    ],
                    [
                        -77.099109,
                        -12.042254
                    ],
                    [
                        -77.099103,
                        -12.042271
                    ],
                    [
                        -77.099097,
                        -12.042288
                    ],
                    [
                        -77.09909,
                        -12.042304
                    ],
                    [
                        -77.099084,
                        -12.042321
                    ],
                    [
                        -77.099078,
                        -12.042338
                    ],
                    [
                        -77.099072,
                        -12.042355
                    ],
                    [
                        -77.099066,
                        -12.042372
                    ],
                    [
                        -77.09906,
                        -12.042388
                    ],
                    [
                        -77.099054,
                        -12.042405
                    ],
                    [
                        -77.099048,
                        -12.042422
                    ],
                    [
                        -77.099042,
                        -12.042439
                    ],
                    [
                        -77.099036,
                        -12.042456
                    ],
                    [
                        -77.099031,
                        -12.042473
                    ],
                    [
                        -77.099025,
                        -12.04249
                    ],
                    [
                        -77.09902,
                        -12.042507
                    ],
                    [
                        -77.098983,
                        -12.04263
                    ],
                    [
                        -77.098951,
                        -12.042754
                    ],
                    [
                        -77.098923,
                        -12.04288
                    ],
                    [
                        -77.09892,
                        -12.042897
                    ],
                    [
                        -77.098916,
                        -12.042915
                    ],
                    [
                        -77.098913,
                        -12.042932
                    ],
                    [
                        -77.09891,
                        -12.04295
                    ],
                    [
                        -77.098907,
                        -12.042967
                    ],
                    [
                        -77.098903,
                        -12.042985
                    ],
                    [
                        -77.0989,
                        -12.043003
                    ],
                    [
                        -77.098897,
                        -12.04302
                    ],
                    [
                        -77.098895,
                        -12.043038
                    ],
                    [
                        -77.098892,
                        -12.043056
                    ],
                    [
                        -77.098889,
                        -12.043073
                    ],
                    [
                        -77.098886,
                        -12.043091
                    ],
                    [
                        -77.098884,
                        -12.043109
                    ],
                    [
                        -77.098881,
                        -12.043126
                    ],
                    [
                        -77.098879,
                        -12.043144
                    ],
                    [
                        -77.098876,
                        -12.043162
                    ],
                    [
                        -77.098874,
                        -12.043179
                    ],
                    [
                        -77.098872,
                        -12.043197
                    ],
                    [
                        -77.098869,
                        -12.043215
                    ],
                    [
                        -77.098867,
                        -12.043233
                    ],
                    [
                        -77.098865,
                        -12.04325
                    ],
                    [
                        -77.098863,
                        -12.043268
                    ],
                    [
                        -77.098861,
                        -12.043286
                    ],
                    [
                        -77.098859,
                        -12.043303
                    ],
                    [
                        -77.098857,
                        -12.043321
                    ],
                    [
                        -77.098855,
                        -12.043339
                    ],
                    [
                        -77.098853,
                        -12.043357
                    ],
                    [
                        -77.098851,
                        -12.043375
                    ],
                    [
                        -77.098849,
                        -12.043392
                    ],
                    [
                        -77.098847,
                        -12.04341
                    ],
                    [
                        -77.098846,
                        -12.043428
                    ],
                    [
                        -77.098844,
                        -12.043446
                    ],
                    [
                        -77.098842,
                        -12.043463
                    ],
                    [
                        -77.09884,
                        -12.043481
                    ],
                    [
                        -77.098839,
                        -12.043499
                    ],
                    [
                        -77.098837,
                        -12.043517
                    ],
                    [
                        -77.098835,
                        -12.043535
                    ],
                    [
                        -77.098833,
                        -12.043552
                    ],
                    [
                        -77.098832,
                        -12.04357
                    ],
                    [
                        -77.09883,
                        -12.043588
                    ],
                    [
                        -77.098829,
                        -12.043606
                    ],
                    [
                        -77.098827,
                        -12.043624
                    ],
                    [
                        -77.098825,
                        -12.043641
                    ],
                    [
                        -77.098656,
                        -12.045482
                    ],
                    [
                        -77.098654,
                        -12.045499
                    ],
                    [
                        -77.098652,
                        -12.045516
                    ],
                    [
                        -77.098651,
                        -12.045532
                    ],
                    [
                        -77.098649,
                        -12.045549
                    ],
                    [
                        -77.098648,
                        -12.045566
                    ],
                    [
                        -77.098646,
                        -12.045583
                    ],
                    [
                        -77.098645,
                        -12.0456
                    ],
                    [
                        -77.098643,
                        -12.045617
                    ],
                    [
                        -77.098625,
                        -12.045796
                    ],
                    [
                        -77.098624,
                        -12.045813
                    ],
                    [
                        -77.098622,
                        -12.04583
                    ],
                    [
                        -77.09862,
                        -12.045847
                    ],
                    [
                        -77.098619,
                        -12.045863
                    ],
                    [
                        -77.098617,
                        -12.04588
                    ],
                    [
                        -77.098615,
                        -12.045897
                    ],
                    [
                        -77.098613,
                        -12.045914
                    ],
                    [
                        -77.098612,
                        -12.045931
                    ],
                    [
                        -77.098378,
                        -12.048174
                    ],
                    [
                        -77.098376,
                        -12.048192
                    ],
                    [
                        -77.098374,
                        -12.04821
                    ],
                    [
                        -77.098372,
                        -12.048227
                    ],
                    [
                        -77.098371,
                        -12.048245
                    ],
                    [
                        -77.098369,
                        -12.048263
                    ],
                    [
                        -77.098367,
                        -12.048281
                    ],
                    [
                        -77.098365,
                        -12.048298
                    ],
                    [
                        -77.098363,
                        -12.048316
                    ],
                    [
                        -77.098362,
                        -12.048334
                    ],
                    [
                        -77.09836,
                        -12.048352
                    ],
                    [
                        -77.098358,
                        -12.04837
                    ],
                    [
                        -77.098357,
                        -12.048387
                    ],
                    [
                        -77.098355,
                        -12.048405
                    ],
                    [
                        -77.098353,
                        -12.048423
                    ],
                    [
                        -77.098352,
                        -12.048441
                    ],
                    [
                        -77.09835,
                        -12.048459
                    ],
                    [
                        -77.098349,
                        -12.048476
                    ],
                    [
                        -77.098347,
                        -12.048494
                    ],
                    [
                        -77.098346,
                        -12.048512
                    ],
                    [
                        -77.098345,
                        -12.04853
                    ],
                    [
                        -77.098343,
                        -12.048548
                    ],
                    [
                        -77.098342,
                        -12.048566
                    ],
                    [
                        -77.098333,
                        -12.048734
                    ],
                    [
                        -77.09833,
                        -12.048904
                    ],
                    [
                        -77.098332,
                        -12.049073
                    ],
                    [
                        -77.098333,
                        -12.049091
                    ],
                    [
                        -77.098333,
                        -12.049108
                    ],
                    [
                        -77.098334,
                        -12.049126
                    ],
                    [
                        -77.098335,
                        -12.049144
                    ],
                    [
                        -77.098335,
                        -12.049162
                    ],
                    [
                        -77.098336,
                        -12.04918
                    ],
                    [
                        -77.098337,
                        -12.049198
                    ],
                    [
                        -77.098338,
                        -12.049216
                    ],
                    [
                        -77.098339,
                        -12.049233
                    ],
                    [
                        -77.09834,
                        -12.049251
                    ],
                    [
                        -77.098341,
                        -12.049269
                    ],
                    [
                        -77.098342,
                        -12.049287
                    ],
                    [
                        -77.098343,
                        -12.049305
                    ],
                    [
                        -77.098344,
                        -12.049323
                    ],
                    [
                        -77.098345,
                        -12.049341
                    ],
                    [
                        -77.098346,
                        -12.049358
                    ],
                    [
                        -77.098347,
                        -12.049376
                    ],
                    [
                        -77.098348,
                        -12.049394
                    ],
                    [
                        -77.09835,
                        -12.049412
                    ],
                    [
                        -77.098351,
                        -12.04943
                    ],
                    [
                        -77.098352,
                        -12.049448
                    ],
                    [
                        -77.098353,
                        -12.049465
                    ],
                    [
                        -77.098367,
                        -12.049685
                    ],
                    [
                        -77.098368,
                        -12.049702
                    ],
                    [
                        -77.09837,
                        -12.04972
                    ],
                    [
                        -77.098371,
                        -12.049738
                    ],
                    [
                        -77.098372,
                        -12.049756
                    ],
                    [
                        -77.098373,
                        -12.049774
                    ],
                    [
                        -77.098374,
                        -12.049792
                    ],
                    [
                        -77.098375,
                        -12.049809
                    ],
                    [
                        -77.098376,
                        -12.049827
                    ],
                    [
                        -77.098377,
                        -12.049845
                    ],
                    [
                        -77.098378,
                        -12.049863
                    ],
                    [
                        -77.098379,
                        -12.049881
                    ],
                    [
                        -77.09838,
                        -12.049899
                    ],
                    [
                        -77.098381,
                        -12.049916
                    ],
                    [
                        -77.098382,
                        -12.049934
                    ],
                    [
                        -77.098383,
                        -12.049952
                    ],
                    [
                        -77.098384,
                        -12.04997
                    ],
                    [
                        -77.098385,
                        -12.049988
                    ],
                    [
                        -77.098386,
                        -12.050006
                    ],
                    [
                        -77.098386,
                        -12.050024
                    ],
                    [
                        -77.098387,
                        -12.050041
                    ],
                    [
                        -77.098387,
                        -12.050059
                    ],
                    [
                        -77.098388,
                        -12.050077
                    ],
                    [
                        -77.09839,
                        -12.050224
                    ],
                    [
                        -77.098388,
                        -12.050371
                    ],
                    [
                        -77.098382,
                        -12.050518
                    ],
                    [
                        -77.098372,
                        -12.050665
                    ],
                    [
                        -77.098371,
                        -12.050682
                    ],
                    [
                        -77.098369,
                        -12.0507
                    ],
                    [
                        -77.098368,
                        -12.050718
                    ],
                    [
                        -77.098366,
                        -12.050736
                    ],
                    [
                        -77.098364,
                        -12.050754
                    ],
                    [
                        -77.098362,
                        -12.050771
                    ],
                    [
                        -77.098361,
                        -12.050789
                    ],
                    [
                        -77.098359,
                        -12.050807
                    ],
                    [
                        -77.098357,
                        -12.050825
                    ],
                    [
                        -77.098355,
                        -12.050843
                    ],
                    [
                        -77.098353,
                        -12.05086
                    ],
                    [
                        -77.098351,
                        -12.050878
                    ],
                    [
                        -77.098349,
                        -12.050896
                    ],
                    [
                        -77.098347,
                        -12.050914
                    ],
                    [
                        -77.098345,
                        -12.050931
                    ],
                    [
                        -77.098343,
                        -12.050949
                    ],
                    [
                        -77.098341,
                        -12.050967
                    ],
                    [
                        -77.098339,
                        -12.050985
                    ],
                    [
                        -77.098337,
                        -12.051002
                    ],
                    [
                        -77.098335,
                        -12.05102
                    ],
                    [
                        -77.098332,
                        -12.051038
                    ],
                    [
                        -77.09833,
                        -12.051056
                    ],
                    [
                        -77.097805,
                        -12.055453
                    ]
                ]
            },
            "properties": {
                "LINEA": 4
            },
            "bbox": [
                -77.124855,
                -12.055453,
                -77.097805,
                -11.99752
            ]
        },
        {
            "type": "Feature",
            "geometry": {
                "type": "LineString",
                "coordinates": [
                    [
                        -77.140544,
                        -12.051364
                    ],
                    [
                        -77.131852,
                        -12.056634
                    ],
                    [
                        -77.131837,
                        -12.056643
                    ],
                    [
                        -77.131822,
                        -12.056652
                    ],
                    [
                        -77.131806,
                        -12.056661
                    ],
                    [
                        -77.131791,
                        -12.05667
                    ],
                    [
                        -77.131776,
                        -12.056679
                    ],
                    [
                        -77.131761,
                        -12.056688
                    ],
                    [
                        -77.131746,
                        -12.056697
                    ],
                    [
                        -77.131731,
                        -12.056706
                    ],
                    [
                        -77.131716,
                        -12.056716
                    ],
                    [
                        -77.131701,
                        -12.056725
                    ],
                    [
                        -77.131686,
                        -12.056734
                    ],
                    [
                        -77.131671,
                        -12.056743
                    ],
                    [
                        -77.131656,
                        -12.056752
                    ],
                    [
                        -77.131346,
                        -12.056931
                    ],
                    [
                        -77.131031,
                        -12.057102
                    ],
                    [
                        -77.131015,
                        -12.05711
                    ],
                    [
                        -77.131,
                        -12.057118
                    ],
                    [
                        -77.130984,
                        -12.057126
                    ],
                    [
                        -77.130968,
                        -12.057135
                    ],
                    [
                        -77.130953,
                        -12.057143
                    ],
                    [
                        -77.130937,
                        -12.057151
                    ],
                    [
                        -77.130922,
                        -12.057159
                    ],
                    [
                        -77.130906,
                        -12.057167
                    ],
                    [
                        -77.13089,
                        -12.057175
                    ],
                    [
                        -77.130875,
                        -12.057183
                    ],
                    [
                        -77.130859,
                        -12.057191
                    ],
                    [
                        -77.130843,
                        -12.057199
                    ],
                    [
                        -77.130828,
                        -12.057207
                    ],
                    [
                        -77.130391,
                        -12.057433
                    ],
                    [
                        -77.130375,
                        -12.057441
                    ],
                    [
                        -77.130359,
                        -12.057449
                    ],
                    [
                        -77.130344,
                        -12.057457
                    ],
                    [
                        -77.130328,
                        -12.057465
                    ],
                    [
                        -77.130313,
                        -12.057474
                    ],
                    [
                        -77.130297,
                        -12.057482
                    ],
                    [
                        -77.130281,
                        -12.05749
                    ],
                    [
                        -77.130266,
                        -12.057498
                    ],
                    [
                        -77.13025,
                        -12.057506
                    ],
                    [
                        -77.130235,
                        -12.057514
                    ],
                    [
                        -77.130219,
                        -12.057522
                    ],
                    [
                        -77.130203,
                        -12.05753
                    ],
                    [
                        -77.130188,
                        -12.057539
                    ],
                    [
                        -77.129818,
                        -12.057741
                    ],
                    [
                        -77.129454,
                        -12.057954
                    ],
                    [
                        -77.129439,
                        -12.057963
                    ],
                    [
                        -77.129424,
                        -12.057972
                    ],
                    [
                        -77.129409,
                        -12.057982
                    ],
                    [
                        -77.129394,
                        -12.057991
                    ],
                    [
                        -77.129379,
                        -12.058
                    ],
                    [
                        -77.129364,
                        -12.058009
                    ],
                    [
                        -77.129349,
                        -12.058018
                    ],
                    [
                        -77.129334,
                        -12.058028
                    ],
                    [
                        -77.12932,
                        -12.058037
                    ],
                    [
                        -77.129305,
                        -12.058046
                    ],
                    [
                        -77.12929,
                        -12.058055
                    ],
                    [
                        -77.129275,
                        -12.058065
                    ],
                    [
                        -77.12926,
                        -12.058074
                    ],
                    [
                        -77.128767,
                        -12.058379
                    ],
                    [
                        -77.128752,
                        -12.058388
                    ],
                    [
                        -77.128737,
                        -12.058397
                    ],
                    [
                        -77.128722,
                        -12.058407
                    ],
                    [
                        -77.128707,
                        -12.058416
                    ],
                    [
                        -77.128692,
                        -12.058425
                    ],
                    [
                        -77.128677,
                        -12.058434
                    ],
                    [
                        -77.128662,
                        -12.058443
                    ],
                    [
                        -77.128647,
                        -12.058453
                    ],
                    [
                        -77.128632,
                        -12.058462
                    ],
                    [
                        -77.128617,
                        -12.058471
                    ],
                    [
                        -77.128602,
                        -12.05848
                    ],
                    [
                        -77.128587,
                        -12.058489
                    ],
                    [
                        -77.128572,
                        -12.058498
                    ],
                    [
                        -77.128556,
                        -12.058507
                    ],
                    [
                        -77.128541,
                        -12.058515
                    ],
                    [
                        -77.128526,
                        -12.058524
                    ],
                    [
                        -77.128511,
                        -12.058533
                    ],
                    [
                        -77.128495,
                        -12.058542
                    ],
                    [
                        -77.12848,
                        -12.05855
                    ],
                    [
                        -77.128465,
                        -12.058559
                    ],
                    [
                        -77.128449,
                        -12.058567
                    ],
                    [
                        -77.128434,
                        -12.058575
                    ],
                    [
                        -77.128418,
                        -12.058584
                    ],
                    [
                        -77.128402,
                        -12.058592
                    ],
                    [
                        -77.128387,
                        -12.0586
                    ],
                    [
                        -77.128371,
                        -12.058608
                    ],
                    [
                        -77.128294,
                        -12.058645
                    ],
                    [
                        -77.128216,
                        -12.05868
                    ],
                    [
                        -77.128137,
                        -12.058711
                    ],
                    [
                        -77.128056,
                        -12.058741
                    ],
                    [
                        -77.127975,
                        -12.058768
                    ],
                    [
                        -77.127893,
                        -12.058792
                    ],
                    [
                        -77.12781,
                        -12.058813
                    ],
                    [
                        -77.127726,
                        -12.058831
                    ],
                    [
                        -77.127642,
                        -12.058847
                    ],
                    [
                        -77.127558,
                        -12.05886
                    ],
                    [
                        -77.127473,
                        -12.058871
                    ],
                    [
                        -77.127387,
                        -12.058878
                    ],
                    [
                        -77.127302,
                        -12.058883
                    ],
                    [
                        -77.127216,
                        -12.058885
                    ],
                    [
                        -77.12713,
                        -12.058884
                    ],
                    [
                        -77.127113,
                        -12.058883
                    ],
                    [
                        -77.127095,
                        -12.058882
                    ],
                    [
                        -77.127077,
                        -12.058882
                    ],
                    [
                        -77.12706,
                        -12.058881
                    ],
                    [
                        -77.127042,
                        -12.05888
                    ],
                    [
                        -77.127024,
                        -12.058879
                    ],
                    [
                        -77.127007,
                        -12.058878
                    ],
                    [
                        -77.126989,
                        -12.058876
                    ],
                    [
                        -77.126972,
                        -12.058875
                    ],
                    [
                        -77.126954,
                        -12.058874
                    ],
                    [
                        -77.126936,
                        -12.058872
                    ],
                    [
                        -77.126919,
                        -12.05887
                    ],
                    [
                        -77.126901,
                        -12.058869
                    ],
                    [
                        -77.126884,
                        -12.058867
                    ],
                    [
                        -77.126866,
                        -12.058865
                    ],
                    [
                        -77.126849,
                        -12.058864
                    ],
                    [
                        -77.126831,
                        -12.058862
                    ],
                    [
                        -77.126813,
                        -12.05886
                    ],
                    [
                        -77.126796,
                        -12.058858
                    ],
                    [
                        -77.126778,
                        -12.058856
                    ],
                    [
                        -77.126761,
                        -12.058854
                    ],
                    [
                        -77.126743,
                        -12.058852
                    ],
                    [
                        -77.126726,
                        -12.05885
                    ],
                    [
                        -77.126708,
                        -12.058848
                    ],
                    [
                        -77.126691,
                        -12.058846
                    ],
                    [
                        -77.126673,
                        -12.058844
                    ],
                    [
                        -77.12033,
                        -12.058108
                    ],
                    [
                        -77.120311,
                        -12.058106
                    ],
                    [
                        -77.120293,
                        -12.058104
                    ],
                    [
                        -77.120275,
                        -12.058102
                    ],
                    [
                        -77.120257,
                        -12.0581
                    ],
                    [
                        -77.120238,
                        -12.058098
                    ],
                    [
                        -77.12022,
                        -12.058096
                    ],
                    [
                        -77.120202,
                        -12.058093
                    ],
                    [
                        -77.120184,
                        -12.058091
                    ],
                    [
                        -77.119872,
                        -12.058048
                    ],
                    [
                        -77.119561,
                        -12.057997
                    ],
                    [
                        -77.119252,
                        -12.057937
                    ],
                    [
                        -77.119234,
                        -12.057933
                    ],
                    [
                        -77.119216,
                        -12.057929
                    ],
                    [
                        -77.119198,
                        -12.057925
                    ],
                    [
                        -77.11918,
                        -12.057921
                    ],
                    [
                        -77.119162,
                        -12.057918
                    ],
                    [
                        -77.119144,
                        -12.057914
                    ],
                    [
                        -77.119126,
                        -12.05791
                    ],
                    [
                        -77.119108,
                        -12.057906
                    ],
                    [
                        -77.103035,
                        -12.054427
                    ],
                    [
                        -77.103017,
                        -12.054423
                    ],
                    [
                        -77.103,
                        -12.05442
                    ],
                    [
                        -77.102982,
                        -12.054416
                    ],
                    [
                        -77.102965,
                        -12.054412
                    ],
                    [
                        -77.102948,
                        -12.054408
                    ],
                    [
                        -77.10293,
                        -12.054405
                    ],
                    [
                        -77.102913,
                        -12.054401
                    ],
                    [
                        -77.102895,
                        -12.054397
                    ],
                    [
                        -77.102878,
                        -12.054394
                    ],
                    [
                        -77.10286,
                        -12.05439
                    ],
                    [
                        -77.102843,
                        -12.054386
                    ],
                    [
                        -77.102826,
                        -12.054383
                    ],
                    [
                        -77.102808,
                        -12.054379
                    ],
                    [
                        -77.102791,
                        -12.054375
                    ],
                    [
                        -77.102773,
                        -12.054372
                    ],
                    [
                        -77.102756,
                        -12.054369
                    ],
                    [
                        -77.102738,
                        -12.054365
                    ],
                    [
                        -77.102534,
                        -12.054328
                    ],
                    [
                        -77.102328,
                        -12.054297
                    ],
                    [
                        -77.102311,
                        -12.054294
                    ],
                    [
                        -77.102293,
                        -12.054292
                    ],
                    [
                        -77.102275,
                        -12.05429
                    ],
                    [
                        -77.102258,
                        -12.054287
                    ],
                    [
                        -77.10224,
                        -12.054285
                    ],
                    [
                        -77.102222,
                        -12.054283
                    ],
                    [
                        -77.102205,
                        -12.054281
                    ],
                    [
                        -77.102187,
                        -12.054278
                    ],
                    [
                        -77.102169,
                        -12.054276
                    ],
                    [
                        -77.102151,
                        -12.054274
                    ],
                    [
                        -77.102134,
                        -12.054272
                    ],
                    [
                        -77.102116,
                        -12.05427
                    ],
                    [
                        -77.102098,
                        -12.054268
                    ],
                    [
                        -77.102081,
                        -12.054266
                    ],
                    [
                        -77.102063,
                        -12.054264
                    ],
                    [
                        -77.102045,
                        -12.054262
                    ],
                    [
                        -77.102028,
                        -12.054259
                    ],
                    [
                        -77.101635,
                        -12.054213
                    ],
                    [
                        -77.101617,
                        -12.054211
                    ],
                    [
                        -77.101599,
                        -12.054209
                    ],
                    [
                        -77.101582,
                        -12.054207
                    ],
                    [
                        -77.101564,
                        -12.054205
                    ],
                    [
                        -77.101546,
                        -12.054203
                    ],
                    [
                        -77.101529,
                        -12.054201
                    ],
                    [
                        -77.101511,
                        -12.054199
                    ],
                    [
                        -77.101493,
                        -12.054197
                    ],
                    [
                        -77.101476,
                        -12.054194
                    ],
                    [
                        -77.101458,
                        -12.054192
                    ],
                    [
                        -77.10144,
                        -12.05419
                    ],
                    [
                        -77.101423,
                        -12.054188
                    ],
                    [
                        -77.101405,
                        -12.054186
                    ],
                    [
                        -77.101387,
                        -12.054183
                    ],
                    [
                        -77.101369,
                        -12.054181
                    ],
                    [
                        -77.101352,
                        -12.054179
                    ],
                    [
                        -77.101334,
                        -12.054176
                    ],
                    [
                        -77.101158,
                        -12.05415
                    ],
                    [
                        -77.101141,
                        -12.054147
                    ],
                    [
                        -77.101123,
                        -12.054144
                    ],
                    [
                        -77.101106,
                        -12.054141
                    ],
                    [
                        -77.101088,
                        -12.054138
                    ],
                    [
                        -77.101071,
                        -12.054135
                    ],
                    [
                        -77.101053,
                        -12.054132
                    ],
                    [
                        -77.101036,
                        -12.054129
                    ],
                    [
                        -77.101018,
                        -12.054126
                    ],
                    [
                        -77.101,
                        -12.054123
                    ],
                    [
                        -77.100983,
                        -12.054119
                    ],
                    [
                        -77.100965,
                        -12.054116
                    ],
                    [
                        -77.100948,
                        -12.054113
                    ],
                    [
                        -77.10093,
                        -12.05411
                    ],
                    [
                        -77.100913,
                        -12.054107
                    ],
                    [
                        -77.100895,
                        -12.054104
                    ],
                    [
                        -77.100878,
                        -12.0541
                    ],
                    [
                        -77.10086,
                        -12.054097
                    ],
                    [
                        -77.093863,
                        -12.052815
                    ],
                    [
                        -77.092889,
                        -12.05264
                    ],
                    [
                        -77.088545,
                        -12.051879
                    ],
                    [
                        -77.087861,
                        -12.05176
                    ],
                    [
                        -77.087843,
                        -12.051756
                    ],
                    [
                        -77.087825,
                        -12.051753
                    ],
                    [
                        -77.087808,
                        -12.05175
                    ],
                    [
                        -77.08779,
                        -12.051747
                    ],
                    [
                        -77.087773,
                        -12.051744
                    ],
                    [
                        -77.087755,
                        -12.051741
                    ],
                    [
                        -77.087738,
                        -12.051738
                    ],
                    [
                        -77.08772,
                        -12.051735
                    ],
                    [
                        -77.087702,
                        -12.051733
                    ],
                    [
                        -77.087685,
                        -12.05173
                    ],
                    [
                        -77.087667,
                        -12.051727
                    ],
                    [
                        -77.087649,
                        -12.051725
                    ],
                    [
                        -77.087632,
                        -12.051722
                    ],
                    [
                        -77.087614,
                        -12.051719
                    ],
                    [
                        -77.087596,
                        -12.051717
                    ],
                    [
                        -77.087579,
                        -12.051715
                    ],
                    [
                        -77.087561,
                        -12.051713
                    ],
                    [
                        -77.087543,
                        -12.051711
                    ],
                    [
                        -77.087455,
                        -12.051702
                    ],
                    [
                        -77.087366,
                        -12.051697
                    ],
                    [
                        -77.087278,
                        -12.051694
                    ],
                    [
                        -77.087189,
                        -12.051695
                    ],
                    [
                        -77.087101,
                        -12.051699
                    ],
                    [
                        -77.087012,
                        -12.051705
                    ],
                    [
                        -77.086924,
                        -12.051715
                    ],
                    [
                        -77.086836,
                        -12.051728
                    ],
                    [
                        -77.086749,
                        -12.051743
                    ],
                    [
                        -77.086663,
                        -12.051762
                    ],
                    [
                        -77.086577,
                        -12.051783
                    ],
                    [
                        -77.086492,
                        -12.051807
                    ],
                    [
                        -77.086407,
                        -12.051835
                    ],
                    [
                        -77.086324,
                        -12.051865
                    ],
                    [
                        -77.086242,
                        -12.051898
                    ],
                    [
                        -77.086161,
                        -12.051933
                    ],
                    [
                        -77.086082,
                        -12.051972
                    ],
                    [
                        -77.086003,
                        -12.052013
                    ],
                    [
                        -77.085927,
                        -12.052056
                    ],
                    [
                        -77.085851,
                        -12.052103
                    ],
                    [
                        -77.085778,
                        -12.052151
                    ],
                    [
                        -77.085706,
                        -12.052203
                    ],
                    [
                        -77.085636,
                        -12.052256
                    ],
                    [
                        -77.085568,
                        -12.052312
                    ],
                    [
                        -77.085502,
                        -12.05237
                    ],
                    [
                        -77.085438,
                        -12.052431
                    ],
                    [
                        -77.085377,
                        -12.052493
                    ],
                    [
                        -77.085317,
                        -12.052558
                    ],
                    [
                        -77.08526,
                        -12.052625
                    ],
                    [
                        -77.085205,
                        -12.052693
                    ],
                    [
                        -77.085153,
                        -12.052764
                    ],
                    [
                        -77.085103,
                        -12.052836
                    ],
                    [
                        -77.085093,
                        -12.05285
                    ],
                    [
                        -77.085083,
                        -12.052865
                    ],
                    [
                        -77.085074,
                        -12.05288
                    ],
                    [
                        -77.085064,
                        -12.052895
                    ],
                    [
                        -77.085055,
                        -12.05291
                    ],
                    [
                        -77.085046,
                        -12.052925
                    ],
                    [
                        -77.085036,
                        -12.05294
                    ],
                    [
                        -77.085027,
                        -12.052955
                    ],
                    [
                        -77.085018,
                        -12.05297
                    ],
                    [
                        -77.085009,
                        -12.052985
                    ],
                    [
                        -77.085,
                        -12.053
                    ],
                    [
                        -77.084991,
                        -12.053016
                    ],
                    [
                        -77.084982,
                        -12.053031
                    ],
                    [
                        -77.084973,
                        -12.053046
                    ],
                    [
                        -77.084964,
                        -12.053061
                    ],
                    [
                        -77.084955,
                        -12.053077
                    ],
                    [
                        -77.084946,
                        -12.053092
                    ],
                    [
                        -77.084938,
                        -12.053107
                    ],
                    [
                        -77.084889,
                        -12.05319
                    ],
                    [
                        -77.084881,
                        -12.053205
                    ],
                    [
                        -77.084872,
                        -12.053221
                    ],
                    [
                        -77.084863,
                        -12.053236
                    ],
                    [
                        -77.084854,
                        -12.053251
                    ],
                    [
                        -77.084845,
                        -12.053266
                    ],
                    [
                        -77.084836,
                        -12.053282
                    ],
                    [
                        -77.084827,
                        -12.053297
                    ],
                    [
                        -77.084818,
                        -12.053312
                    ],
                    [
                        -77.084809,
                        -12.053327
                    ],
                    [
                        -77.0848,
                        -12.053342
                    ],
                    [
                        -77.084791,
                        -12.053357
                    ],
                    [
                        -77.084782,
                        -12.053372
                    ],
                    [
                        -77.084772,
                        -12.053387
                    ],
                    [
                        -77.084763,
                        -12.053402
                    ],
                    [
                        -77.084753,
                        -12.053417
                    ],
                    [
                        -77.084744,
                        -12.053432
                    ],
                    [
                        -77.084734,
                        -12.053447
                    ],
                    [
                        -77.084724,
                        -12.053462
                    ],
                    [
                        -77.084675,
                        -12.053532
                    ],
                    [
                        -77.084624,
                        -12.053601
                    ],
                    [
                        -77.08457,
                        -12.053669
                    ],
                    [
                        -77.084514,
                        -12.053734
                    ],
                    [
                        -77.084456,
                        -12.053798
                    ],
                    [
                        -77.084396,
                        -12.05386
                    ],
                    [
                        -77.084333,
                        -12.053919
                    ],
                    [
                        -77.084269,
                        -12.053977
                    ],
                    [
                        -77.084202,
                        -12.054032
                    ],
                    [
                        -77.084134,
                        -12.054085
                    ],
                    [
                        -77.084064,
                        -12.054136
                    ],
                    [
                        -77.084049,
                        -12.054146
                    ],
                    [
                        -77.084035,
                        -12.054156
                    ],
                    [
                        -77.08402,
                        -12.054166
                    ],
                    [
                        -77.084005,
                        -12.054176
                    ],
                    [
                        -77.08399,
                        -12.054185
                    ],
                    [
                        -77.083975,
                        -12.054195
                    ],
                    [
                        -77.08396,
                        -12.054205
                    ],
                    [
                        -77.083945,
                        -12.054214
                    ],
                    [
                        -77.08393,
                        -12.054224
                    ],
                    [
                        -77.083915,
                        -12.054233
                    ],
                    [
                        -77.0839,
                        -12.054243
                    ],
                    [
                        -77.083885,
                        -12.054252
                    ],
                    [
                        -77.08387,
                        -12.054262
                    ],
                    [
                        -77.083855,
                        -12.054271
                    ],
                    [
                        -77.08384,
                        -12.05428
                    ],
                    [
                        -77.083825,
                        -12.054289
                    ],
                    [
                        -77.083809,
                        -12.054299
                    ],
                    [
                        -77.083794,
                        -12.054308
                    ],
                    [
                        -77.081246,
                        -12.055863
                    ],
                    [
                        -77.081231,
                        -12.055872
                    ],
                    [
                        -77.081215,
                        -12.055881
                    ],
                    [
                        -77.0812,
                        -12.055891
                    ],
                    [
                        -77.081185,
                        -12.0559
                    ],
                    [
                        -77.08117,
                        -12.055909
                    ],
                    [
                        -77.081154,
                        -12.055919
                    ],
                    [
                        -77.081139,
                        -12.055928
                    ],
                    [
                        -77.081124,
                        -12.055938
                    ],
                    [
                        -77.081109,
                        -12.055947
                    ],
                    [
                        -77.081094,
                        -12.055957
                    ],
                    [
                        -77.081079,
                        -12.055966
                    ],
                    [
                        -77.081064,
                        -12.055976
                    ],
                    [
                        -77.081048,
                        -12.055986
                    ],
                    [
                        -77.081033,
                        -12.055995
                    ],
                    [
                        -77.081019,
                        -12.056005
                    ],
                    [
                        -77.081004,
                        -12.056015
                    ],
                    [
                        -77.080989,
                        -12.056025
                    ],
                    [
                        -77.080974,
                        -12.056035
                    ],
                    [
                        -77.080959,
                        -12.056045
                    ],
                    [
                        -77.080944,
                        -12.056055
                    ],
                    [
                        -77.08093,
                        -12.056065
                    ],
                    [
                        -77.080915,
                        -12.056076
                    ],
                    [
                        -77.080901,
                        -12.056086
                    ],
                    [
                        -77.080833,
                        -12.056137
                    ],
                    [
                        -77.080767,
                        -12.056191
                    ],
                    [
                        -77.080702,
                        -12.056246
                    ],
                    [
                        -77.08064,
                        -12.056304
                    ],
                    [
                        -77.080579,
                        -12.056363
                    ],
                    [
                        -77.080521,
                        -12.056425
                    ],
                    [
                        -77.080464,
                        -12.056488
                    ],
                    [
                        -77.08041,
                        -12.056553
                    ],
                    [
                        -77.080358,
                        -12.05662
                    ],
                    [
                        -77.080308,
                        -12.056689
                    ],
                    [
                        -77.080261,
                        -12.056759
                    ],
                    [
                        -77.080216,
                        -12.05683
                    ],
                    [
                        -77.080174,
                        -12.056904
                    ],
                    [
                        -77.080134,
                        -12.056978
                    ],
                    [
                        -77.080096,
                        -12.057054
                    ],
                    [
                        -77.080061,
                        -12.057131
                    ],
                    [
                        -77.080029,
                        -12.057209
                    ],
                    [
                        -77.080023,
                        -12.057225
                    ],
                    [
                        -77.080016,
                        -12.057242
                    ],
                    [
                        -77.08001,
                        -12.057258
                    ],
                    [
                        -77.080004,
                        -12.057275
                    ],
                    [
                        -77.079998,
                        -12.057292
                    ],
                    [
                        -77.079992,
                        -12.057308
                    ],
                    [
                        -77.079986,
                        -12.057325
                    ],
                    [
                        -77.07998,
                        -12.057342
                    ],
                    [
                        -77.079975,
                        -12.057359
                    ],
                    [
                        -77.079969,
                        -12.057375
                    ],
                    [
                        -77.079964,
                        -12.057392
                    ],
                    [
                        -77.079958,
                        -12.057409
                    ],
                    [
                        -77.079953,
                        -12.057426
                    ],
                    [
                        -77.079947,
                        -12.057443
                    ],
                    [
                        -77.079942,
                        -12.05746
                    ],
                    [
                        -77.079937,
                        -12.057477
                    ],
                    [
                        -77.079932,
                        -12.057494
                    ],
                    [
                        -77.079926,
                        -12.05751
                    ],
                    [
                        -77.079921,
                        -12.057527
                    ],
                    [
                        -77.079916,
                        -12.057544
                    ],
                    [
                        -77.079911,
                        -12.057561
                    ],
                    [
                        -77.079906,
                        -12.057578
                    ],
                    [
                        -77.079901,
                        -12.057595
                    ],
                    [
                        -77.079877,
                        -12.057673
                    ],
                    [
                        -77.079872,
                        -12.05769
                    ],
                    [
                        -77.079867,
                        -12.057707
                    ],
                    [
                        -77.079862,
                        -12.057724
                    ],
                    [
                        -77.079857,
                        -12.057741
                    ],
                    [
                        -77.079851,
                        -12.057758
                    ],
                    [
                        -77.079846,
                        -12.057775
                    ],
                    [
                        -77.079841,
                        -12.057792
                    ],
                    [
                        -77.079836,
                        -12.057809
                    ],
                    [
                        -77.07983,
                        -12.057825
                    ],
                    [
                        -77.079825,
                        -12.057842
                    ],
                    [
                        -77.07982,
                        -12.057859
                    ],
                    [
                        -77.079814,
                        -12.057876
                    ],
                    [
                        -77.079809,
                        -12.057893
                    ],
                    [
                        -77.079803,
                        -12.05791
                    ],
                    [
                        -77.079797,
                        -12.057926
                    ],
                    [
                        -77.079792,
                        -12.057943
                    ],
                    [
                        -77.079786,
                        -12.05796
                    ],
                    [
                        -77.07978,
                        -12.057977
                    ],
                    [
                        -77.079774,
                        -12.057993
                    ],
                    [
                        -77.079768,
                        -12.05801
                    ],
                    [
                        -77.079761,
                        -12.058026
                    ],
                    [
                        -77.079755,
                        -12.058043
                    ],
                    [
                        -77.079749,
                        -12.05806
                    ],
                    [
                        -77.079715,
                        -12.05814
                    ],
                    [
                        -77.079679,
                        -12.058219
                    ],
                    [
                        -77.07964,
                        -12.058297
                    ],
                    [
                        -77.079599,
                        -12.058374
                    ],
                    [
                        -77.079555,
                        -12.05845
                    ],
                    [
                        -77.079508,
                        -12.058523
                    ],
                    [
                        -77.079458,
                        -12.058595
                    ],
                    [
                        -77.079406,
                        -12.058666
                    ],
                    [
                        -77.079352,
                        -12.058734
                    ],
                    [
                        -77.079296,
                        -12.058801
                    ],
                    [
                        -77.079237,
                        -12.058866
                    ],
                    [
                        -77.079175,
                        -12.058929
                    ],
                    [
                        -77.079112,
                        -12.058989
                    ],
                    [
                        -77.079047,
                        -12.059048
                    ],
                    [
                        -77.078979,
                        -12.059104
                    ],
                    [
                        -77.07891,
                        -12.059158
                    ],
                    [
                        -77.078839,
                        -12.059209
                    ],
                    [
                        -77.078766,
                        -12.059258
                    ],
                    [
                        -77.078691,
                        -12.059305
                    ],
                    [
                        -77.078615,
                        -12.059349
                    ],
                    [
                        -77.078537,
                        -12.05939
                    ],
                    [
                        -77.078458,
                        -12.059429
                    ],
                    [
                        -77.078378,
                        -12.059465
                    ],
                    [
                        -77.078296,
                        -12.059499
                    ],
                    [
                        -77.078214,
                        -12.059529
                    ],
                    [
                        -77.07813,
                        -12.059557
                    ],
                    [
                        -77.078045,
                        -12.059582
                    ],
                    [
                        -77.07796,
                        -12.059604
                    ],
                    [
                        -77.077873,
                        -12.059623
                    ],
                    [
                        -77.077787,
                        -12.059639
                    ],
                    [
                        -77.077699,
                        -12.059652
                    ],
                    [
                        -77.077612,
                        -12.059663
                    ],
                    [
                        -77.077524,
                        -12.05967
                    ],
                    [
                        -77.077435,
                        -12.059674
                    ],
                    [
                        -77.077347,
                        -12.059676
                    ],
                    [
                        -77.077259,
                        -12.059674
                    ],
                    [
                        -77.07717,
                        -12.05967
                    ],
                    [
                        -77.077082,
                        -12.059662
                    ],
                    [
                        -77.076995,
                        -12.059651
                    ],
                    [
                        -77.076977,
                        -12.059649
                    ],
                    [
                        -77.076959,
                        -12.059646
                    ],
                    [
                        -77.076941,
                        -12.059643
                    ],
                    [
                        -77.076924,
                        -12.059641
                    ],
                    [
                        -77.076906,
                        -12.059638
                    ],
                    [
                        -77.076888,
                        -12.059635
                    ],
                    [
                        -77.076871,
                        -12.059631
                    ],
                    [
                        -77.076853,
                        -12.059628
                    ],
                    [
                        -77.076835,
                        -12.059625
                    ],
                    [
                        -77.076818,
                        -12.059622
                    ],
                    [
                        -77.0768,
                        -12.059618
                    ],
                    [
                        -77.076782,
                        -12.059615
                    ],
                    [
                        -77.076765,
                        -12.059611
                    ],
                    [
                        -77.076747,
                        -12.059607
                    ],
                    [
                        -77.07673,
                        -12.059604
                    ],
                    [
                        -77.076712,
                        -12.0596
                    ],
                    [
                        -77.076695,
                        -12.059596
                    ],
                    [
                        -77.076677,
                        -12.059593
                    ],
                    [
                        -77.076659,
                        -12.059589
                    ],
                    [
                        -77.076642,
                        -12.059585
                    ],
                    [
                        -77.076624,
                        -12.059581
                    ],
                    [
                        -77.076607,
                        -12.059577
                    ],
                    [
                        -77.076589,
                        -12.059573
                    ],
                    [
                        -77.073077,
                        -12.058802
                    ],
                    [
                        -77.073061,
                        -12.058799
                    ],
                    [
                        -77.073044,
                        -12.058795
                    ],
                    [
                        -77.073028,
                        -12.058791
                    ],
                    [
                        -77.073012,
                        -12.058788
                    ],
                    [
                        -77.072995,
                        -12.058784
                    ],
                    [
                        -77.072979,
                        -12.058781
                    ],
                    [
                        -77.072963,
                        -12.058777
                    ],
                    [
                        -77.072946,
                        -12.058774
                    ],
                    [
                        -77.07293,
                        -12.05877
                    ],
                    [
                        -77.072914,
                        -12.058767
                    ],
                    [
                        -77.072898,
                        -12.058763
                    ],
                    [
                        -77.072528,
                        -12.058687
                    ],
                    [
                        -77.072512,
                        -12.058683
                    ],
                    [
                        -77.072496,
                        -12.05868
                    ],
                    [
                        -77.072479,
                        -12.058677
                    ],
                    [
                        -77.072463,
                        -12.058674
                    ],
                    [
                        -77.072447,
                        -12.058671
                    ],
                    [
                        -77.07243,
                        -12.058667
                    ],
                    [
                        -77.072414,
                        -12.058664
                    ],
                    [
                        -77.072397,
                        -12.058661
                    ],
                    [
                        -77.072381,
                        -12.058658
                    ],
                    [
                        -77.072365,
                        -12.058655
                    ],
                    [
                        -77.072348,
                        -12.058651
                    ],
                    [
                        -77.065266,
                        -12.057274
                    ],
                    [
                        -77.064827,
                        -12.057187
                    ],
                    [
                        -77.062785,
                        -12.05678
                    ],
                    [
                        -77.062353,
                        -12.056696
                    ],
                    [
                        -77.058011,
                        -12.055872
                    ],
                    [
                        -77.057993,
                        -12.055869
                    ],
                    [
                        -77.057976,
                        -12.055866
                    ],
                    [
                        -77.057958,
                        -12.055862
                    ],
                    [
                        -77.05794,
                        -12.055859
                    ],
                    [
                        -77.057923,
                        -12.055856
                    ],
                    [
                        -77.057905,
                        -12.055852
                    ],
                    [
                        -77.057887,
                        -12.055849
                    ],
                    [
                        -77.05787,
                        -12.055846
                    ],
                    [
                        -77.057852,
                        -12.055842
                    ],
                    [
                        -77.057834,
                        -12.055839
                    ],
                    [
                        -77.057817,
                        -12.055836
                    ],
                    [
                        -77.057799,
                        -12.055833
                    ],
                    [
                        -77.057781,
                        -12.055829
                    ],
                    [
                        -77.057763,
                        -12.055826
                    ],
                    [
                        -77.057746,
                        -12.055823
                    ],
                    [
                        -77.057728,
                        -12.05582
                    ],
                    [
                        -77.05771,
                        -12.055817
                    ],
                    [
                        -77.057693,
                        -12.055814
                    ],
                    [
                        -77.057675,
                        -12.055811
                    ],
                    [
                        -77.057657,
                        -12.055808
                    ],
                    [
                        -77.057639,
                        -12.055805
                    ],
                    [
                        -77.057621,
                        -12.055802
                    ],
                    [
                        -77.057604,
                        -12.0558
                    ],
                    [
                        -77.057586,
                        -12.055797
                    ],
                    [
                        -77.057568,
                        -12.055794
                    ],
                    [
                        -77.05755,
                        -12.055792
                    ],
                    [
                        -77.057532,
                        -12.055789
                    ],
                    [
                        -77.057515,
                        -12.055787
                    ],
                    [
                        -77.057497,
                        -12.055784
                    ],
                    [
                        -77.057479,
                        -12.055782
                    ],
                    [
                        -77.057461,
                        -12.055779
                    ],
                    [
                        -77.057443,
                        -12.055777
                    ],
                    [
                        -77.057425,
                        -12.055775
                    ],
                    [
                        -77.057408,
                        -12.055773
                    ],
                    [
                        -77.05739,
                        -12.055771
                    ],
                    [
                        -77.057372,
                        -12.055769
                    ],
                    [
                        -77.057354,
                        -12.055767
                    ],
                    [
                        -77.057336,
                        -12.055765
                    ],
                    [
                        -77.057318,
                        -12.055764
                    ],
                    [
                        -77.0573,
                        -12.055762
                    ],
                    [
                        -77.057282,
                        -12.05576
                    ],
                    [
                        -77.057264,
                        -12.055759
                    ],
                    [
                        -77.057246,
                        -12.055758
                    ],
                    [
                        -77.057228,
                        -12.055757
                    ],
                    [
                        -77.05721,
                        -12.055755
                    ],
                    [
                        -77.057192,
                        -12.055754
                    ],
                    [
                        -77.057174,
                        -12.055753
                    ],
                    [
                        -77.057156,
                        -12.055753
                    ],
                    [
                        -77.057138,
                        -12.055752
                    ],
                    [
                        -77.05712,
                        -12.055751
                    ],
                    [
                        -77.057102,
                        -12.055751
                    ],
                    [
                        -77.057019,
                        -12.05575
                    ],
                    [
                        -77.056936,
                        -12.055752
                    ],
                    [
                        -77.056852,
                        -12.055756
                    ],
                    [
                        -77.056769,
                        -12.055763
                    ],
                    [
                        -77.056686,
                        -12.055772
                    ],
                    [
                        -77.056668,
                        -12.055774
                    ],
                    [
                        -77.056651,
                        -12.055777
                    ],
                    [
                        -77.056633,
                        -12.055779
                    ],
                    [
                        -77.056615,
                        -12.055782
                    ],
                    [
                        -77.056597,
                        -12.055785
                    ],
                    [
                        -77.056579,
                        -12.055788
                    ],
                    [
                        -77.056562,
                        -12.055791
                    ],
                    [
                        -77.056544,
                        -12.055794
                    ],
                    [
                        -77.056526,
                        -12.055797
                    ],
                    [
                        -77.056508,
                        -12.0558
                    ],
                    [
                        -77.056491,
                        -12.055803
                    ],
                    [
                        -77.056473,
                        -12.055807
                    ],
                    [
                        -77.056455,
                        -12.05581
                    ],
                    [
                        -77.056438,
                        -12.055814
                    ],
                    [
                        -77.05642,
                        -12.055818
                    ],
                    [
                        -77.056403,
                        -12.055821
                    ],
                    [
                        -77.056385,
                        -12.055825
                    ],
                    [
                        -77.056367,
                        -12.055829
                    ],
                    [
                        -77.05635,
                        -12.055833
                    ],
                    [
                        -77.056332,
                        -12.055837
                    ],
                    [
                        -77.056315,
                        -12.055841
                    ],
                    [
                        -77.056297,
                        -12.055845
                    ],
                    [
                        -77.05628,
                        -12.05585
                    ],
                    [
                        -77.056262,
                        -12.055854
                    ],
                    [
                        -77.056245,
                        -12.055858
                    ],
                    [
                        -77.056228,
                        -12.055863
                    ],
                    [
                        -77.05621,
                        -12.055867
                    ],
                    [
                        -77.056193,
                        -12.055872
                    ],
                    [
                        -77.056175,
                        -12.055876
                    ],
                    [
                        -77.056158,
                        -12.055881
                    ],
                    [
                        -77.056141,
                        -12.055886
                    ],
                    [
                        -77.056123,
                        -12.05589
                    ],
                    [
                        -77.056106,
                        -12.055895
                    ],
                    [
                        -77.056089,
                        -12.0559
                    ],
                    [
                        -77.056071,
                        -12.055905
                    ],
                    [
                        -77.056054,
                        -12.05591
                    ],
                    [
                        -77.056037,
                        -12.055915
                    ],
                    [
                        -77.056019,
                        -12.05592
                    ],
                    [
                        -77.056002,
                        -12.055925
                    ],
                    [
                        -77.055985,
                        -12.05593
                    ],
                    [
                        -77.055968,
                        -12.055935
                    ],
                    [
                        -77.05595,
                        -12.05594
                    ],
                    [
                        -77.055933,
                        -12.055945
                    ],
                    [
                        -77.055916,
                        -12.05595
                    ],
                    [
                        -77.055899,
                        -12.055955
                    ],
                    [
                        -77.055881,
                        -12.05596
                    ],
                    [
                        -77.055864,
                        -12.055965
                    ],
                    [
                        -77.055847,
                        -12.05597
                    ],
                    [
                        -77.05583,
                        -12.055975
                    ],
                    [
                        -77.055812,
                        -12.055981
                    ],
                    [
                        -77.055795,
                        -12.055986
                    ],
                    [
                        -77.051804,
                        -12.057176
                    ],
                    [
                        -77.048061,
                        -12.058293
                    ],
                    [
                        -77.047726,
                        -12.058394
                    ],
                    [
                        -77.047148,
                        -12.05857
                    ],
                    [
                        -77.046812,
                        -12.058672
                    ],
                    [
                        -77.042497,
                        -12.059959
                    ],
                    [
                        -77.04248,
                        -12.059964
                    ],
                    [
                        -77.042462,
                        -12.059969
                    ],
                    [
                        -77.042445,
                        -12.059974
                    ],
                    [
                        -77.042428,
                        -12.05998
                    ],
                    [
                        -77.04241,
                        -12.059985
                    ],
                    [
                        -77.042393,
                        -12.05999
                    ],
                    [
                        -77.042376,
                        -12.059995
                    ],
                    [
                        -77.042359,
                        -12.06
                    ],
                    [
                        -77.042341,
                        -12.060005
                    ],
                    [
                        -77.042324,
                        -12.06001
                    ],
                    [
                        -77.042307,
                        -12.060015
                    ],
                    [
                        -77.042289,
                        -12.06002
                    ],
                    [
                        -77.042272,
                        -12.060025
                    ],
                    [
                        -77.042255,
                        -12.06003
                    ],
                    [
                        -77.042237,
                        -12.060035
                    ],
                    [
                        -77.04222,
                        -12.06004
                    ],
                    [
                        -77.042203,
                        -12.060044
                    ],
                    [
                        -77.042185,
                        -12.060049
                    ],
                    [
                        -77.042168,
                        -12.060054
                    ],
                    [
                        -77.04215,
                        -12.060059
                    ],
                    [
                        -77.042133,
                        -12.060063
                    ],
                    [
                        -77.042115,
                        -12.060068
                    ],
                    [
                        -77.042098,
                        -12.060072
                    ],
                    [
                        -77.042081,
                        -12.060077
                    ],
                    [
                        -77.042063,
                        -12.060081
                    ],
                    [
                        -77.042046,
                        -12.060085
                    ],
                    [
                        -77.042028,
                        -12.060089
                    ],
                    [
                        -77.04201,
                        -12.060094
                    ],
                    [
                        -77.041993,
                        -12.060098
                    ],
                    [
                        -77.041975,
                        -12.060102
                    ],
                    [
                        -77.041958,
                        -12.060106
                    ],
                    [
                        -77.04194,
                        -12.06011
                    ],
                    [
                        -77.041823,
                        -12.060133
                    ],
                    [
                        -77.041706,
                        -12.060152
                    ],
                    [
                        -77.041588,
                        -12.060168
                    ],
                    [
                        -77.041469,
                        -12.06018
                    ],
                    [
                        -77.04135,
                        -12.060188
                    ],
                    [
                        -77.041231,
                        -12.060192
                    ],
                    [
                        -77.041112,
                        -12.060193
                    ],
                    [
                        -77.041094,
                        -12.060193
                    ],
                    [
                        -77.041076,
                        -12.060192
                    ],
                    [
                        -77.041058,
                        -12.060192
                    ],
                    [
                        -77.04104,
                        -12.060191
                    ],
                    [
                        -77.041022,
                        -12.060191
                    ],
                    [
                        -77.041004,
                        -12.06019
                    ],
                    [
                        -77.040985,
                        -12.06019
                    ],
                    [
                        -77.040967,
                        -12.060189
                    ],
                    [
                        -77.040949,
                        -12.060188
                    ],
                    [
                        -77.040931,
                        -12.060187
                    ],
                    [
                        -77.040913,
                        -12.060186
                    ],
                    [
                        -77.040895,
                        -12.060185
                    ],
                    [
                        -77.040877,
                        -12.060184
                    ],
                    [
                        -77.040859,
                        -12.060183
                    ],
                    [
                        -77.040841,
                        -12.060182
                    ],
                    [
                        -77.040823,
                        -12.06018
                    ],
                    [
                        -77.040805,
                        -12.060179
                    ],
                    [
                        -77.040787,
                        -12.060178
                    ],
                    [
                        -77.040769,
                        -12.060176
                    ],
                    [
                        -77.040751,
                        -12.060175
                    ],
                    [
                        -77.040733,
                        -12.060174
                    ],
                    [
                        -77.040715,
                        -12.060172
                    ],
                    [
                        -77.040697,
                        -12.060171
                    ],
                    [
                        -77.040679,
                        -12.060169
                    ],
                    [
                        -77.040661,
                        -12.060168
                    ],
                    [
                        -77.040643,
                        -12.060166
                    ],
                    [
                        -77.040625,
                        -12.060165
                    ],
                    [
                        -77.040607,
                        -12.060163
                    ],
                    [
                        -77.040589,
                        -12.060161
                    ],
                    [
                        -77.040571,
                        -12.06016
                    ],
                    [
                        -77.040554,
                        -12.060158
                    ],
                    [
                        -77.040536,
                        -12.060157
                    ],
                    [
                        -77.037403,
                        -12.059878
                    ],
                    [
                        -77.037385,
                        -12.059876
                    ],
                    [
                        -77.037367,
                        -12.059875
                    ],
                    [
                        -77.037349,
                        -12.059873
                    ],
                    [
                        -77.037331,
                        -12.059871
                    ],
                    [
                        -77.037313,
                        -12.05987
                    ],
                    [
                        -77.037295,
                        -12.059868
                    ],
                    [
                        -77.037277,
                        -12.059867
                    ],
                    [
                        -77.037259,
                        -12.059865
                    ],
                    [
                        -77.037241,
                        -12.059864
                    ],
                    [
                        -77.037223,
                        -12.059863
                    ],
                    [
                        -77.037205,
                        -12.059861
                    ],
                    [
                        -77.037187,
                        -12.05986
                    ],
                    [
                        -77.037169,
                        -12.059859
                    ],
                    [
                        -77.037151,
                        -12.059857
                    ],
                    [
                        -77.037133,
                        -12.059856
                    ],
                    [
                        -77.037115,
                        -12.059855
                    ],
                    [
                        -77.037096,
                        -12.059854
                    ],
                    [
                        -77.037078,
                        -12.059853
                    ],
                    [
                        -77.03706,
                        -12.059852
                    ],
                    [
                        -77.037042,
                        -12.059851
                    ],
                    [
                        -77.037024,
                        -12.059851
                    ],
                    [
                        -77.037006,
                        -12.05985
                    ],
                    [
                        -77.036988,
                        -12.059849
                    ],
                    [
                        -77.03697,
                        -12.059849
                    ],
                    [
                        -77.036952,
                        -12.059849
                    ],
                    [
                        -77.036934,
                        -12.059848
                    ],
                    [
                        -77.036916,
                        -12.059848
                    ],
                    [
                        -77.036898,
                        -12.059848
                    ],
                    [
                        -77.03688,
                        -12.059848
                    ],
                    [
                        -77.036862,
                        -12.059848
                    ],
                    [
                        -77.036773,
                        -12.059851
                    ],
                    [
                        -77.036683,
                        -12.059857
                    ],
                    [
                        -77.036595,
                        -12.059866
                    ],
                    [
                        -77.036506,
                        -12.059878
                    ],
                    [
                        -77.036418,
                        -12.059893
                    ],
                    [
                        -77.036331,
                        -12.059911
                    ],
                    [
                        -77.036244,
                        -12.059932
                    ],
                    [
                        -77.036158,
                        -12.059956
                    ],
                    [
                        -77.036073,
                        -12.059983
                    ],
                    [
                        -77.035989,
                        -12.060013
                    ],
                    [
                        -77.035906,
                        -12.060045
                    ],
                    [
                        -77.035824,
                        -12.060081
                    ],
                    [
                        -77.035744,
                        -12.060119
                    ],
                    [
                        -77.035665,
                        -12.06016
                    ],
                    [
                        -77.035587,
                        -12.060203
                    ],
                    [
                        -77.035511,
                        -12.06025
                    ],
                    [
                        -77.035437,
                        -12.060299
                    ],
                    [
                        -77.035364,
                        -12.06035
                    ],
                    [
                        -77.035294,
                        -12.060404
                    ],
                    [
                        -77.035225,
                        -12.06046
                    ],
                    [
                        -77.035158,
                        -12.060518
                    ],
                    [
                        -77.035093,
                        -12.060579
                    ],
                    [
                        -77.035031,
                        -12.060642
                    ],
                    [
                        -77.034971,
                        -12.060707
                    ],
                    [
                        -77.034913,
                        -12.060774
                    ],
                    [
                        -77.034858,
                        -12.060843
                    ],
                    [
                        -77.034805,
                        -12.060913
                    ],
                    [
                        -77.034754,
                        -12.060986
                    ],
                    [
                        -77.034744,
                        -12.061001
                    ],
                    [
                        -77.034734,
                        -12.061016
                    ],
                    [
                        -77.034725,
                        -12.061031
                    ],
                    [
                        -77.034715,
                        -12.061046
                    ],
                    [
                        -77.034706,
                        -12.061061
                    ],
                    [
                        -77.034696,
                        -12.061076
                    ],
                    [
                        -77.034687,
                        -12.061091
                    ],
                    [
                        -77.034678,
                        -12.061107
                    ],
                    [
                        -77.034669,
                        -12.061122
                    ],
                    [
                        -77.03466,
                        -12.061137
                    ],
                    [
                        -77.034651,
                        -12.061153
                    ],
                    [
                        -77.034642,
                        -12.061168
                    ],
                    [
                        -77.034633,
                        -12.061184
                    ],
                    [
                        -77.034624,
                        -12.061199
                    ],
                    [
                        -77.034615,
                        -12.061215
                    ],
                    [
                        -77.034606,
                        -12.06123
                    ],
                    [
                        -77.034598,
                        -12.061246
                    ],
                    [
                        -77.034589,
                        -12.061262
                    ],
                    [
                        -77.034581,
                        -12.061277
                    ],
                    [
                        -77.034572,
                        -12.061293
                    ],
                    [
                        -77.034564,
                        -12.061309
                    ],
                    [
                        -77.034555,
                        -12.061324
                    ],
                    [
                        -77.034547,
                        -12.06134
                    ],
                    [
                        -77.034539,
                        -12.061356
                    ],
                    [
                        -77.03453,
                        -12.061372
                    ],
                    [
                        -77.034522,
                        -12.061387
                    ],
                    [
                        -77.034513,
                        -12.061403
                    ],
                    [
                        -77.034505,
                        -12.061419
                    ],
                    [
                        -77.034497,
                        -12.061435
                    ],
                    [
                        -77.034489,
                        -12.06145
                    ],
                    [
                        -77.034438,
                        -12.061547
                    ],
                    [
                        -77.03443,
                        -12.061563
                    ],
                    [
                        -77.034421,
                        -12.061578
                    ],
                    [
                        -77.034413,
                        -12.061594
                    ],
                    [
                        -77.034405,
                        -12.06161
                    ],
                    [
                        -77.034396,
                        -12.061626
                    ],
                    [
                        -77.034388,
                        -12.061642
                    ],
                    [
                        -77.034379,
                        -12.061658
                    ],
                    [
                        -77.034371,
                        -12.061673
                    ],
                    [
                        -77.034363,
                        -12.061689
                    ],
                    [
                        -77.034354,
                        -12.061705
                    ],
                    [
                        -77.034346,
                        -12.061721
                    ],
                    [
                        -77.034337,
                        -12.061737
                    ],
                    [
                        -77.034329,
                        -12.061752
                    ],
                    [
                        -77.03432,
                        -12.061768
                    ],
                    [
                        -77.034312,
                        -12.061784
                    ],
                    [
                        -77.034303,
                        -12.0618
                    ],
                    [
                        -77.034294,
                        -12.061815
                    ],
                    [
                        -77.034286,
                        -12.061831
                    ],
                    [
                        -77.034277,
                        -12.061847
                    ],
                    [
                        -77.034268,
                        -12.061862
                    ],
                    [
                        -77.034259,
                        -12.061878
                    ],
                    [
                        -77.03425,
                        -12.061894
                    ],
                    [
                        -77.034241,
                        -12.061909
                    ],
                    [
                        -77.034233,
                        -12.061925
                    ],
                    [
                        -77.034223,
                        -12.06194
                    ],
                    [
                        -77.034214,
                        -12.061956
                    ],
                    [
                        -77.034205,
                        -12.061971
                    ],
                    [
                        -77.034196,
                        -12.061986
                    ],
                    [
                        -77.034187,
                        -12.062002
                    ],
                    [
                        -77.034177,
                        -12.062017
                    ],
                    [
                        -77.034168,
                        -12.062032
                    ],
                    [
                        -77.034159,
                        -12.062048
                    ],
                    [
                        -77.034149,
                        -12.062063
                    ],
                    [
                        -77.034139,
                        -12.062078
                    ],
                    [
                        -77.03413,
                        -12.062093
                    ],
                    [
                        -77.03412,
                        -12.062108
                    ],
                    [
                        -77.03411,
                        -12.062123
                    ],
                    [
                        -77.0341,
                        -12.062138
                    ],
                    [
                        -77.03409,
                        -12.062153
                    ],
                    [
                        -77.03408,
                        -12.062168
                    ],
                    [
                        -77.03407,
                        -12.062183
                    ],
                    [
                        -77.03406,
                        -12.062197
                    ],
                    [
                        -77.034049,
                        -12.062212
                    ],
                    [
                        -77.03399,
                        -12.062293
                    ],
                    [
                        -77.033928,
                        -12.062371
                    ],
                    [
                        -77.033863,
                        -12.062447
                    ],
                    [
                        -77.033796,
                        -12.062521
                    ],
                    [
                        -77.033726,
                        -12.062593
                    ],
                    [
                        -77.033653,
                        -12.062662
                    ],
                    [
                        -77.033579,
                        -12.062729
                    ],
                    [
                        -77.033502,
                        -12.062793
                    ],
                    [
                        -77.033422,
                        -12.062855
                    ],
                    [
                        -77.033341,
                        -12.062914
                    ],
                    [
                        -77.033258,
                        -12.06297
                    ],
                    [
                        -77.033172,
                        -12.063023
                    ],
                    [
                        -77.033085,
                        -12.063073
                    ],
                    [
                        -77.032997,
                        -12.063121
                    ],
                    [
                        -77.032906,
                        -12.063165
                    ],
                    [
                        -77.032814,
                        -12.063206
                    ],
                    [
                        -77.032721,
                        -12.063244
                    ],
                    [
                        -77.032626,
                        -12.063279
                    ],
                    [
                        -77.032531,
                        -12.063311
                    ],
                    [
                        -77.032434,
                        -12.06334
                    ],
                    [
                        -77.032336,
                        -12.063365
                    ],
                    [
                        -77.032238,
                        -12.063387
                    ],
                    [
                        -77.032139,
                        -12.063405
                    ],
                    [
                        -77.032039,
                        -12.06342
                    ],
                    [
                        -77.031939,
                        -12.063432
                    ],
                    [
                        -77.031838,
                        -12.06344
                    ],
                    [
                        -77.031737,
                        -12.063445
                    ],
                    [
                        -77.031636,
                        -12.063447
                    ],
                    [
                        -77.031618,
                        -12.063447
                    ],
                    [
                        -77.0316,
                        -12.063446
                    ],
                    [
                        -77.031582,
                        -12.063446
                    ],
                    [
                        -77.031563,
                        -12.063446
                    ],
                    [
                        -77.031545,
                        -12.063445
                    ],
                    [
                        -77.031527,
                        -12.063445
                    ],
                    [
                        -77.031509,
                        -12.063444
                    ],
                    [
                        -77.031491,
                        -12.063443
                    ],
                    [
                        -77.031473,
                        -12.063442
                    ],
                    [
                        -77.031455,
                        -12.063441
                    ],
                    [
                        -77.031437,
                        -12.06344
                    ],
                    [
                        -77.031418,
                        -12.063439
                    ],
                    [
                        -77.0314,
                        -12.063438
                    ],
                    [
                        -77.031382,
                        -12.063437
                    ],
                    [
                        -77.031364,
                        -12.063435
                    ],
                    [
                        -77.031346,
                        -12.063434
                    ],
                    [
                        -77.031328,
                        -12.063432
                    ],
                    [
                        -77.03131,
                        -12.063431
                    ],
                    [
                        -77.031292,
                        -12.063429
                    ],
                    [
                        -77.031274,
                        -12.063427
                    ],
                    [
                        -77.031256,
                        -12.063426
                    ],
                    [
                        -77.031238,
                        -12.063424
                    ],
                    [
                        -77.03122,
                        -12.063422
                    ],
                    [
                        -77.031201,
                        -12.06342
                    ],
                    [
                        -77.031183,
                        -12.063418
                    ],
                    [
                        -77.031165,
                        -12.063416
                    ],
                    [
                        -77.031147,
                        -12.063414
                    ],
                    [
                        -77.031129,
                        -12.063412
                    ],
                    [
                        -77.031111,
                        -12.06341
                    ],
                    [
                        -77.031093,
                        -12.063408
                    ],
                    [
                        -77.031075,
                        -12.063406
                    ],
                    [
                        -77.031057,
                        -12.063403
                    ],
                    [
                        -77.031039,
                        -12.063401
                    ],
                    [
                        -77.031021,
                        -12.063399
                    ],
                    [
                        -77.031003,
                        -12.063396
                    ],
                    [
                        -77.030985,
                        -12.063394
                    ],
                    [
                        -77.030967,
                        -12.063392
                    ],
                    [
                        -77.030949,
                        -12.063389
                    ],
                    [
                        -77.030931,
                        -12.063387
                    ],
                    [
                        -77.030913,
                        -12.063385
                    ],
                    [
                        -77.030895,
                        -12.063382
                    ],
                    [
                        -77.030877,
                        -12.06338
                    ],
                    [
                        -77.030859,
                        -12.063378
                    ],
                    [
                        -77.028425,
                        -12.063053
                    ],
                    [
                        -77.02841,
                        -12.063051
                    ],
                    [
                        -77.028395,
                        -12.063049
                    ],
                    [
                        -77.02838,
                        -12.063047
                    ],
                    [
                        -77.028365,
                        -12.063045
                    ],
                    [
                        -77.028349,
                        -12.063043
                    ],
                    [
                        -77.028334,
                        -12.063041
                    ],
                    [
                        -77.028028,
                        -12.062999
                    ],
                    [
                        -77.028013,
                        -12.062997
                    ],
                    [
                        -77.027998,
                        -12.062995
                    ],
                    [
                        -77.027983,
                        -12.062992
                    ],
                    [
                        -77.027967,
                        -12.06299
                    ],
                    [
                        -77.027952,
                        -12.062988
                    ],
                    [
                        -77.027937,
                        -12.062986
                    ],
                    [
                        -77.025446,
                        -12.062632
                    ],
                    [
                        -77.025431,
                        -12.06263
                    ],
                    [
                        -77.025415,
                        -12.062628
                    ],
                    [
                        -77.0254,
                        -12.062626
                    ],
                    [
                        -77.025385,
                        -12.062623
                    ],
                    [
                        -77.02537,
                        -12.062621
                    ],
                    [
                        -77.025355,
                        -12.062619
                    ],
                    [
                        -77.024861,
                        -12.062552
                    ],
                    [
                        -77.024846,
                        -12.06255
                    ],
                    [
                        -77.024831,
                        -12.062548
                    ],
                    [
                        -77.024816,
                        -12.062546
                    ],
                    [
                        -77.024801,
                        -12.062544
                    ],
                    [
                        -77.024785,
                        -12.062542
                    ],
                    [
                        -77.02477,
                        -12.06254
                    ],
                    [
                        -77.01819,
                        -12.06169
                    ],
                    [
                        -77.018173,
                        -12.061688
                    ],
                    [
                        -77.018157,
                        -12.061686
                    ],
                    [
                        -77.01814,
                        -12.061684
                    ],
                    [
                        -77.018124,
                        -12.061682
                    ],
                    [
                        -77.018107,
                        -12.06168
                    ],
                    [
                        -77.018091,
                        -12.061678
                    ],
                    [
                        -77.018074,
                        -12.061676
                    ],
                    [
                        -77.018057,
                        -12.061673
                    ],
                    [
                        -77.018041,
                        -12.061671
                    ],
                    [
                        -77.018024,
                        -12.061669
                    ],
                    [
                        -77.018008,
                        -12.061667
                    ],
                    [
                        -77.017494,
                        -12.061609
                    ],
                    [
                        -77.017477,
                        -12.061607
                    ],
                    [
                        -77.017461,
                        -12.061605
                    ],
                    [
                        -77.017444,
                        -12.061603
                    ],
                    [
                        -77.017427,
                        -12.061602
                    ],
                    [
                        -77.017411,
                        -12.0616
                    ],
                    [
                        -77.017394,
                        -12.061599
                    ],
                    [
                        -77.017378,
                        -12.061597
                    ],
                    [
                        -77.017361,
                        -12.061595
                    ],
                    [
                        -77.017344,
                        -12.061594
                    ],
                    [
                        -77.017328,
                        -12.061592
                    ],
                    [
                        -77.017311,
                        -12.06159
                    ],
                    [
                        -77.015082,
                        -12.06137
                    ],
                    [
                        -77.015066,
                        -12.061369
                    ],
                    [
                        -77.015049,
                        -12.061367
                    ],
                    [
                        -77.015033,
                        -12.061365
                    ],
                    [
                        -77.015016,
                        -12.061364
                    ],
                    [
                        -77.014999,
                        -12.061362
                    ],
                    [
                        -77.014983,
                        -12.06136
                    ],
                    [
                        -77.014966,
                        -12.061359
                    ],
                    [
                        -77.014949,
                        -12.061357
                    ],
                    [
                        -77.014933,
                        -12.061355
                    ],
                    [
                        -77.014916,
                        -12.061354
                    ],
                    [
                        -77.0149,
                        -12.061352
                    ],
                    [
                        -77.014386,
                        -12.061293
                    ],
                    [
                        -77.014369,
                        -12.061291
                    ],
                    [
                        -77.014353,
                        -12.061289
                    ],
                    [
                        -77.014336,
                        -12.061287
                    ],
                    [
                        -77.014319,
                        -12.061285
                    ],
                    [
                        -77.014303,
                        -12.061283
                    ],
                    [
                        -77.014286,
                        -12.061281
                    ],
                    [
                        -77.01427,
                        -12.061279
                    ],
                    [
                        -77.014253,
                        -12.061277
                    ],
                    [
                        -77.014237,
                        -12.061274
                    ],
                    [
                        -77.01422,
                        -12.061272
                    ],
                    [
                        -77.014203,
                        -12.06127
                    ],
                    [
                        -77.008508,
                        -12.060534
                    ],
                    [
                        -77.008491,
                        -12.060532
                    ],
                    [
                        -77.008473,
                        -12.06053
                    ],
                    [
                        -77.008455,
                        -12.060527
                    ],
                    [
                        -77.008438,
                        -12.060525
                    ],
                    [
                        -77.00842,
                        -12.060523
                    ],
                    [
                        -77.008403,
                        -12.060521
                    ],
                    [
                        -77.008385,
                        -12.060518
                    ],
                    [
                        -77.008367,
                        -12.060516
                    ],
                    [
                        -77.00835,
                        -12.060514
                    ],
                    [
                        -77.008332,
                        -12.060512
                    ],
                    [
                        -77.008315,
                        -12.06051
                    ],
                    [
                        -77.008297,
                        -12.060508
                    ],
                    [
                        -77.008279,
                        -12.060506
                    ],
                    [
                        -77.008262,
                        -12.060504
                    ],
                    [
                        -77.008244,
                        -12.060502
                    ],
                    [
                        -77.008226,
                        -12.0605
                    ],
                    [
                        -77.008209,
                        -12.060499
                    ],
                    [
                        -77.008191,
                        -12.060497
                    ],
                    [
                        -77.008173,
                        -12.060495
                    ],
                    [
                        -77.008156,
                        -12.060494
                    ],
                    [
                        -77.008138,
                        -12.060492
                    ],
                    [
                        -77.00812,
                        -12.060491
                    ],
                    [
                        -77.008103,
                        -12.060489
                    ],
                    [
                        -77.008085,
                        -12.060488
                    ],
                    [
                        -77.008067,
                        -12.060487
                    ],
                    [
                        -77.008049,
                        -12.060486
                    ],
                    [
                        -77.008032,
                        -12.060485
                    ],
                    [
                        -77.008014,
                        -12.060484
                    ],
                    [
                        -77.007996,
                        -12.060483
                    ],
                    [
                        -77.007978,
                        -12.060483
                    ],
                    [
                        -77.007883,
                        -12.060481
                    ],
                    [
                        -77.007787,
                        -12.060483
                    ],
                    [
                        -77.007692,
                        -12.060488
                    ],
                    [
                        -77.007597,
                        -12.060496
                    ],
                    [
                        -77.007502,
                        -12.060508
                    ],
                    [
                        -77.007408,
                        -12.060522
                    ],
                    [
                        -77.007314,
                        -12.06054
                    ],
                    [
                        -77.007221,
                        -12.060561
                    ],
                    [
                        -77.007129,
                        -12.060585
                    ],
                    [
                        -77.007037,
                        -12.060613
                    ],
                    [
                        -77.006947,
                        -12.060643
                    ],
                    [
                        -77.006858,
                        -12.060677
                    ],
                    [
                        -77.00677,
                        -12.060713
                    ],
                    [
                        -77.006754,
                        -12.06072
                    ],
                    [
                        -77.006737,
                        -12.060728
                    ],
                    [
                        -77.006721,
                        -12.060735
                    ],
                    [
                        -77.006705,
                        -12.060742
                    ],
                    [
                        -77.006689,
                        -12.06075
                    ],
                    [
                        -77.006673,
                        -12.060757
                    ],
                    [
                        -77.006657,
                        -12.060765
                    ],
                    [
                        -77.006641,
                        -12.060773
                    ],
                    [
                        -77.006625,
                        -12.060781
                    ],
                    [
                        -77.00661,
                        -12.060789
                    ],
                    [
                        -77.006594,
                        -12.060797
                    ],
                    [
                        -77.006578,
                        -12.060805
                    ],
                    [
                        -77.006562,
                        -12.060813
                    ],
                    [
                        -77.006547,
                        -12.060821
                    ],
                    [
                        -77.006531,
                        -12.060829
                    ],
                    [
                        -77.006515,
                        -12.060837
                    ],
                    [
                        -77.0065,
                        -12.060845
                    ],
                    [
                        -77.006484,
                        -12.060854
                    ],
                    [
                        -77.006468,
                        -12.060862
                    ],
                    [
                        -77.006453,
                        -12.060871
                    ],
                    [
                        -77.006437,
                        -12.060879
                    ],
                    [
                        -77.006422,
                        -12.060887
                    ],
                    [
                        -77.006406,
                        -12.060896
                    ],
                    [
                        -77.006391,
                        -12.060904
                    ],
                    [
                        -77.006375,
                        -12.060913
                    ],
                    [
                        -77.00636,
                        -12.060922
                    ],
                    [
                        -77.006344,
                        -12.06093
                    ],
                    [
                        -77.006329,
                        -12.060939
                    ],
                    [
                        -77.006313,
                        -12.060947
                    ],
                    [
                        -77.006298,
                        -12.060956
                    ],
                    [
                        -77.004098,
                        -12.062177
                    ],
                    [
                        -77.004082,
                        -12.062185
                    ],
                    [
                        -77.004067,
                        -12.062194
                    ],
                    [
                        -77.004052,
                        -12.062203
                    ],
                    [
                        -77.004036,
                        -12.062211
                    ],
                    [
                        -77.004021,
                        -12.06222
                    ],
                    [
                        -77.004005,
                        -12.062228
                    ],
                    [
                        -77.00399,
                        -12.062237
                    ],
                    [
                        -77.003975,
                        -12.062245
                    ],
                    [
                        -77.003959,
                        -12.062253
                    ],
                    [
                        -77.003944,
                        -12.062262
                    ],
                    [
                        -77.003928,
                        -12.06227
                    ],
                    [
                        -77.003913,
                        -12.062279
                    ],
                    [
                        -77.003897,
                        -12.062287
                    ],
                    [
                        -77.003882,
                        -12.062295
                    ],
                    [
                        -77.003866,
                        -12.062304
                    ],
                    [
                        -77.003851,
                        -12.062312
                    ],
                    [
                        -77.003835,
                        -12.06232
                    ],
                    [
                        -77.00382,
                        -12.062328
                    ],
                    [
                        -77.003804,
                        -12.062336
                    ],
                    [
                        -77.003788,
                        -12.062344
                    ],
                    [
                        -77.003773,
                        -12.062352
                    ],
                    [
                        -77.003757,
                        -12.06236
                    ],
                    [
                        -77.003741,
                        -12.062368
                    ],
                    [
                        -77.003725,
                        -12.062376
                    ],
                    [
                        -77.00371,
                        -12.062384
                    ],
                    [
                        -77.003694,
                        -12.062392
                    ],
                    [
                        -77.003558,
                        -12.062454
                    ],
                    [
                        -77.003542,
                        -12.062462
                    ],
                    [
                        -77.003526,
                        -12.062469
                    ],
                    [
                        -77.003509,
                        -12.062476
                    ],
                    [
                        -77.003493,
                        -12.062482
                    ],
                    [
                        -77.003477,
                        -12.062489
                    ],
                    [
                        -77.003461,
                        -12.062496
                    ],
                    [
                        -77.003444,
                        -12.062503
                    ],
                    [
                        -77.003428,
                        -12.062509
                    ],
                    [
                        -77.003412,
                        -12.062516
                    ],
                    [
                        -77.003395,
                        -12.062523
                    ],
                    [
                        -77.003379,
                        -12.062529
                    ],
                    [
                        -77.003363,
                        -12.062536
                    ],
                    [
                        -77.003346,
                        -12.062542
                    ],
                    [
                        -77.00333,
                        -12.062549
                    ],
                    [
                        -77.003313,
                        -12.062555
                    ],
                    [
                        -77.003297,
                        -12.062561
                    ],
                    [
                        -77.003281,
                        -12.062568
                    ],
                    [
                        -77.003264,
                        -12.062574
                    ],
                    [
                        -77.003248,
                        -12.06258
                    ],
                    [
                        -77.003231,
                        -12.062587
                    ],
                    [
                        -77.003215,
                        -12.062593
                    ],
                    [
                        -77.003198,
                        -12.062599
                    ],
                    [
                        -77.003182,
                        -12.062605
                    ],
                    [
                        -77.003165,
                        -12.062612
                    ],
                    [
                        -77.003149,
                        -12.062618
                    ],
                    [
                        -77.003132,
                        -12.062624
                    ],
                    [
                        -77.002419,
                        -12.062893
                    ],
                    [
                        -77.002403,
                        -12.062899
                    ],
                    [
                        -77.002387,
                        -12.062905
                    ],
                    [
                        -77.002371,
                        -12.062911
                    ],
                    [
                        -77.002355,
                        -12.062917
                    ],
                    [
                        -77.002339,
                        -12.062923
                    ],
                    [
                        -77.002323,
                        -12.062929
                    ],
                    [
                        -77.002307,
                        -12.062935
                    ],
                    [
                        -77.002291,
                        -12.062941
                    ],
                    [
                        -77.002275,
                        -12.062947
                    ],
                    [
                        -77.002258,
                        -12.062953
                    ],
                    [
                        -77.002242,
                        -12.062959
                    ],
                    [
                        -77.002226,
                        -12.062965
                    ],
                    [
                        -77.00221,
                        -12.062971
                    ],
                    [
                        -77.002194,
                        -12.062977
                    ],
                    [
                        -77.002178,
                        -12.062983
                    ],
                    [
                        -77.002162,
                        -12.062989
                    ],
                    [
                        -77.001857,
                        -12.063092
                    ],
                    [
                        -77.00155,
                        -12.063186
                    ],
                    [
                        -77.001239,
                        -12.063268
                    ],
                    [
                        -77.000925,
                        -12.06334
                    ],
                    [
                        -77.000609,
                        -12.063401
                    ],
                    [
                        -77.000291,
                        -12.063451
                    ],
                    [
                        -76.999971,
                        -12.063489
                    ],
                    [
                        -76.999954,
                        -12.063491
                    ],
                    [
                        -76.999937,
                        -12.063493
                    ],
                    [
                        -76.99992,
                        -12.063495
                    ],
                    [
                        -76.999903,
                        -12.063496
                    ],
                    [
                        -76.999886,
                        -12.063498
                    ],
                    [
                        -76.999869,
                        -12.0635
                    ],
                    [
                        -76.999851,
                        -12.063501
                    ],
                    [
                        -76.999834,
                        -12.063503
                    ],
                    [
                        -76.999817,
                        -12.063504
                    ],
                    [
                        -76.9998,
                        -12.063506
                    ],
                    [
                        -76.999783,
                        -12.063508
                    ],
                    [
                        -76.999766,
                        -12.063509
                    ],
                    [
                        -76.999749,
                        -12.063511
                    ],
                    [
                        -76.999731,
                        -12.063512
                    ],
                    [
                        -76.999714,
                        -12.063514
                    ],
                    [
                        -76.999697,
                        -12.063515
                    ],
                    [
                        -76.996497,
                        -12.063801
                    ],
                    [
                        -76.995115,
                        -12.063914
                    ],
                    [
                        -76.989865,
                        -12.064304
                    ],
                    [
                        -76.989847,
                        -12.064306
                    ],
                    [
                        -76.989829,
                        -12.064307
                    ],
                    [
                        -76.989811,
                        -12.064308
                    ],
                    [
                        -76.989793,
                        -12.06431
                    ],
                    [
                        -76.989775,
                        -12.064311
                    ],
                    [
                        -76.989757,
                        -12.064312
                    ],
                    [
                        -76.989739,
                        -12.064313
                    ],
                    [
                        -76.989721,
                        -12.064315
                    ],
                    [
                        -76.989703,
                        -12.064316
                    ],
                    [
                        -76.989685,
                        -12.064317
                    ],
                    [
                        -76.989667,
                        -12.064318
                    ],
                    [
                        -76.989649,
                        -12.06432
                    ],
                    [
                        -76.989631,
                        -12.064321
                    ],
                    [
                        -76.989613,
                        -12.064322
                    ],
                    [
                        -76.989595,
                        -12.064323
                    ],
                    [
                        -76.989577,
                        -12.064324
                    ],
                    [
                        -76.989559,
                        -12.064325
                    ],
                    [
                        -76.989541,
                        -12.064326
                    ],
                    [
                        -76.989523,
                        -12.064327
                    ],
                    [
                        -76.989505,
                        -12.064328
                    ],
                    [
                        -76.989487,
                        -12.064329
                    ],
                    [
                        -76.98947,
                        -12.06433
                    ],
                    [
                        -76.989452,
                        -12.06433
                    ],
                    [
                        -76.989434,
                        -12.064331
                    ],
                    [
                        -76.989416,
                        -12.064332
                    ],
                    [
                        -76.989398,
                        -12.064332
                    ],
                    [
                        -76.98938,
                        -12.064333
                    ],
                    [
                        -76.989362,
                        -12.064333
                    ],
                    [
                        -76.989344,
                        -12.064334
                    ],
                    [
                        -76.989326,
                        -12.064334
                    ],
                    [
                        -76.989308,
                        -12.064335
                    ],
                    [
                        -76.98929,
                        -12.064335
                    ],
                    [
                        -76.989272,
                        -12.064335
                    ],
                    [
                        -76.989145,
                        -12.064334
                    ],
                    [
                        -76.989019,
                        -12.06433
                    ],
                    [
                        -76.988893,
                        -12.064322
                    ],
                    [
                        -76.988767,
                        -12.06431
                    ],
                    [
                        -76.988749,
                        -12.064308
                    ],
                    [
                        -76.988731,
                        -12.064306
                    ],
                    [
                        -76.988714,
                        -12.064304
                    ],
                    [
                        -76.988696,
                        -12.064302
                    ],
                    [
                        -76.988678,
                        -12.064299
                    ],
                    [
                        -76.98866,
                        -12.064297
                    ],
                    [
                        -76.988642,
                        -12.064295
                    ],
                    [
                        -76.988624,
                        -12.064292
                    ],
                    [
                        -76.988606,
                        -12.06429
                    ],
                    [
                        -76.988589,
                        -12.064287
                    ],
                    [
                        -76.988571,
                        -12.064285
                    ],
                    [
                        -76.988553,
                        -12.064282
                    ],
                    [
                        -76.988535,
                        -12.06428
                    ],
                    [
                        -76.988517,
                        -12.064277
                    ],
                    [
                        -76.9885,
                        -12.064274
                    ],
                    [
                        -76.988482,
                        -12.064271
                    ],
                    [
                        -76.988464,
                        -12.064268
                    ],
                    [
                        -76.988446,
                        -12.064266
                    ],
                    [
                        -76.988429,
                        -12.064263
                    ],
                    [
                        -76.988411,
                        -12.06426
                    ],
                    [
                        -76.988393,
                        -12.064257
                    ],
                    [
                        -76.988375,
                        -12.064254
                    ],
                    [
                        -76.988358,
                        -12.064251
                    ],
                    [
                        -76.98834,
                        -12.064248
                    ],
                    [
                        -76.988322,
                        -12.064245
                    ],
                    [
                        -76.988304,
                        -12.064242
                    ],
                    [
                        -76.988287,
                        -12.064239
                    ],
                    [
                        -76.988269,
                        -12.064236
                    ],
                    [
                        -76.988251,
                        -12.064233
                    ],
                    [
                        -76.988233,
                        -12.064229
                    ],
                    [
                        -76.988216,
                        -12.064226
                    ],
                    [
                        -76.988198,
                        -12.064223
                    ],
                    [
                        -76.98818,
                        -12.06422
                    ],
                    [
                        -76.982911,
                        -12.063294
                    ],
                    [
                        -76.982893,
                        -12.063291
                    ],
                    [
                        -76.982876,
                        -12.063288
                    ],
                    [
                        -76.982858,
                        -12.063285
                    ],
                    [
                        -76.98284,
                        -12.063282
                    ],
                    [
                        -76.982823,
                        -12.063279
                    ],
                    [
                        -76.982805,
                        -12.063275
                    ],
                    [
                        -76.982787,
                        -12.063272
                    ],
                    [
                        -76.98277,
                        -12.063269
                    ],
                    [
                        -76.982752,
                        -12.063266
                    ],
                    [
                        -76.982734,
                        -12.063263
                    ],
                    [
                        -76.982717,
                        -12.063259
                    ],
                    [
                        -76.982699,
                        -12.063256
                    ],
                    [
                        -76.982681,
                        -12.063253
                    ],
                    [
                        -76.982664,
                        -12.06325
                    ],
                    [
                        -76.982646,
                        -12.063246
                    ],
                    [
                        -76.982629,
                        -12.063243
                    ],
                    [
                        -76.982611,
                        -12.06324
                    ],
                    [
                        -76.982593,
                        -12.063236
                    ],
                    [
                        -76.982576,
                        -12.063233
                    ],
                    [
                        -76.982558,
                        -12.063229
                    ],
                    [
                        -76.98254,
                        -12.063226
                    ],
                    [
                        -76.982523,
                        -12.063222
                    ],
                    [
                        -76.982505,
                        -12.063219
                    ],
                    [
                        -76.982488,
                        -12.063215
                    ],
                    [
                        -76.98247,
                        -12.063211
                    ],
                    [
                        -76.982453,
                        -12.063208
                    ],
                    [
                        -76.982435,
                        -12.063204
                    ],
                    [
                        -76.982418,
                        -12.0632
                    ],
                    [
                        -76.9824,
                        -12.063196
                    ],
                    [
                        -76.982383,
                        -12.063192
                    ],
                    [
                        -76.982365,
                        -12.063188
                    ],
                    [
                        -76.982348,
                        -12.063184
                    ],
                    [
                        -76.98233,
                        -12.06318
                    ],
                    [
                        -76.982313,
                        -12.063176
                    ],
                    [
                        -76.982295,
                        -12.063171
                    ],
                    [
                        -76.982278,
                        -12.063167
                    ],
                    [
                        -76.982261,
                        -12.063163
                    ],
                    [
                        -76.982243,
                        -12.063158
                    ],
                    [
                        -76.982226,
                        -12.063153
                    ],
                    [
                        -76.982209,
                        -12.063149
                    ],
                    [
                        -76.982191,
                        -12.063144
                    ],
                    [
                        -76.982174,
                        -12.063139
                    ],
                    [
                        -76.982157,
                        -12.063134
                    ],
                    [
                        -76.98214,
                        -12.06313
                    ],
                    [
                        -76.982032,
                        -12.063096
                    ],
                    [
                        -76.981925,
                        -12.06306
                    ],
                    [
                        -76.981819,
                        -12.06302
                    ],
                    [
                        -76.981715,
                        -12.062977
                    ],
                    [
                        -76.981612,
                        -12.062931
                    ],
                    [
                        -76.981511,
                        -12.062881
                    ],
                    [
                        -76.981411,
                        -12.062828
                    ],
                    [
                        -76.981313,
                        -12.062773
                    ],
                    [
                        -76.981298,
                        -12.062764
                    ],
                    [
                        -76.981282,
                        -12.062754
                    ],
                    [
                        -76.981267,
                        -12.062745
                    ],
                    [
                        -76.981252,
                        -12.062736
                    ],
                    [
                        -76.981237,
                        -12.062726
                    ],
                    [
                        -76.981221,
                        -12.062717
                    ],
                    [
                        -76.981206,
                        -12.062707
                    ],
                    [
                        -76.981191,
                        -12.062698
                    ],
                    [
                        -76.981176,
                        -12.062688
                    ],
                    [
                        -76.981161,
                        -12.062678
                    ],
                    [
                        -76.981146,
                        -12.062669
                    ],
                    [
                        -76.981131,
                        -12.062659
                    ],
                    [
                        -76.981116,
                        -12.062649
                    ],
                    [
                        -76.981102,
                        -12.062639
                    ],
                    [
                        -76.981087,
                        -12.062629
                    ],
                    [
                        -76.981072,
                        -12.062619
                    ],
                    [
                        -76.981057,
                        -12.062609
                    ],
                    [
                        -76.981043,
                        -12.062599
                    ],
                    [
                        -76.981028,
                        -12.062589
                    ],
                    [
                        -76.981013,
                        -12.062578
                    ],
                    [
                        -76.980999,
                        -12.062568
                    ],
                    [
                        -76.980984,
                        -12.062558
                    ],
                    [
                        -76.980969,
                        -12.062548
                    ],
                    [
                        -76.980955,
                        -12.062537
                    ],
                    [
                        -76.98094,
                        -12.062527
                    ],
                    [
                        -76.980926,
                        -12.062517
                    ],
                    [
                        -76.980911,
                        -12.062506
                    ],
                    [
                        -76.980897,
                        -12.062496
                    ],
                    [
                        -76.980883,
                        -12.062485
                    ],
                    [
                        -76.980868,
                        -12.062475
                    ],
                    [
                        -76.980854,
                        -12.062464
                    ],
                    [
                        -76.980839,
                        -12.062453
                    ],
                    [
                        -76.980825,
                        -12.062443
                    ],
                    [
                        -76.980811,
                        -12.062432
                    ],
                    [
                        -76.980796,
                        -12.062422
                    ],
                    [
                        -76.980782,
                        -12.062411
                    ],
                    [
                        -76.980768,
                        -12.0624
                    ],
                    [
                        -76.980753,
                        -12.06239
                    ],
                    [
                        -76.980739,
                        -12.062379
                    ],
                    [
                        -76.980725,
                        -12.062368
                    ],
                    [
                        -76.98071,
                        -12.062358
                    ],
                    [
                        -76.980696,
                        -12.062347
                    ],
                    [
                        -76.980682,
                        -12.062336
                    ],
                    [
                        -76.980667,
                        -12.062326
                    ],
                    [
                        -76.979077,
                        -12.061136
                    ],
                    [
                        -76.979063,
                        -12.061125
                    ],
                    [
                        -76.979049,
                        -12.061115
                    ],
                    [
                        -76.979034,
                        -12.061104
                    ],
                    [
                        -76.97902,
                        -12.061093
                    ],
                    [
                        -76.979006,
                        -12.061083
                    ],
                    [
                        -76.978991,
                        -12.061072
                    ],
                    [
                        -76.978977,
                        -12.061061
                    ],
                    [
                        -76.978963,
                        -12.061051
                    ],
                    [
                        -76.978948,
                        -12.06104
                    ],
                    [
                        -76.978934,
                        -12.061029
                    ],
                    [
                        -76.97892,
                        -12.061019
                    ],
                    [
                        -76.978905,
                        -12.061008
                    ],
                    [
                        -76.978891,
                        -12.060998
                    ],
                    [
                        -76.978877,
                        -12.060987
                    ],
                    [
                        -76.978862,
                        -12.060977
                    ],
                    [
                        -76.978848,
                        -12.060966
                    ],
                    [
                        -76.978833,
                        -12.060956
                    ],
                    [
                        -76.978819,
                        -12.060945
                    ],
                    [
                        -76.978805,
                        -12.060935
                    ],
                    [
                        -76.97879,
                        -12.060925
                    ],
                    [
                        -76.978776,
                        -12.060914
                    ],
                    [
                        -76.978761,
                        -12.060904
                    ],
                    [
                        -76.978746,
                        -12.060894
                    ],
                    [
                        -76.97874,
                        -12.060889
                    ],
                    [
                        -76.978732,
                        -12.060883
                    ],
                    [
                        -76.978717,
                        -12.060873
                    ],
                    [
                        -76.978702,
                        -12.060863
                    ],
                    [
                        -76.978688,
                        -12.060853
                    ],
                    [
                        -76.978673,
                        -12.060843
                    ],
                    [
                        -76.978658,
                        -12.060833
                    ],
                    [
                        -76.978643,
                        -12.060823
                    ],
                    [
                        -76.978629,
                        -12.060813
                    ],
                    [
                        -76.978614,
                        -12.060803
                    ],
                    [
                        -76.978599,
                        -12.060793
                    ],
                    [
                        -76.978584,
                        -12.060784
                    ],
                    [
                        -76.978472,
                        -12.060713
                    ],
                    [
                        -76.978358,
                        -12.060646
                    ],
                    [
                        -76.978242,
                        -12.060582
                    ],
                    [
                        -76.978125,
                        -12.060521
                    ],
                    [
                        -76.978109,
                        -12.060513
                    ],
                    [
                        -76.978093,
                        -12.060506
                    ],
                    [
                        -76.978076,
                        -12.060498
                    ],
                    [
                        -76.97806,
                        -12.06049
                    ],
                    [
                        -76.978044,
                        -12.060482
                    ],
                    [
                        -76.978028,
                        -12.060475
                    ],
                    [
                        -76.978012,
                        -12.060467
                    ],
                    [
                        -76.977996,
                        -12.06046
                    ],
                    [
                        -76.977979,
                        -12.060452
                    ],
                    [
                        -76.977963,
                        -12.060445
                    ],
                    [
                        -76.977947,
                        -12.060437
                    ],
                    [
                        -76.977931,
                        -12.06043
                    ],
                    [
                        -76.977914,
                        -12.060422
                    ],
                    [
                        -76.977898,
                        -12.060415
                    ],
                    [
                        -76.977882,
                        -12.060408
                    ],
                    [
                        -76.977865,
                        -12.060401
                    ],
                    [
                        -76.977849,
                        -12.060394
                    ],
                    [
                        -76.977833,
                        -12.060386
                    ],
                    [
                        -76.977816,
                        -12.060379
                    ],
                    [
                        -76.9778,
                        -12.060372
                    ],
                    [
                        -76.977783,
                        -12.060365
                    ],
                    [
                        -76.977767,
                        -12.060358
                    ],
                    [
                        -76.97775,
                        -12.060351
                    ],
                    [
                        -76.977734,
                        -12.060344
                    ],
                    [
                        -76.977718,
                        -12.060337
                    ],
                    [
                        -76.977701,
                        -12.06033
                    ],
                    [
                        -76.977685,
                        -12.060323
                    ],
                    [
                        -76.977668,
                        -12.060316
                    ],
                    [
                        -76.977652,
                        -12.060309
                    ],
                    [
                        -76.977635,
                        -12.060302
                    ],
                    [
                        -76.977619,
                        -12.060296
                    ],
                    [
                        -76.977602,
                        -12.060289
                    ],
                    [
                        -76.977586,
                        -12.060282
                    ],
                    [
                        -76.977569,
                        -12.060275
                    ],
                    [
                        -76.977333,
                        -12.060176
                    ],
                    [
                        -76.977317,
                        -12.060169
                    ],
                    [
                        -76.9773,
                        -12.060163
                    ],
                    [
                        -76.977284,
                        -12.060156
                    ],
                    [
                        -76.977268,
                        -12.060149
                    ],
                    [
                        -76.977252,
                        -12.060142
                    ],
                    [
                        -76.977235,
                        -12.060135
                    ],
                    [
                        -76.977219,
                        -12.060129
                    ],
                    [
                        -76.977203,
                        -12.060122
                    ],
                    [
                        -76.977187,
                        -12.060115
                    ],
                    [
                        -76.97717,
                        -12.060108
                    ],
                    [
                        -76.977154,
                        -12.060101
                    ],
                    [
                        -76.977138,
                        -12.060094
                    ],
                    [
                        -76.977122,
                        -12.060088
                    ],
                    [
                        -76.9764,
                        -12.059769
                    ],
                    [
                        -76.976384,
                        -12.059762
                    ],
                    [
                        -76.976368,
                        -12.059754
                    ],
                    [
                        -76.976352,
                        -12.059747
                    ],
                    [
                        -76.976336,
                        -12.059739
                    ],
                    [
                        -76.97632,
                        -12.059732
                    ],
                    [
                        -76.976304,
                        -12.059725
                    ],
                    [
                        -76.976288,
                        -12.059717
                    ],
                    [
                        -76.976272,
                        -12.05971
                    ],
                    [
                        -76.976256,
                        -12.059702
                    ],
                    [
                        -76.97624,
                        -12.059695
                    ],
                    [
                        -76.976224,
                        -12.059687
                    ],
                    [
                        -76.976208,
                        -12.05968
                    ],
                    [
                        -76.976192,
                        -12.059673
                    ],
                    [
                        -76.972856,
                        -12.058119
                    ],
                    [
                        -76.97284,
                        -12.058112
                    ],
                    [
                        -76.972824,
                        -12.058104
                    ],
                    [
                        -76.972808,
                        -12.058097
                    ],
                    [
                        -76.972792,
                        -12.058089
                    ],
                    [
                        -76.972776,
                        -12.058082
                    ],
                    [
                        -76.97276,
                        -12.058075
                    ],
                    [
                        -76.972744,
                        -12.058067
                    ],
                    [
                        -76.972729,
                        -12.05806
                    ],
                    [
                        -76.972713,
                        -12.058052
                    ],
                    [
                        -76.972697,
                        -12.058045
                    ],
                    [
                        -76.972681,
                        -12.058038
                    ],
                    [
                        -76.972665,
                        -12.05803
                    ],
                    [
                        -76.972649,
                        -12.058023
                    ],
                    [
                        -76.972187,
                        -12.057819
                    ],
                    [
                        -76.97172,
                        -12.057628
                    ],
                    [
                        -76.971703,
                        -12.057621
                    ],
                    [
                        -76.971687,
                        -12.057615
                    ],
                    [
                        -76.971671,
                        -12.057608
                    ],
                    [
                        -76.971654,
                        -12.057602
                    ],
                    [
                        -76.971638,
                        -12.057596
                    ],
                    [
                        -76.971621,
                        -12.057589
                    ],
                    [
                        -76.971605,
                        -12.057583
                    ],
                    [
                        -76.971588,
                        -12.057576
                    ],
                    [
                        -76.971572,
                        -12.05757
                    ],
                    [
                        -76.971556,
                        -12.057564
                    ],
                    [
                        -76.971539,
                        -12.057557
                    ],
                    [
                        -76.971523,
                        -12.057551
                    ],
                    [
                        -76.971506,
                        -12.057545
                    ],
                    [
                        -76.969664,
                        -12.056832
                    ],
                    [
                        -76.96965,
                        -12.056827
                    ],
                    [
                        -76.969636,
                        -12.056821
                    ],
                    [
                        -76.969621,
                        -12.056816
                    ],
                    [
                        -76.969607,
                        -12.05681
                    ],
                    [
                        -76.969593,
                        -12.056805
                    ],
                    [
                        -76.969579,
                        -12.056799
                    ],
                    [
                        -76.968051,
                        -12.056175
                    ],
                    [
                        -76.968037,
                        -12.056169
                    ],
                    [
                        -76.968023,
                        -12.056163
                    ],
                    [
                        -76.968009,
                        -12.056157
                    ],
                    [
                        -76.967995,
                        -12.056151
                    ],
                    [
                        -76.967981,
                        -12.056145
                    ],
                    [
                        -76.967966,
                        -12.056139
                    ],
                    [
                        -76.962579,
                        -12.053819
                    ],
                    [
                        -76.962108,
                        -12.053615
                    ],
                    [
                        -76.959809,
                        -12.05261
                    ],
                    [
                        -76.958995,
                        -12.052259
                    ],
                    [
                        -76.954433,
                        -12.050316
                    ],
                    [
                        -76.954419,
                        -12.05031
                    ],
                    [
                        -76.954405,
                        -12.050304
                    ],
                    [
                        -76.954391,
                        -12.050298
                    ],
                    [
                        -76.954377,
                        -12.050292
                    ],
                    [
                        -76.954363,
                        -12.050286
                    ],
                    [
                        -76.954349,
                        -12.05028
                    ],
                    [
                        -76.953472,
                        -12.049918
                    ],
                    [
                        -76.952587,
                        -12.049574
                    ],
                    [
                        -76.952573,
                        -12.049569
                    ],
                    [
                        -76.952559,
                        -12.049564
                    ],
                    [
                        -76.952545,
                        -12.049558
                    ],
                    [
                        -76.95253,
                        -12.049553
                    ],
                    [
                        -76.952516,
                        -12.049547
                    ],
                    [
                        -76.952502,
                        -12.049542
                    ],
                    [
                        -76.950329,
                        -12.048725
                    ],
                    [
                        -76.948896,
                        -12.048173
                    ],
                    [
                        -76.937613,
                        -12.043715
                    ],
                    [
                        -76.937597,
                        -12.043708
                    ],
                    [
                        -76.93758,
                        -12.043702
                    ],
                    [
                        -76.937563,
                        -12.043695
                    ],
                    [
                        -76.937546,
                        -12.043688
                    ],
                    [
                        -76.93753,
                        -12.043682
                    ],
                    [
                        -76.937513,
                        -12.043675
                    ],
                    [
                        -76.937496,
                        -12.043669
                    ],
                    [
                        -76.937479,
                        -12.043662
                    ],
                    [
                        -76.937463,
                        -12.043655
                    ],
                    [
                        -76.937446,
                        -12.043648
                    ],
                    [
                        -76.937429,
                        -12.043642
                    ],
                    [
                        -76.937413,
                        -12.043635
                    ],
                    [
                        -76.937396,
                        -12.043628
                    ],
                    [
                        -76.937379,
                        -12.043621
                    ],
                    [
                        -76.937363,
                        -12.043615
                    ],
                    [
                        -76.937346,
                        -12.043608
                    ],
                    [
                        -76.937329,
                        -12.043601
                    ],
                    [
                        -76.937313,
                        -12.043594
                    ],
                    [
                        -76.937296,
                        -12.043587
                    ],
                    [
                        -76.93728,
                        -12.04358
                    ],
                    [
                        -76.937263,
                        -12.043573
                    ],
                    [
                        -76.937247,
                        -12.043566
                    ],
                    [
                        -76.93723,
                        -12.043559
                    ],
                    [
                        -76.937214,
                        -12.043551
                    ],
                    [
                        -76.937197,
                        -12.043544
                    ],
                    [
                        -76.937181,
                        -12.043537
                    ],
                    [
                        -76.937164,
                        -12.04353
                    ],
                    [
                        -76.937148,
                        -12.043522
                    ],
                    [
                        -76.93699,
                        -12.043448
                    ],
                    [
                        -76.936835,
                        -12.043368
                    ],
                    [
                        -76.936683,
                        -12.043283
                    ],
                    [
                        -76.936535,
                        -12.043193
                    ],
                    [
                        -76.936389,
                        -12.043099
                    ],
                    [
                        -76.936246,
                        -12.042999
                    ],
                    [
                        -76.936107,
                        -12.042895
                    ],
                    [
                        -76.935972,
                        -12.042786
                    ],
                    [
                        -76.935841,
                        -12.042672
                    ],
                    [
                        -76.935713,
                        -12.042555
                    ],
                    [
                        -76.93559,
                        -12.042433
                    ],
                    [
                        -76.935578,
                        -12.04242
                    ],
                    [
                        -76.935565,
                        -12.042407
                    ],
                    [
                        -76.935553,
                        -12.042394
                    ],
                    [
                        -76.93554,
                        -12.042381
                    ],
                    [
                        -76.935528,
                        -12.042368
                    ],
                    [
                        -76.935516,
                        -12.042355
                    ],
                    [
                        -76.935504,
                        -12.042342
                    ],
                    [
                        -76.935491,
                        -12.042329
                    ],
                    [
                        -76.935479,
                        -12.042316
                    ],
                    [
                        -76.935467,
                        -12.042303
                    ],
                    [
                        -76.935455,
                        -12.04229
                    ],
                    [
                        -76.935443,
                        -12.042277
                    ],
                    [
                        -76.935431,
                        -12.042263
                    ],
                    [
                        -76.935419,
                        -12.04225
                    ],
                    [
                        -76.935407,
                        -12.042237
                    ],
                    [
                        -76.935395,
                        -12.042224
                    ],
                    [
                        -76.935383,
                        -12.04221
                    ],
                    [
                        -76.935371,
                        -12.042197
                    ],
                    [
                        -76.935359,
                        -12.042184
                    ],
                    [
                        -76.935347,
                        -12.04217
                    ],
                    [
                        -76.935335,
                        -12.042157
                    ],
                    [
                        -76.935323,
                        -12.042144
                    ],
                    [
                        -76.935311,
                        -12.04213
                    ],
                    [
                        -76.935299,
                        -12.042117
                    ],
                    [
                        -76.935288,
                        -12.042104
                    ],
                    [
                        -76.935276,
                        -12.04209
                    ],
                    [
                        -76.935264,
                        -12.042077
                    ],
                    [
                        -76.935252,
                        -12.042064
                    ],
                    [
                        -76.935122,
                        -12.041917
                    ],
                    [
                        -76.934741,
                        -12.041486
                    ],
                    [
                        -76.934729,
                        -12.041473
                    ],
                    [
                        -76.934717,
                        -12.04146
                    ],
                    [
                        -76.934706,
                        -12.041447
                    ],
                    [
                        -76.934694,
                        -12.041434
                    ],
                    [
                        -76.934683,
                        -12.041421
                    ],
                    [
                        -76.934671,
                        -12.041408
                    ],
                    [
                        -76.934659,
                        -12.041395
                    ],
                    [
                        -76.934648,
                        -12.041381
                    ],
                    [
                        -76.934636,
                        -12.041368
                    ],
                    [
                        -76.934625,
                        -12.041355
                    ],
                    [
                        -76.934613,
                        -12.041342
                    ],
                    [
                        -76.934602,
                        -12.041329
                    ],
                    [
                        -76.93459,
                        -12.041316
                    ],
                    [
                        -76.934433,
                        -12.041135
                    ],
                    [
                        -76.934422,
                        -12.041121
                    ],
                    [
                        -76.93441,
                        -12.041108
                    ],
                    [
                        -76.934399,
                        -12.041095
                    ],
                    [
                        -76.934388,
                        -12.041082
                    ],
                    [
                        -76.934376,
                        -12.041068
                    ],
                    [
                        -76.934365,
                        -12.041055
                    ],
                    [
                        -76.934354,
                        -12.041042
                    ],
                    [
                        -76.934342,
                        -12.041028
                    ],
                    [
                        -76.934331,
                        -12.041015
                    ],
                    [
                        -76.934319,
                        -12.041002
                    ],
                    [
                        -76.934308,
                        -12.040988
                    ],
                    [
                        -76.934297,
                        -12.040975
                    ],
                    [
                        -76.934286,
                        -12.040962
                    ],
                    [
                        -76.930799,
                        -12.036859
                    ],
                    [
                        -76.930541,
                        -12.036555
                    ],
                    [
                        -76.930268,
                        -12.036235
                    ],
                    [
                        -76.928585,
                        -12.034272
                    ],
                    [
                        -76.9284,
                        -12.034056
                    ],
                    [
                        -76.924892,
                        -12.029939
                    ],
                    [
                        -76.92427,
                        -12.02921
                    ],
                    [
                        -76.924259,
                        -12.029196
                    ],
                    [
                        -76.924247,
                        -12.029183
                    ],
                    [
                        -76.924236,
                        -12.029169
                    ],
                    [
                        -76.924224,
                        -12.029156
                    ],
                    [
                        -76.924212,
                        -12.029142
                    ],
                    [
                        -76.924201,
                        -12.029128
                    ],
                    [
                        -76.924189,
                        -12.029115
                    ],
                    [
                        -76.924178,
                        -12.029101
                    ],
                    [
                        -76.924166,
                        -12.029088
                    ],
                    [
                        -76.924154,
                        -12.029074
                    ],
                    [
                        -76.924143,
                        -12.029061
                    ],
                    [
                        -76.924131,
                        -12.029047
                    ],
                    [
                        -76.924119,
                        -12.029034
                    ],
                    [
                        -76.924108,
                        -12.02902
                    ],
                    [
                        -76.924096,
                        -12.029007
                    ],
                    [
                        -76.924084,
                        -12.028993
                    ],
                    [
                        -76.924072,
                        -12.02898
                    ],
                    [
                        -76.924061,
                        -12.028966
                    ],
                    [
                        -76.924049,
                        -12.028953
                    ],
                    [
                        -76.924037,
                        -12.02894
                    ],
                    [
                        -76.924025,
                        -12.028926
                    ],
                    [
                        -76.924013,
                        -12.028913
                    ],
                    [
                        -76.923837,
                        -12.028722
                    ],
                    [
                        -76.923654,
                        -12.028536
                    ],
                    [
                        -76.923465,
                        -12.028356
                    ],
                    [
                        -76.923271,
                        -12.028183
                    ],
                    [
                        -76.923257,
                        -12.028171
                    ],
                    [
                        -76.923244,
                        -12.028159
                    ],
                    [
                        -76.92323,
                        -12.028148
                    ],
                    [
                        -76.923217,
                        -12.028136
                    ],
                    [
                        -76.923203,
                        -12.028124
                    ],
                    [
                        -76.923189,
                        -12.028113
                    ],
                    [
                        -76.923176,
                        -12.028101
                    ],
                    [
                        -76.923162,
                        -12.02809
                    ],
                    [
                        -76.923148,
                        -12.028078
                    ],
                    [
                        -76.923135,
                        -12.028067
                    ],
                    [
                        -76.923121,
                        -12.028055
                    ],
                    [
                        -76.923107,
                        -12.028044
                    ],
                    [
                        -76.923093,
                        -12.028032
                    ],
                    [
                        -76.92308,
                        -12.028021
                    ],
                    [
                        -76.923066,
                        -12.028009
                    ],
                    [
                        -76.923052,
                        -12.027998
                    ],
                    [
                        -76.923038,
                        -12.027987
                    ],
                    [
                        -76.923025,
                        -12.027975
                    ],
                    [
                        -76.923011,
                        -12.027964
                    ],
                    [
                        -76.922997,
                        -12.027952
                    ],
                    [
                        -76.922983,
                        -12.027941
                    ],
                    [
                        -76.922969,
                        -12.02793
                    ],
                    [
                        -76.921859,
                        -12.027013
                    ],
                    [
                        -76.921846,
                        -12.027002
                    ],
                    [
                        -76.921832,
                        -12.026991
                    ],
                    [
                        -76.921819,
                        -12.02698
                    ],
                    [
                        -76.921805,
                        -12.026969
                    ],
                    [
                        -76.921792,
                        -12.026958
                    ],
                    [
                        -76.921778,
                        -12.026946
                    ],
                    [
                        -76.921765,
                        -12.026935
                    ],
                    [
                        -76.921751,
                        -12.026924
                    ],
                    [
                        -76.921737,
                        -12.026913
                    ],
                    [
                        -76.921724,
                        -12.026902
                    ],
                    [
                        -76.92171,
                        -12.026891
                    ],
                    [
                        -76.921696,
                        -12.02688
                    ],
                    [
                        -76.921683,
                        -12.026869
                    ],
                    [
                        -76.921669,
                        -12.026858
                    ],
                    [
                        -76.921655,
                        -12.026847
                    ],
                    [
                        -76.921641,
                        -12.026837
                    ],
                    [
                        -76.921628,
                        -12.026826
                    ],
                    [
                        -76.921614,
                        -12.026815
                    ],
                    [
                        -76.9216,
                        -12.026804
                    ],
                    [
                        -76.921482,
                        -12.026717
                    ],
                    [
                        -76.921362,
                        -12.026634
                    ],
                    [
                        -76.921239,
                        -12.026555
                    ],
                    [
                        -76.921114,
                        -12.026479
                    ],
                    [
                        -76.920986,
                        -12.026407
                    ],
                    [
                        -76.920856,
                        -12.02634
                    ],
                    [
                        -76.920724,
                        -12.026277
                    ],
                    [
                        -76.92059,
                        -12.026217
                    ],
                    [
                        -76.920454,
                        -12.026163
                    ],
                    [
                        -76.920437,
                        -12.026156
                    ],
                    [
                        -76.920421,
                        -12.02615
                    ],
                    [
                        -76.920404,
                        -12.026144
                    ],
                    [
                        -76.920388,
                        -12.026138
                    ],
                    [
                        -76.920371,
                        -12.026132
                    ],
                    [
                        -76.920355,
                        -12.026126
                    ],
                    [
                        -76.920338,
                        -12.02612
                    ],
                    [
                        -76.920321,
                        -12.026114
                    ],
                    [
                        -76.920305,
                        -12.026108
                    ],
                    [
                        -76.920288,
                        -12.026102
                    ],
                    [
                        -76.920272,
                        -12.026096
                    ],
                    [
                        -76.920255,
                        -12.02609
                    ],
                    [
                        -76.920238,
                        -12.026084
                    ],
                    [
                        -76.920222,
                        -12.026079
                    ],
                    [
                        -76.920205,
                        -12.026073
                    ],
                    [
                        -76.920189,
                        -12.026067
                    ],
                    [
                        -76.920172,
                        -12.026061
                    ],
                    [
                        -76.920155,
                        -12.026056
                    ],
                    [
                        -76.920139,
                        -12.02605
                    ],
                    [
                        -76.915853,
                        -12.024574
                    ]
                ]
            },
            "properties": {
                "LINEA": 2
            },
            "bbox": [
                -77.140544,
                -12.064335,
                -76.915853,
                -12.024574
            ]
        }
    ]
}